id,category,value,text_data
3,C,1602,x
6,C,1165,x
7,D,1364,x
8,C,1170,x
11,D,1398,x
13,C,1439,x
14,D,1309,x
15,B,1368,x
16,B,1224,x
17,C,1177,x
19,A,1239,x
24,A,1136,x
25,D,1866,x
26,D,1023,x
27,B,1451,x
33,B,1074,x
36,A,1534,x
38,C,1377,x
40,C,1623,x
45,D,1827,x
47,D,1511,x
48,D,1944,x
49,D,1280,x
50,D,1644,x
51,D,1941,x
53,D,1218,x
59,C,1277,x
62,D,1877,x
64,D,1652,x
66,D,1370,x
67,D,1986,x
68,C,1255,x
69,C,1687,x
73,A,1760,x
76,A,1348,x
78,B,1530,x
79,C,1797,x
82,A,1974,x
83,C,1047,x
84,C,1836,x
89,B,1992,x
90,B,1437,x
91,A,1830,x
92,B,1223,x
95,C,1985,x
97,A,1086,x
108,B,1109,x
110,D,1549,x
111,A,1791,x
112,C,1427,x
116,C,1589,x
117,D,1564,x
118,A,1654,x
121,C,1058,x
123,D,1622,x
128,A,1023,x
130,D,1990,x
133,A,1159,x
139,A,1803,x
140,B,1149,x
141,D,1224,x
143,C,1941,x
144,B,1455,x
148,D,1898,x
150,B,1303,x
151,D,1527,x
153,D,1597,x
155,C,1609,x
157,B,1492,x
159,D,1861,x
160,B,1606,x
161,D,1229,x
162,C,1009,x
165,A,1775,x
166,B,1493,x
169,C,1891,x
174,B,1391,x
175,C,1994,x
176,A,1887,x
177,A,1936,x
179,A,1719,x
183,B,1895,x
184,A,1419,x
190,B,1206,x
191,D,1446,x
193,C,1038,x
196,D,1147,x
197,A,1580,x
198,C,1951,x
201,B,1576,x
202,D,1765,x
204,C,1047,x
207,D,1978,x
211,B,1393,x
212,C,1787,x
214,A,1304,x
215,C,1322,x
216,C,1074,x
217,A,1725,x
220,A,1081,x
222,A,1401,x
224,B,1721,x
225,C,1997,x
227,A,1743,x
228,B,1664,x
229,D,1396,x
235,D,1307,x
237,A,1324,x
241,C,1049,x
243,B,1386,x
244,C,1898,x
246,C,1496,x
251,D,1115,x
252,C,1544,x
255,A,1752,x
256,C,1554,x
259,B,1693,x
260,D,1821,x
261,B,1606,x
266,D,1866,x
268,C,1695,x
271,D,1808,x
272,C,1777,x
274,B,1682,x
278,B,1643,x
282,B,1414,x
285,C,1693,x
293,A,1094,x
295,A,1270,x
297,B,1568,x
300,A,1983,x
301,C,1819,x
303,C,1569,x
305,C,1954,x
306,B,1672,x
307,D,1695,x
308,B,1115,x
309,C,1927,x
310,A,1617,x
311,A,1903,x
313,B,1167,x
314,B,1999,x
315,B,1505,x
316,D,1860,x
317,C,1233,x
318,A,1714,x
319,C,1767,x
320,D,1879,x
322,C,1442,x
325,C,1385,x
329,A,1316,x
331,A,1593,x
334,A,1159,x
336,C,1228,x
337,B,1219,x
341,A,1376,x
342,A,1558,x
344,D,1429,x
345,A,1542,x
347,B,1224,x
349,D,1591,x
350,C,1079,x
352,B,1199,x
354,C,1401,x
355,C,1683,x
356,A,1208,x
357,A,1780,x
358,D,1932,x
361,D,1690,x
367,A,1668,x
368,A,1419,x
369,C,1665,x
371,B,1986,x
373,A,1861,x
374,A,1458,x
380,A,1067,x
381,B,1090,x
382,B,1001,x
384,D,1080,x
385,D,1898,x
386,D,1695,x
387,A,1347,x
388,B,1406,x
390,C,1029,x
391,C,1214,x
395,C,1991,x
396,D,1575,x
399,A,1662,x
405,A,1962,x
406,D,1885,x
407,C,1451,x
410,C,1426,x
415,B,1048,x
417,D,1159,x
421,A,1237,x
423,A,1161,x
424,A,1347,x
427,C,1770,x
428,C,1019,x
429,C,1620,x
430,D,1555,x
431,D,1762,x
432,A,1210,x
434,C,1934,x
436,A,1098,x
438,B,1427,x
439,B,1940,x
440,C,1178,x
441,B,1058,x
449,A,1202,x
450,D,1378,x
451,B,1949,x
452,A,1976,x
453,B,1257,x
454,B,1124,x
456,D,1780,x
458,A,1049,x
459,A,1227,x
463,A,1339,x
464,A,1076,x
465,A,1750,x
471,A,1842,x
472,C,1380,x
474,C,1075,x
475,B,1923,x
478,A,1924,x
479,D,1147,x
480,A,1909,x
482,D,1587,x
484,C,1405,x
488,A,1302,x
489,C,1844,x
490,C,1485,x
492,A,1694,x
493,C,1509,x
496,A,1774,x
497,D,1906,x
500,C,1186,x
506,A,1846,x
507,D,1598,x
509,A,1971,x
510,C,1361,x
512,D,1114,x
513,D,1051,x
514,C,1933,x
516,A,1169,x
517,B,1851,x
518,B,1639,x
519,C,1763,x
521,D,1690,x
522,A,1505,x
523,C,1262,x
524,B,1555,x
525,C,1029,x
527,C,1624,x
528,B,1633,x
531,B,1545,x
536,B,1815,x
538,A,1159,x
541,B,1691,x
542,C,1472,x
544,C,1190,x
546,A,1951,x
548,C,1457,x
550,A,1983,x
551,C,1219,x
554,A,1010,x
555,A,1265,x
558,D,1974,x
559,B,1135,x
561,B,1475,x
562,C,1897,x
564,C,1196,x
569,C,1226,x
571,D,1795,x
575,C,1903,x
576,B,1407,x
577,A,1617,x
578,B,1120,x
579,D,1378,x
580,A,1638,x
586,B,1557,x
587,D,1938,x
588,B,1080,x
589,B,1518,x
591,B,1804,x
592,C,1072,x
594,A,1445,x
596,C,1469,x
600,C,1668,x
601,B,1267,x
604,D,1927,x
606,B,1630,x
607,D,1383,x
608,B,1691,x
609,C,1343,x
610,D,1743,x
613,D,1970,x
619,A,1445,x
623,D,1290,x
629,A,1421,x
630,B,1760,x
632,D,1597,x
633,D,1414,x
634,D,1581,x
635,D,1997,x
636,C,1451,x
639,A,1419,x
640,B,1642,x
641,B,1332,x
646,D,1153,x
649,D,1493,x
650,A,1735,x
651,C,1627,x
652,D,1471,x
653,C,1382,x
655,C,1664,x
660,D,1284,x
663,A,1936,x
664,A,1624,x
665,A,1693,x
666,B,1135,x
668,D,1764,x
669,D,1943,x
670,C,1646,x
672,B,1460,x
675,C,1920,x
677,A,1070,x
679,C,1061,x
683,C,1955,x
689,B,1836,x
690,D,1105,x
691,C,1095,x
692,C,1954,x
693,C,1850,x
694,B,1529,x
695,D,1431,x
700,D,1029,x
701,C,1900,x
702,B,1760,x
705,A,1455,x
706,C,1918,x
708,B,1261,x
709,A,1932,x
711,B,1250,x
712,D,1089,x
713,B,1194,x
714,C,1182,x
715,C,1878,x
716,A,1010,x
718,D,1833,x
720,C,1339,x
725,D,1457,x
728,C,1069,x
732,A,1232,x
734,D,1386,x
736,B,1099,x
737,D,1160,x
738,A,1808,x
739,B,1042,x
741,C,1428,x
744,A,1420,x
746,B,1898,x
749,B,1804,x
752,C,1195,x
754,C,1094,x
755,C,1143,x
757,D,1394,x
758,A,1911,x
761,C,1847,x
762,C,1074,x
764,D,1579,x
773,B,1118,x
776,B,1102,x
777,C,1927,x
779,B,1943,x
783,C,1788,x
784,C,1521,x
786,A,1520,x
788,A,1740,x
791,A,1769,x
792,D,1465,x
796,A,1384,x
802,C,1671,x
804,A,1143,x
805,A,1999,x
806,B,1901,x
807,B,1405,x
808,D,1910,x
809,B,1089,x
811,C,1128,x
813,D,1442,x
817,A,1457,x
820,C,1434,x
824,A,1322,x
825,B,1951,x
826,C,1364,x
827,C,1506,x
828,A,1862,x
831,B,1614,x
834,A,1401,x
836,A,1840,x
837,D,1320,x
838,C,1118,x
840,A,1728,x
843,C,1573,x
845,B,1734,x
846,B,1685,x
849,C,1516,x
851,B,1212,x
853,B,1852,x
854,B,1366,x
857,D,1368,x
859,A,1174,x
860,D,1656,x
861,C,1492,x
863,A,1410,x
864,B,1441,x
865,A,1271,x
871,B,1712,x
872,C,1330,x
873,A,1480,x
875,D,1855,x
877,B,1845,x
879,D,1641,x
887,B,1620,x
888,A,1759,x
891,A,1709,x
893,C,1702,x
894,C,1697,x
895,B,1048,x
896,B,1884,x
897,B,1389,x
898,B,1593,x
900,D,1579,x
901,A,1697,x
902,A,1046,x
904,D,1504,x
905,B,1818,x
906,B,1508,x
908,A,1889,x
914,B,1012,x
919,C,1201,x
921,A,1521,x
922,C,1897,x
924,B,1932,x
926,B,1983,x
927,B,1044,x
928,A,1695,x
929,A,1908,x
930,B,1769,x
931,A,1087,x
932,B,1138,x
937,D,1073,x
938,A,1411,x
939,C,1373,x
942,D,1470,x
944,A,1368,x
945,B,1406,x
948,A,1697,x
953,D,1247,x
956,A,1732,x
957,B,1473,x
958,A,1721,x
960,B,1419,x
962,C,1731,x
966,A,1189,x
968,C,1493,x
970,C,1545,x
974,B,1064,x
975,D,1105,x
982,A,1538,x
983,D,1219,x
984,A,1874,x
986,A,1145,x
988,B,1114,x
989,B,1003,x
990,C,1565,x
991,A,1338,x
992,D,1036,x
993,D,1450,x
994,A,1845,x
995,C,1696,x
1000,D,1369,x
1001,D,1690,x
1002,D,1411,x
1005,D,1394,x
1007,D,1933,x
1008,D,1231,x
1010,D,1843,x
1013,B,1084,x
1014,D,1125,x
1015,D,1754,x
1018,B,1586,x
1019,A,1207,x
1021,B,1660,x
1023,A,1421,x
1030,C,1470,x
1031,A,1224,x
1032,B,1858,x
1033,A,1501,x
1034,A,1672,x
1035,A,1861,x
1037,D,1553,x
1038,B,1942,x
1040,B,1971,x
1042,C,1653,x
1044,B,1579,x
1046,D,1319,x
1048,A,1767,x
1050,B,1462,x
1051,B,1382,x
1052,C,1229,x
1053,D,1158,x
1056,A,1358,x
1059,B,1049,x
1061,C,1614,x
1063,D,1347,x
1064,D,1638,x
1066,D,1846,x
1070,A,1111,x
1072,A,1748,x
1073,D,1906,x
1074,C,1509,x
1077,B,1393,x
1078,D,1903,x
1080,D,1507,x
1081,B,1971,x
1082,C,1365,x
1083,A,1271,x
1086,D,1922,x
1088,A,1001,x
1089,D,1030,x
1092,A,1993,x
1094,B,1025,x
1095,C,1204,x
1098,B,1486,x
1099,A,1504,x
1100,A,1039,x
1102,A,1525,x
1103,D,1184,x
1104,C,1211,x
1110,D,1373,x
1115,C,1645,x
1117,B,1836,x
1120,B,1320,x
1121,A,1100,x
1127,A,1352,x
1128,B,1238,x
1129,A,1005,x
1132,C,1578,x
1133,A,1549,x
1134,D,1317,x
1135,A,1528,x
1136,B,1134,x
1138,B,1399,x
1139,D,1279,x
1140,D,1612,x
1143,D,1156,x
1145,D,1339,x
1147,D,1633,x
1148,C,1278,x
1150,B,1305,x
1151,B,1777,x
1152,D,1940,x
1153,C,1074,x
1156,A,1117,x
1158,A,1249,x
1159,A,1226,x
1161,B,1268,x
1164,D,1790,x
1165,C,1802,x
1166,D,1680,x
1168,C,1565,x
1169,B,1732,x
1172,C,1230,x
1178,B,1244,x
1180,B,1595,x
1181,D,1745,x
1183,A,1851,x
1185,A,1997,x
1186,C,1463,x
1187,C,1379,x
1190,C,1923,x
1192,B,1910,x
1193,A,1167,x
1194,D,1601,x
1195,B,1038,x
1196,B,1116,x
1198,C,1956,x
1199,B,1709,x
1202,B,1624,x
1206,C,1993,x
1208,A,1927,x
1209,A,1037,x
1210,B,1233,x
1212,A,1236,x
1215,B,1722,x
1218,B,1980,x
1221,C,1644,x
1225,C,1410,x
1229,A,1335,x
1231,D,1228,x
1233,A,1369,x
1235,C,1055,x
1237,B,1142,x
1238,A,1830,x
1239,C,1131,x
1244,D,1721,x
1246,D,1467,x
1247,A,1511,x
1249,C,1957,x
1251,C,1058,x
1252,B,1176,x
1253,B,1639,x
1255,C,1634,x
1256,A,1556,x
1257,B,1969,x
1258,B,1203,x
1262,C,1486,x
1265,C,1010,x
1268,A,1280,x
1269,A,1874,x
1272,B,1868,x
1273,D,1624,x
1274,A,1604,x
1277,B,1920,x
1279,B,1668,x
1281,D,1631,x
1282,B,1755,x
1284,C,1838,x
1286,D,1590,x
1287,D,1544,x
1288,A,1963,x
1289,D,1044,x
1290,C,1006,x
1291,C,1339,x
1296,C,1995,x
1297,C,1906,x
1298,B,1996,x
1299,A,1748,x
1307,A,1756,x
1310,D,1936,x
1311,D,1625,x
1313,C,1638,x
1314,A,1511,x
1317,A,1753,x
1318,D,1372,x
1324,B,1621,x
1329,A,1120,x
1330,D,1131,x
1331,D,1092,x
1333,A,1688,x
1334,C,1638,x
1339,C,1616,x
1340,C,1936,x
1341,D,1487,x
1342,A,1623,x
1345,C,1268,x
1346,D,1286,x
1348,C,1036,x
1351,C,1625,x
1352,D,1761,x
1361,B,1973,x
1364,C,1562,x
1370,B,1029,x
1371,B,1844,x
1372,A,1711,x
1373,A,1609,x
1375,D,1368,x
1377,C,1140,x
1378,C,1147,x
1379,A,1314,x
1384,D,1497,x
1390,C,1408,x
1392,A,1867,x
1394,C,1367,x
1395,B,1170,x
1396,D,1471,x
1398,B,1827,x
1400,C,1823,x
1401,D,1819,x
1404,B,1952,x
1408,A,1429,x
1409,B,1714,x
1410,D,1150,x
1411,A,1430,x
1414,B,1608,x
1416,B,1609,x
1417,D,1690,x
1418,B,1249,x
1419,C,1753,x
1420,D,1428,x
1421,D,1831,x
1422,A,1536,x
1424,D,1084,x
1426,C,1889,x
1428,B,1703,x
1429,C,1517,x
1430,C,1752,x
1432,A,1062,x
1437,C,1252,x
1438,C,1816,x
1442,C,1420,x
1444,B,1410,x
1445,B,1648,x
1447,A,1262,x
1448,C,1224,x
1453,B,1939,x
1455,A,1230,x
1456,D,1747,x
1457,C,1084,x
1459,D,1959,x
1461,D,1281,x
1462,D,1208,x
1465,A,1944,x
1467,D,1826,x
1468,B,1629,x
1469,D,1421,x
1470,D,1960,x
1471,C,1107,x
1472,B,1819,x
1473,B,1304,x
1475,A,1874,x
1477,A,1832,x
1478,D,1141,x
1480,D,1575,x
1482,A,1377,x
1483,C,1489,x
1484,B,1380,x
1485,B,1700,x
1487,A,1372,x
1488,B,1748,x
1489,D,1641,x
1490,B,1882,x
1491,C,1803,x
1492,D,1981,x
1494,C,1808,x
1495,D,1935,x
1497,B,1592,x
1498,B,1344,x
1499,B,1116,x
1500,A,1207,x
1501,B,1860,x
1510,C,1911,x
1511,C,1847,x
1518,D,1998,x
1520,D,1418,x
1521,B,1605,x
1523,C,1123,x
1524,A,1424,x
1525,A,1564,x
1526,D,1513,x
1527,D,1232,x
1528,A,1038,x
1533,D,1886,x
1534,C,1547,x
1535,B,1648,x
1536,B,1526,x
1537,A,1157,x
1539,B,1667,x
1541,B,1049,x
1542,B,1642,x
1543,B,1028,x
1548,C,1531,x
1549,D,1501,x
1550,A,1179,x
1551,B,1613,x
1552,A,1931,x
1555,A,1585,x
1556,D,1779,x
1559,B,1792,x
1560,A,1136,x
1561,A,1301,x
1563,C,1930,x
1564,B,1914,x
1566,B,1735,x
1569,C,1769,x
1570,D,1771,x
1571,A,1901,x
1573,B,1278,x
1574,A,1264,x
1575,B,1241,x
1577,C,1274,x
1581,C,1787,x
1584,A,1486,x
1587,B,1414,x
1589,D,1642,x
1591,A,1411,x
1592,B,1719,x
1595,B,1656,x
1597,B,1433,x
1598,C,1212,x
1605,B,1537,x
1606,C,1834,x
1607,B,1507,x
1610,A,1429,x
1613,D,1280,x
1614,A,1386,x
1615,C,1893,x
1616,B,1403,x
1621,A,1183,x
1622,D,1316,x
1624,C,1801,x
1626,D,1865,x
1632,B,1214,x
1635,A,1672,x
1636,B,1515,x
1637,D,1491,x
1638,B,1251,x
1643,B,1031,x
1644,B,1059,x
1645,D,1205,x
1646,C,1344,x
1651,D,1144,x
1654,D,1953,x
1656,D,1557,x
1658,A,1508,x
1660,A,1696,x
1661,B,1101,x
1663,B,1448,x
1664,C,1863,x
1666,B,1354,x
1667,C,1396,x
1668,C,1166,x
1670,B,1719,x
1672,A,1203,x
1673,B,1037,x
1675,B,1304,x
1677,C,1449,x
1678,D,1475,x
1679,D,1145,x
1681,A,1849,x
1684,A,1623,x
1685,C,1985,x
1686,A,1646,x
1687,A,1084,x
1688,C,1609,x
1689,A,1002,x
1690,D,1863,x
1691,D,1469,x
1692,C,1036,x
1694,B,1063,x
1695,C,1529,x
1697,A,1464,x
1698,D,1295,x
1700,D,1714,x
1701,D,1083,x
1702,A,1500,x
1711,B,1638,x
1713,A,1406,x
1715,D,1239,x
1716,A,1148,x
1717,B,1244,x
1719,B,1351,x
1722,C,1004,x
1723,D,1596,x
1724,A,1061,x
1732,A,1207,x
1733,C,1146,x
1734,C,1191,x
1735,D,1085,x
1736,D,1115,x
1739,D,1211,x
1741,C,1946,x
1742,A,1205,x
1743,D,1937,x
1744,A,1968,x
1745,B,1508,x
1746,C,1875,x
1747,C,1474,x
1748,B,1021,x
1749,A,1405,x
1750,D,1035,x
1754,A,1388,x
1755,C,1208,x
1756,C,1242,x
1757,A,1695,x
1758,A,1267,x
1759,D,1992,x
1762,C,1671,x
1764,D,1607,x
1767,A,1308,x
1772,B,1452,x
1777,D,1019,x
1779,C,1620,x
1782,C,1678,x
1784,D,1925,x
1787,B,1449,x
1788,C,1757,x
1791,D,1440,x
1792,A,1342,x
1793,A,1640,x
1796,D,1464,x
1803,D,1154,x
1805,A,1162,x
1807,A,1490,x
1809,C,1568,x
1810,A,1393,x
1815,C,1132,x
1817,D,1839,x
1819,D,1867,x
1820,C,1447,x
1821,A,1739,x
1823,C,1637,x
1824,D,1401,x
1825,B,1605,x
1830,B,1087,x
1831,B,1663,x
1832,B,1212,x
1837,D,1333,x
1838,C,1667,x
1839,B,1267,x
1840,D,1660,x
1841,D,1908,x
1842,B,1885,x
1845,B,1692,x
1847,D,1670,x
1849,B,1286,x
1850,D,1603,x
1853,B,1614,x
1855,B,1519,x
1856,C,1810,x
1857,C,1864,x
1858,A,1164,x
1859,D,1088,x
1860,A,1439,x
1862,C,1263,x
1863,D,1067,x
1866,A,1094,x
1872,B,1380,x
1875,D,1627,x
1878,D,1894,x
1880,D,1615,x
1884,C,1012,x
1888,B,1239,x
1889,C,1330,x
1894,A,1986,x
1895,B,1398,x
1896,D,1299,x
1900,C,1522,x
1901,A,1628,x
1902,B,1197,x
1905,C,1845,x
1906,B,1684,x
1907,C,1956,x
1908,C,1792,x
1909,D,1827,x
1910,C,1676,x
1914,A,1042,x
1915,A,1507,x
1916,B,1285,x
1921,B,1212,x
1922,D,1858,x
1924,C,1625,x
1925,B,1095,x
1926,B,1211,x
1927,D,1043,x
1928,B,1567,x
1929,D,1153,x
1930,B,1630,x
1936,C,1777,x
1939,D,1227,x
1940,B,1836,x
1942,D,1231,x
1944,B,1402,x
1947,B,1155,x
1950,D,1207,x
1952,C,1850,x
1953,C,1166,x
1954,D,1266,x
1956,C,1398,x
1957,B,1611,x
1959,D,1246,x
1960,D,1425,x
1961,A,1189,x
1964,B,1474,x
1965,D,1033,x
1969,D,1046,x
1970,A,1561,x
1971,A,1869,x
1976,B,1825,x
1979,A,1916,x
1980,B,1070,x
1983,D,1825,x
1984,A,1144,x
1985,D,1240,x
1991,B,1685,x
1993,B,1530,x
1995,B,1160,x
1996,B,1192,x
1997,C,1001,x
1998,D,1546,x
2001,B,1992,x
2002,B,1371,x
2003,B,1065,x
2006,D,1220,x
2010,C,1653,x
2011,A,1238,x
2018,A,1291,x
2019,D,1407,x
2020,B,1590,x
2025,A,1279,x
2030,D,1424,x
2032,B,1106,x
2034,C,1805,x
2036,D,1619,x
2039,C,1983,x
2041,B,1036,x
2043,A,1991,x
2044,C,1568,x
2045,A,1498,x
2046,A,1360,x
2048,D,1122,x
2052,B,1105,x
2058,C,1616,x
2065,A,1802,x
2066,C,1009,x
2069,D,1918,x
2070,C,1560,x
2071,C,1199,x
2073,B,1264,x
2078,D,1225,x
2079,C,1597,x
2080,D,1354,x
2081,B,1180,x
2082,C,1001,x
2083,A,1012,x
2084,C,1787,x
2085,B,1109,x
2086,B,1703,x
2087,B,1236,x
2088,A,1307,x
2090,D,1938,x
2092,A,1843,x
2094,D,1783,x
2096,C,1567,x
2098,A,1832,x
2101,A,1329,x
2103,C,1446,x
2105,A,1982,x
2106,C,1241,x
2107,C,1477,x
2109,C,1429,x
2110,D,1039,x
2111,C,1329,x
2117,B,1669,x
2120,A,1431,x
2122,A,1256,x
2124,D,1537,x
2126,A,1835,x
2128,D,1698,x
2130,D,1806,x
2133,D,1254,x
2134,C,1790,x
2135,C,1771,x
2137,C,1729,x
2143,D,1584,x
2144,C,1541,x
2145,D,1225,x
2146,A,1490,x
2147,B,1122,x
2148,C,1748,x
2150,D,1442,x
2154,A,1261,x
2155,A,1615,x
2156,A,1100,x
2158,D,1751,x
2160,A,1340,x
2165,D,1020,x
2166,A,1126,x
2169,A,1465,x
2180,D,1533,x
2181,B,1324,x
2183,D,1367,x
2184,D,1045,x
2186,C,1601,x
2188,B,1383,x
2190,C,1179,x
2192,A,1936,x
2194,C,1119,x
2195,B,1305,x
2196,A,1125,x
2197,D,1159,x
2198,B,1247,x
2201,D,1843,x
2203,B,1055,x
2204,A,1321,x
2206,D,1807,x
2207,B,1453,x
2209,B,1551,x
2211,B,1396,x
2213,A,1182,x
2217,A,1541,x
2218,A,1251,x
2219,C,1142,x
2221,A,1092,x
2222,A,1581,x
2223,B,1261,x
2228,A,1290,x
2230,C,1879,x
2232,B,1534,x
2234,A,1976,x
2237,C,1537,x
2239,B,1034,x
2244,A,1568,x
2245,D,1249,x
2247,D,1230,x
2250,A,1485,x
2251,C,1382,x
2253,B,1678,x
2254,B,1356,x
2256,A,1338,x
2257,A,1784,x
2258,B,1769,x
2259,A,1586,x
2262,C,1679,x
2263,D,1825,x
2265,B,1935,x
2268,B,1452,x
2269,B,1362,x
2272,B,1318,x
2274,D,1516,x
2276,B,1995,x
2280,C,1536,x
2288,A,1096,x
2289,D,1097,x
2291,A,1293,x
2292,C,1886,x
2293,C,1742,x
2297,C,1814,x
2298,D,1710,x
2299,B,1952,x
2300,C,1426,x
2301,D,1782,x
2302,B,1132,x
2308,D,1521,x
2310,C,1539,x
2313,A,1541,x
2314,B,1548,x
2315,D,1118,x
2316,B,1048,x
2318,A,1249,x
2319,A,1785,x
2325,B,1780,x
2326,C,1870,x
2328,D,1113,x
2329,D,1805,x
2331,A,1415,x
2335,A,1397,x
2338,D,1951,x
2339,B,1669,x
2340,D,1645,x
2342,C,1882,x
2345,C,1089,x
2348,C,1927,x
2353,D,1920,x
2354,D,1628,x
2356,D,1516,x
2357,B,1286,x
2358,C,1115,x
2359,A,1225,x
2362,C,1367,x
2363,B,1351,x
2365,B,1786,x
2366,D,1265,x
2368,A,1770,x
2370,C,1618,x
2371,A,1791,x
2373,D,1342,x
2374,D,1947,x
2376,D,1403,x
2377,C,1131,x
2378,B,1843,x
2380,C,1497,x
2382,A,1782,x
2383,D,1481,x
2387,D,1765,x
2388,B,1228,x
2391,A,1962,x
2394,B,1867,x
2395,D,1387,x
2400,C,1463,x
2402,C,1319,x
2403,D,1346,x
2408,D,1715,x
2409,B,1711,x
2410,C,1324,x
2413,B,1604,x
2414,A,1805,x
2417,D,1224,x
2420,C,1294,x
2422,B,1851,x
2423,C,1888,x
2424,A,1200,x
2425,B,1494,x
2426,A,1022,x
2427,C,1030,x
2428,C,1904,x
2430,D,1975,x
2432,C,1672,x
2433,A,1916,x
2436,A,1841,x
2439,D,1101,x
2440,B,1917,x
2441,A,1061,x
2450,A,1565,x
2452,D,1112,x
2453,D,1574,x
2454,C,1535,x
2457,C,1948,x
2458,B,1697,x
2459,C,1306,x
2460,A,1405,x
2461,A,1921,x
2462,D,1712,x
2463,A,1821,x
2464,A,1766,x
2466,C,1637,x
2468,C,1877,x
2469,C,1050,x
2472,D,1150,x
2473,D,1127,x
2474,A,1486,x
2477,A,1786,x
2478,B,1124,x
2479,A,1636,x
2480,A,1538,x
2482,C,1067,x
2484,D,1560,x
2485,C,1503,x
2486,C,1919,x
2489,B,1498,x
2490,C,1891,x
2492,D,1993,x
2493,D,1489,x
2494,D,1574,x
2495,D,1891,x
2497,A,1902,x
2499,B,1950,x
2500,C,1506,x
2504,A,1311,x
2506,D,1102,x
2510,B,1584,x
2511,C,1385,x
2513,A,1188,x
2514,B,1038,x
2515,C,1510,x
2517,B,1465,x
2519,A,1652,x
2521,D,1541,x
2522,B,1510,x
2523,A,1050,x
2524,A,1712,x
2525,A,1625,x
2527,A,1514,x
2528,A,1958,x
2529,A,1574,x
2531,C,1541,x
2532,A,1442,x
2534,B,1243,x
2536,D,1497,x
2537,C,1776,x
2538,A,1911,x
2540,A,1157,x
2541,C,1481,x
2543,A,1992,x
2547,C,1731,x
2549,B,1196,x
2552,D,1566,x
2554,C,1904,x
2555,A,1216,x
2557,D,1757,x
2559,C,1666,x
2560,A,1763,x
2561,D,1094,x
2563,D,1051,x
2564,D,1444,x
2572,C,1308,x
2578,B,1378,x
2579,C,1117,x
2582,B,1904,x
2586,C,1873,x
2588,D,1808,x
2589,D,1281,x
2590,B,1739,x
2591,B,1250,x
2593,D,1550,x
2594,B,1442,x
2595,D,1937,x
2596,A,1951,x
2598,D,1887,x
2599,B,1497,x
2600,D,1489,x
2601,D,1268,x
2602,C,1586,x
2606,D,1481,x
2607,A,1513,x
2608,A,1310,x
2609,D,1840,x
2612,A,1240,x
2615,A,1019,x
2617,B,1323,x
2619,A,1401,x
2620,D,1496,x
2622,C,1615,x
2623,B,1231,x
2625,C,1330,x
2635,C,1895,x
2636,A,1860,x
2638,B,1457,x
2639,B,1355,x
2640,D,1310,x
2642,A,1938,x
2644,A,1718,x
2647,D,1597,x
2648,C,1108,x
2649,A,1261,x
2650,B,1753,x
2653,B,1194,x
2656,B,1174,x
2658,A,1377,x
2659,D,1902,x
2660,C,1116,x
2661,A,1114,x
2662,C,1583,x
2666,A,1893,x
2668,A,1947,x
2669,A,1161,x
2671,C,1841,x
2676,B,1018,x
2678,A,1211,x
2681,B,1535,x
2682,D,1894,x
2683,A,1488,x
2684,B,1579,x
2687,B,1794,x
2688,C,1483,x
2689,C,1207,x
2690,A,1901,x
2691,B,1526,x
2692,D,1335,x
2694,C,1769,x
2696,B,1732,x
2698,D,1987,x
2702,D,1756,x
2705,B,1528,x
2709,D,1702,x
2710,B,1040,x
2711,C,1377,x
2712,A,1900,x
2714,B,1509,x
2716,B,1620,x
2720,B,1337,x
2721,D,1760,x
2722,A,1269,x
2724,B,1026,x
2726,A,1833,x
2728,C,1320,x
2729,B,1968,x
2731,C,1484,x
2732,C,1237,x
2734,A,1078,x
2737,B,1913,x
2738,A,1946,x
2739,A,1284,x
2740,D,1498,x
2742,D,1005,x
2744,C,1452,x
2748,B,1199,x
2752,D,1454,x
2753,D,1017,x
2759,B,1698,x
2760,C,1335,x
2761,A,1448,x
2762,A,1093,x
2763,C,1889,x
2765,B,1641,x
2766,C,1467,x
2767,A,1650,x
2769,D,1821,x
2770,D,1913,x
2771,A,1593,x
2772,B,1664,x
2773,B,1193,x
2775,C,1389,x
2776,C,1521,x
2779,B,1079,x
2782,C,1863,x
2783,A,1644,x
2784,C,1114,x
2788,D,1231,x
2789,B,1275,x
2790,A,1893,x
2792,D,1694,x
2793,A,1362,x
2796,B,1147,x
2802,D,1939,x
2804,A,1809,x
2805,C,1489,x
2808,D,1997,x
2809,C,1071,x
2810,D,1700,x
2812,C,1639,x
2813,A,1254,x
2815,A,1618,x
2820,C,1786,x
2822,B,1585,x
2823,C,1439,x
2824,A,1084,x
2825,C,1511,x
2826,D,1423,x
2827,D,1335,x
2829,A,1965,x
2831,B,1616,x
2832,A,1850,x
2833,A,1929,x
2835,B,1768,x
2840,A,1131,x
2844,A,1275,x
2846,B,1579,x
2849,B,1111,x
2855,A,1253,x
2857,B,1016,x
2860,D,1031,x
2861,D,1836,x
2862,B,1011,x
2863,D,1175,x
2864,D,1634,x
2866,A,1719,x
2868,B,1764,x
2871,D,1539,x
2872,C,1929,x
2873,C,1012,x
2876,A,1074,x
2877,A,1444,x
2878,B,1377,x
2880,D,1134,x
2883,C,1823,x
2885,A,1305,x
2889,A,1178,x
2894,B,1895,x
2896,D,1941,x
2897,A,1914,x
2898,A,1936,x
2899,A,1548,x
2900,D,1407,x
2903,B,1162,x
2904,A,1802,x
2905,C,1819,x
2906,A,1078,x
2908,C,1456,x
2909,D,1400,x
2914,A,1180,x
2917,D,1251,x
2920,C,1228,x
2921,A,1278,x
2923,D,1007,x
2924,A,1379,x
2927,D,1727,x
2929,C,1053,x
2932,B,1447,x
2933,D,1496,x
2934,C,1971,x
2937,B,1260,x
2938,C,1025,x
2939,A,1826,x
2943,D,1471,x
2944,A,1083,x
2945,A,1385,x
2948,D,1755,x
2949,A,1140,x
2950,C,1160,x
2952,B,1306,x
2954,D,1723,x
2957,D,1628,x
2965,A,1377,x
2967,C,1819,x
2971,A,1355,x
2972,D,1283,x
2973,A,1176,x
2975,C,1041,x
2978,D,1417,x
2979,C,1438,x
2980,D,1742,x
2982,A,1759,x
2983,A,1905,x
2984,D,1436,x
2985,D,1806,x
2987,C,1658,x
2988,D,1359,x
2989,A,1170,x
2992,C,1225,x
2994,A,1600,x
2995,B,1478,x
2997,B,1017,x
2999,C,1145,x
3000,C,1081,x
3002,A,1558,x
3003,B,1064,x
3006,C,1787,x
3008,A,1007,x
3009,B,1022,x
3010,B,1775,x
3011,B,1824,x
3012,B,1610,x
3014,A,1094,x
3016,A,1767,x
3017,D,1549,x
3018,A,1378,x
3021,D,1297,x
3022,D,1700,x
3023,B,1488,x
3024,B,1157,x
3025,A,1781,x
3027,D,1955,x
3029,D,1042,x
3030,A,1254,x
3031,B,1340,x
3033,B,1008,x
3035,D,1064,x
3036,A,1153,x
3044,C,1599,x
3047,A,1026,x
3048,A,1417,x
3049,C,1648,x
3050,B,1565,x
3051,C,1173,x
3052,B,1510,x
3054,A,1079,x
3058,D,1045,x
3059,D,1542,x
3060,B,1871,x
3062,C,1319,x
3067,A,1768,x
3072,B,1805,x
3074,D,1333,x
3075,A,1216,x
3076,B,1003,x
3077,C,1645,x
3079,A,1439,x
3080,B,1964,x
3088,D,1949,x
3089,A,1207,x
3092,A,1939,x
3093,A,1172,x
3096,B,1762,x
3104,C,1189,x
3105,B,1011,x
3107,D,1441,x
3108,B,1490,x
3109,A,1039,x
3112,A,1449,x
3114,C,1080,x
3115,D,1793,x
3117,A,1618,x
3118,D,1754,x
3119,B,1026,x
3120,D,1095,x
3121,C,1042,x
3123,C,1860,x
3124,B,1436,x
3125,D,1862,x
3126,C,1357,x
3128,A,1792,x
3131,D,1769,x
3132,D,1754,x
3134,D,1685,x
3136,B,1194,x
3139,B,1844,x
3140,D,1051,x
3141,D,1442,x
3142,D,1553,x
3143,A,1687,x
3145,D,1260,x
3148,C,1269,x
3150,A,1331,x
3153,A,1937,x
3154,C,1064,x
3155,C,1261,x
3158,A,1230,x
3160,D,1571,x
3161,C,1802,x
3163,B,1857,x
3164,A,1993,x
3166,B,1886,x
3168,A,1794,x
3169,B,1713,x
3172,B,1355,x
3178,D,1585,x
3181,C,1741,x
3182,D,1320,x
3183,A,1741,x
3186,B,1589,x
3187,B,1615,x
3189,C,1036,x
3191,D,1548,x
3193,C,1814,x
3194,C,1088,x
3195,D,1042,x
3196,B,1157,x
3197,D,1753,x
3198,D,1820,x
3199,B,1355,x
3201,C,1985,x
3204,B,1670,x
3206,C,1365,x
3207,B,1262,x
3208,C,1676,x
3216,D,1655,x
3217,B,1184,x
3218,A,1394,x
3219,A,1306,x
3221,D,1158,x
3229,C,1389,x
3231,D,1553,x
3232,B,1071,x
3233,B,1074,x
3235,D,1897,x
3237,D,1937,x
3239,D,1269,x
3241,D,1495,x
3242,B,1427,x
3243,B,1149,x
3244,B,1004,x
3247,D,1419,x
3249,B,1431,x
3251,B,1712,x
3252,D,1197,x
3256,D,1189,x
3260,B,1586,x
3261,C,1359,x
3264,C,1758,x
3266,B,1272,x
3267,A,1279,x
3268,C,1076,x
3270,D,1431,x
3271,D,1022,x
3273,D,1921,x
3275,B,1697,x
3276,A,1177,x
3277,B,1479,x
3278,D,1556,x
3279,A,1659,x
3282,D,1620,x
3283,B,1842,x
3286,B,1455,x
3288,C,1218,x
3291,A,1090,x
3295,A,1238,x
3297,D,1994,x
3298,C,1465,x
3300,B,1220,x
3301,D,1031,x
3303,C,1324,x
3304,C,1220,x
3307,B,1995,x
3308,C,1745,x
3309,D,1264,x
3310,B,1410,x
3311,B,1755,x
3312,A,1446,x
3313,D,1434,x
3316,B,1944,x
3320,D,1035,x
3322,C,1581,x
3325,D,1176,x
3326,D,1984,x
3328,B,1975,x
3329,C,1845,x
3330,B,1693,x
3331,A,1041,x
3334,B,1209,x
3335,B,1429,x
3336,A,1220,x
3338,A,1961,x
3339,B,1574,x
3340,C,1125,x
3342,D,1079,x
3343,A,1573,x
3344,A,1769,x
3348,A,1338,x
3349,C,1683,x
3352,D,1617,x
3354,B,1449,x
3355,C,1064,x
3361,A,1020,x
3362,C,1055,x
3363,C,1310,x
3367,D,1440,x
3371,D,1126,x
3373,C,1756,x
3376,D,1912,x
3377,C,1859,x
3380,A,1564,x
3382,C,1500,x
3384,B,1045,x
3385,D,1166,x
3386,A,1864,x
3389,D,1200,x
3390,C,1921,x
3394,A,1914,x
3396,D,1722,x
3397,C,1737,x
3399,A,1586,x
3404,D,1361,x
3405,A,1367,x
3406,C,1661,x
3408,D,1819,x
3410,C,1870,x
3411,B,1666,x
3412,D,1568,x
3416,C,1007,x
3417,B,1873,x
3420,C,1823,x
3421,D,1191,x
3425,A,1297,x
3426,D,1528,x
3427,C,1311,x
3433,D,1582,x
3435,A,1951,x
3439,C,1768,x
3440,C,1068,x
3441,A,1948,x
3442,D,1597,x
3445,B,1975,x
3448,B,1353,x
3449,D,1248,x
3452,A,1169,x
3453,A,1138,x
3454,B,1472,x
3456,C,1209,x
3460,A,1582,x
3461,A,1306,x
3462,C,1370,x
3464,C,1071,x
3465,B,1783,x
3466,C,1660,x
3467,D,1219,x
3468,D,1535,x
3471,A,1348,x
3474,A,1867,x
3476,D,1734,x
3477,D,1606,x
3478,A,1425,x
3479,C,1734,x
3480,C,1964,x
3482,D,1591,x
3483,D,1941,x
3487,A,1510,x
3488,D,1702,x
3491,D,1557,x
3492,C,1240,x
3494,B,1402,x
3495,D,1482,x
3496,C,1471,x
3498,B,1659,x
3504,A,1274,x
3506,C,1217,x
3507,A,1352,x
3508,D,1385,x
3509,B,1950,x
3510,B,1741,x
3512,B,1263,x
3517,A,1232,x
3519,A,1823,x
3521,B,1437,x
3527,A,1502,x
3528,D,1881,x
3530,A,1023,x
3531,B,1560,x
3532,B,1423,x
3533,D,1342,x
3537,D,1420,x
3541,C,1657,x
3547,A,1757,x
3550,C,1522,x
3551,D,1579,x
3552,D,1177,x
3553,D,1050,x
3554,B,1150,x
3555,D,1847,x
3557,B,1147,x
3558,A,1119,x
3561,A,1633,x
3567,B,1780,x
3572,B,1443,x
3573,C,1219,x
3574,A,1784,x
3577,C,1702,x
3579,A,1501,x
3580,C,1129,x
3582,C,1421,x
3583,C,1096,x
3586,B,1600,x
3587,C,1196,x
3593,C,1827,x
3594,A,1855,x
3595,D,1828,x
3597,A,1632,x
3598,B,1272,x
3599,B,1568,x
3600,B,1739,x
3603,D,1228,x
3607,A,1909,x
3608,A,1863,x
3611,D,1122,x
3613,B,1183,x
3614,B,1097,x
3615,B,1104,x
3621,C,1202,x
3624,B,1937,x
3625,B,1317,x
3626,C,1874,x
3627,B,1987,x
3630,A,1435,x
3632,D,1880,x
3636,A,1271,x
3638,C,1902,x
3640,D,1614,x
3641,D,1283,x
3643,A,1752,x
3646,D,1594,x
3647,A,1264,x
3648,B,1001,x
3650,C,1647,x
3655,B,1206,x
3658,C,1556,x
3659,D,1381,x
3660,B,1869,x
3661,A,1406,x
3663,B,1575,x
3664,C,1489,x
3667,D,1328,x
3669,B,1122,x
3670,D,1145,x
3672,C,1999,x
3673,D,1511,x
3675,D,1011,x
3679,D,1344,x
3680,D,1745,x
3682,B,1428,x
3683,C,1202,x
3688,A,1456,x
3690,C,1150,x
3692,C,1024,x
3693,C,1816,x
3694,B,1160,x
3695,B,1992,x
3697,D,1103,x
3698,B,1345,x
3699,C,1131,x
3702,B,1637,x
3703,A,1716,x
3705,B,1414,x
3706,D,1583,x
3707,A,1987,x
3709,D,1796,x
3710,C,1850,x
3714,B,1278,x
3715,D,1048,x
3716,C,1327,x
3717,A,1353,x
3719,D,1963,x
3721,A,1473,x
3722,A,1319,x
3724,A,1500,x
3725,C,1173,x
3726,C,1368,x
3727,C,1424,x
3729,C,1831,x
3731,C,1472,x
3734,B,1744,x
3735,C,1923,x
3738,C,1174,x
3739,B,1795,x
3740,C,1371,x
3742,D,1444,x
3743,A,1977,x
3744,D,1621,x
3746,B,1304,x
3747,C,1692,x
3751,C,1600,x
3753,A,1995,x
3755,A,1170,x
3756,C,1567,x
3757,D,1922,x
3758,C,1154,x
3762,A,1739,x
3763,C,1142,x
3764,A,1613,x
3765,C,1349,x
3766,D,1630,x
3771,D,1524,x
3772,C,1157,x
3773,B,1317,x
3774,C,1684,x
3776,C,1333,x
3777,A,1418,x
3780,D,1114,x
3783,A,1833,x
3785,B,1221,x
3786,A,1058,x
3788,C,1904,x
3789,B,1892,x
3792,D,1109,x
3796,A,1384,x
3797,D,1447,x
3802,B,1177,x
3803,B,1874,x
3804,C,1367,x
3806,D,1043,x
3809,D,1696,x
3812,A,1269,x
3813,A,1693,x
3818,A,1983,x
3820,C,1520,x
3821,A,1824,x
3822,A,1477,x
3823,A,1311,x
3824,A,1975,x
3825,A,1632,x
3826,D,1146,x
3829,C,1132,x
3833,A,1998,x
3836,C,1018,x
3837,B,1334,x
3838,B,1818,x
3839,C,1800,x
3841,C,1588,x
3842,C,1471,x
3844,C,1159,x
3845,A,1490,x
3846,D,1056,x
3847,C,1371,x
3850,B,1335,x
3851,C,1682,x
3853,A,1987,x
3854,B,1071,x
3856,C,1421,x
3859,A,1782,x
3867,B,1684,x
3869,B,1350,x
3870,D,1195,x
3871,C,1566,x
3875,B,1461,x
3877,D,1578,x
3882,C,1410,x
3886,B,1542,x
3887,D,1915,x
3890,D,1358,x
3893,B,1604,x
3894,A,1635,x
3895,C,1065,x
3896,C,1430,x
3900,A,1687,x
3901,B,1206,x
3902,B,1555,x
3905,A,1552,x
3906,D,1266,x
3907,B,1208,x
3908,C,1017,x
3909,A,1192,x
3911,C,1489,x
3912,C,1377,x
3913,C,1025,x
3915,A,1250,x
3917,D,1982,x
3918,B,1200,x
3919,B,1446,x
3920,C,1379,x
3923,D,1100,x
3924,D,1609,x
3926,A,1158,x
3927,C,1446,x
3928,D,1599,x
3930,A,1088,x
3932,C,1238,x
3935,B,1638,x
3937,C,1726,x
3938,D,1455,x
3939,B,1897,x
3941,C,1329,x
3942,B,1514,x
3944,C,1974,x
3946,A,1778,x
3947,B,1132,x
3948,C,1418,x
3950,B,1454,x
3952,C,1364,x
3954,D,1474,x
3955,B,1867,x
3958,D,1987,x
3960,C,1332,x
3962,A,1544,x
3963,B,1140,x
3964,C,1166,x
3968,C,1018,x
3970,A,1989,x
3975,B,1172,x
3976,A,1803,x
3978,A,1155,x
3980,B,1891,x
3982,A,1391,x
3984,B,1214,x
3985,A,1658,x
3987,D,1852,x
3990,B,1730,x
3992,D,1276,x
3994,D,1531,x
3996,C,1205,x
3997,A,1680,x
3998,C,1057,x
4000,C,1768,x
4002,B,1643,x
4004,D,1934,x
4006,D,1860,x
4008,B,1524,x
4009,A,1481,x
4010,D,1620,x
4011,B,1204,x
4012,D,1569,x
4013,C,1410,x
4016,D,1792,x
4020,B,1576,x
4022,B,1919,x
4023,C,1139,x
4028,C,1316,x
4030,C,1745,x
4031,D,1323,x
4032,D,1702,x
4039,C,1069,x
4046,B,1090,x
4047,A,1200,x
4048,C,1853,x
4049,C,1442,x
4050,C,1035,x
4052,A,1772,x
4056,A,1450,x
4058,D,1281,x
4059,C,1035,x
4061,A,1930,x
4063,D,1369,x
4064,C,1188,x
4065,C,1762,x
4066,A,1837,x
4069,B,1499,x
4071,D,1597,x
4072,B,1660,x
4073,D,1817,x
4075,B,1032,x
4076,C,1589,x
4078,D,1122,x
4079,B,1921,x
4080,D,1989,x
4081,D,1685,x
4082,D,1109,x
4084,B,1251,x
4085,D,1352,x
4086,B,1852,x
4087,B,1607,x
4089,C,1379,x
4091,D,1411,x
4094,A,1872,x
4097,D,1857,x
4099,D,1891,x
4104,A,1437,x
4109,B,1829,x
4110,C,1986,x
4113,D,1378,x
4114,D,1038,x
4119,D,1904,x
4125,A,1250,x
4128,B,1187,x
4130,D,1288,x
4131,D,1795,x
4132,B,1588,x
4136,D,1946,x
4137,D,1461,x
4140,A,1303,x
4143,B,1225,x
4144,D,1552,x
4145,A,1266,x
4146,A,1776,x
4148,A,1626,x
4152,B,1600,x
4153,D,1530,x
4154,B,1690,x
4157,B,1399,x
4158,D,1129,x
4159,A,1846,x
4160,B,1615,x
4162,A,1578,x
4163,C,1026,x
4164,B,1557,x
4165,B,1145,x
4167,C,1833,x
4169,C,1434,x
4171,C,1199,x
4176,D,1710,x
4177,D,1874,x
4178,B,1188,x
4179,A,1484,x
4180,D,1059,x
4183,A,1505,x
4188,D,1302,x
4193,D,1396,x
4197,B,1115,x
4199,B,1910,x
4206,A,1038,x
4208,A,1934,x
4211,A,1260,x
4212,D,1942,x
4216,B,1181,x
4217,D,1927,x
4219,A,1396,x
4221,A,1667,x
4222,C,1799,x
4223,B,1962,x
4224,A,1776,x
4227,D,1480,x
4230,B,1609,x
4232,B,1539,x
4236,B,1277,x
4237,A,1035,x
4238,A,1650,x
4239,A,1426,x
4240,D,1638,x
4241,A,1673,x
4243,B,1518,x
4244,A,1443,x
4246,A,1251,x
4247,C,1685,x
4248,A,1435,x
4249,D,1944,x
4250,B,1598,x
4252,D,1780,x
4254,A,1606,x
4258,B,1032,x
4260,B,1830,x
4262,B,1291,x
4265,B,1928,x
4267,D,1423,x
4268,C,1023,x
4270,A,1982,x
4273,A,1505,x
4274,B,1540,x
4275,A,1027,x
4276,B,1738,x
4277,B,1626,x
4278,A,1547,x
4279,C,1451,x
4281,C,1938,x
4282,A,1047,x
4283,A,1393,x
4284,B,1325,x
4285,C,1107,x
4286,C,1137,x
4287,B,1074,x
4288,C,1047,x
4289,C,1964,x
4292,A,1134,x
4293,A,1472,x
4295,D,1041,x
4299,B,1918,x
4300,D,1719,x
4303,B,1959,x
4304,D,1435,x
4307,B,1260,x
4308,B,1966,x
4309,A,1606,x
4310,C,1558,x
4311,A,1715,x
4314,C,1525,x
4315,D,1976,x
4316,A,1044,x
4318,D,1118,x
4320,D,1702,x
4321,A,1896,x
4324,B,1765,x
4327,B,1573,x
4332,D,1850,x
4341,A,1338,x
4343,A,1670,x
4344,B,1023,x
4349,A,1983,x
4350,B,1456,x
4352,C,1567,x
4353,A,1823,x
4354,B,1850,x
4358,B,1127,x
4359,A,1689,x
4361,B,1450,x
4362,C,1076,x
4364,A,1923,x
4365,B,1156,x
4367,A,1070,x
4371,A,1170,x
4372,C,1097,x
4373,A,1740,x
4374,D,1934,x
4378,C,1229,x
4379,A,1749,x
4380,B,1855,x
4381,B,1244,x
4382,D,1321,x
4384,B,1256,x
4387,C,1939,x
4389,B,1396,x
4391,D,1379,x
4395,D,1991,x
4396,C,1264,x
4397,C,1003,x
4398,D,1002,x
4399,A,1135,x
4401,D,1911,x
4402,B,1189,x
4404,B,1922,x
4405,C,1209,x
4406,C,1758,x
4409,C,1701,x
4414,D,1596,x
4415,D,1121,x
4416,D,1678,x
4419,A,1381,x
4425,B,1366,x
4427,A,1456,x
4428,C,1700,x
4432,A,1983,x
4434,C,1048,x
4435,C,1191,x
4439,B,1205,x
4442,A,1360,x
4443,B,1085,x
4444,B,1744,x
4445,C,1688,x
4448,B,1305,x
4449,D,1667,x
4453,D,1707,x
4455,A,1119,x
4456,B,1828,x
4457,B,1996,x
4459,B,1539,x
4462,A,1531,x
4465,A,1986,x
4468,A,1430,x
4469,A,1820,x
4470,C,1532,x
4471,D,1454,x
4472,A,1918,x
4473,A,1196,x
4476,B,1532,x
4477,D,1433,x
4479,C,1955,x
4482,C,1151,x
4483,A,1203,x
4484,A,1019,x
4485,D,1526,x
4487,B,1210,x
4488,B,1342,x
4489,D,1139,x
4491,C,1042,x
4492,B,1247,x
4493,D,1877,x
4494,A,1722,x
4495,C,1160,x
4497,B,1474,x
4498,A,1743,x
4500,C,1094,x
4501,B,1493,x
4503,D,1555,x
4505,C,1228,x
4508,D,1656,x
4509,A,1135,x
4511,D,1467,x
4513,B,1763,x
4515,D,1535,x
4517,D,1777,x
4518,A,1020,x
4520,B,1210,x
4524,A,1680,x
4525,B,1453,x
4526,A,1724,x
4528,D,1245,x
4531,A,1268,x
4532,B,1003,x
4535,B,1093,x
4536,B,1474,x
4538,A,1271,x
4540,A,1022,x
4542,B,1317,x
4543,B,1829,x
4544,B,1182,x
4546,B,1479,x
4547,C,1787,x
4549,A,1889,x
4550,C,1590,x
4551,D,1231,x
4553,D,1928,x
4554,D,1639,x
4555,C,1122,x
4557,D,1076,x
4558,D,1079,x
4561,C,1359,x
4562,B,1381,x
4564,A,1621,x
4565,C,1269,x
4566,A,1782,x
4568,D,1825,x
4569,B,1260,x
4570,C,1166,x
4572,B,1999,x
4573,B,1579,x
4575,A,1398,x
4578,B,1320,x
4579,D,1343,x
4580,C,1886,x
4583,B,1794,x
4585,A,1904,x
4587,D,1911,x
4588,C,1021,x
4591,B,1849,x
4593,B,1423,x
4594,D,1070,x
4596,B,1113,x
4598,B,1013,x
4599,C,1899,x
4600,C,1336,x
4601,D,1556,x
4605,D,1905,x
4607,B,1156,x
4609,C,1159,x
4610,C,1526,x
4612,C,1477,x
4613,C,1872,x
4614,C,1632,x
4617,C,1162,x
4618,A,1333,x
4622,D,1410,x
4624,C,1260,x
4627,C,1602,x
4629,C,1808,x
4630,D,1665,x
4631,A,1094,x
4632,A,1745,x
4633,C,1947,x
4634,C,1589,x
4635,D,1124,x
4636,D,1503,x
4637,C,1040,x
4638,A,1806,x
4639,C,1734,x
4641,B,1555,x
4643,B,1856,x
4644,A,1655,x
4645,B,1045,x
4647,D,1459,x
4650,C,1133,x
4652,D,1127,x
4658,B,1992,x
4659,C,1128,x
4660,A,1408,x
4661,A,1902,x
4662,A,1785,x
4663,D,1325,x
4668,B,1707,x
4670,D,1380,x
4671,D,1583,x
4672,B,1434,x
4673,D,1898,x
4674,B,1516,x
4675,D,1384,x
4676,D,1968,x
4683,A,1971,x
4686,C,1818,x
4688,D,1824,x
4690,C,1800,x
4691,B,1463,x
4692,A,1551,x
4693,A,1627,x
4695,A,1111,x
4700,C,1171,x
4702,A,1442,x
4703,C,1719,x
4705,A,1688,x
4708,D,1402,x
4709,D,1034,x
4714,B,1191,x
4715,A,1318,x
4719,D,1036,x
4724,B,1719,x
4726,C,1654,x
4729,D,1823,x
4735,C,1351,x
4736,C,1295,x
4738,D,1082,x
4739,D,1476,x
4740,C,1320,x
4747,D,1949,x
4748,D,1819,x
4750,C,1418,x
4751,B,1655,x
4753,A,1700,x
4754,D,1351,x
4755,A,1420,x
4757,C,1016,x
4758,A,1350,x
4760,B,1773,x
4762,C,1403,x
4763,D,1345,x
4764,B,1967,x
4765,A,1473,x
4768,B,1680,x
4770,D,1621,x
4772,C,1660,x
4776,C,1537,x
4778,D,1993,x
4779,A,1158,x
4782,D,1990,x
4783,D,1168,x
4786,B,1457,x
4787,D,1490,x
4788,B,1842,x
4791,A,1811,x
4793,D,1107,x
4795,B,1839,x
4798,C,1639,x
4801,D,1240,x
4809,C,1271,x
4811,B,1958,x
4814,C,1585,x
4815,D,1247,x
4816,C,1891,x
4817,C,1514,x
4818,B,1913,x
4820,A,1495,x
4822,A,1914,x
4823,C,1984,x
4825,B,1787,x
4826,B,1883,x
4828,A,1394,x
4829,B,1212,x
4833,A,1413,x
4836,C,1154,x
4839,D,1009,x
4841,C,1412,x
4842,C,1282,x
4843,A,1124,x
4844,D,1066,x
4847,B,1022,x
4849,A,1712,x
4850,C,1392,x
4852,C,1932,x
4853,D,1551,x
4855,C,1615,x
4856,C,1114,x
4857,A,1865,x
4858,A,1146,x
4859,B,1732,x
4860,C,1709,x
4861,A,1907,x
4864,C,1644,x
4865,B,1140,x
4867,D,1131,x
4868,D,1586,x
4870,D,1423,x
4871,B,1033,x
4873,D,1020,x
4874,B,1807,x
4875,A,1286,x
4879,B,1307,x
4880,D,1006,x
4884,C,1498,x
4885,A,1424,x
4889,B,1100,x
4893,B,1109,x
4896,D,1468,x
4900,B,1551,x
4901,B,1613,x
4902,C,1707,x
4903,D,1464,x
4904,B,1690,x
4906,A,1930,x
4907,D,1027,x
4908,A,1087,x
4910,C,1205,x
4912,C,1025,x
4914,B,1242,x
4919,D,1928,x
4924,A,1907,x
4925,B,1643,x
4926,D,1629,x
4931,A,1066,x
4933,D,1826,x
4934,A,1775,x
4942,B,1237,x
4944,C,1474,x
4945,D,1924,x
4950,C,1365,x
4951,A,1978,x
4953,B,1696,x
4956,A,1101,x
4957,C,1033,x
4958,C,1208,x
4959,B,1237,x
4960,D,1466,x
4962,D,1473,x
4963,D,1163,x
4964,C,1097,x
4967,A,1075,x
4968,C,1343,x
4969,C,1695,x
4970,B,1308,x
4973,D,1199,x
4974,B,1180,x
4975,D,1597,x
4976,B,1617,x
4978,C,1268,x
4980,A,1429,x
4981,B,1179,x
4982,A,1973,x
4983,A,1123,x
4984,C,1861,x
4985,A,1727,x
4990,B,1861,x
4993,C,1223,x
4995,D,1570,x
4996,C,1163,x
4997,B,1948,x
5001,A,1576,x
5004,C,1581,x
5005,B,1786,x
5008,A,1792,x
5014,D,1185,x
5015,C,1297,x
5016,C,1311,x
5017,A,1465,x
5019,D,1787,x
5020,A,1745,x
5021,B,1819,x
5022,D,1291,x
5023,D,1387,x
5026,B,1694,x
5027,C,1527,x
5028,B,1664,x
5030,C,1891,x
5032,B,1790,x
5033,D,1353,x
5035,C,1872,x
5036,B,1367,x
5037,B,1132,x
5038,C,1772,x
5039,B,1190,x
5040,A,1012,x
5042,C,1383,x
5043,B,1572,x
5044,D,1286,x
5046,D,1828,x
5048,B,1855,x
5049,A,1531,x
5050,B,1328,x
5053,B,1356,x
5054,C,1265,x
5056,A,1054,x
5057,D,1703,x
5058,A,1106,x
5060,D,1781,x
5061,B,1273,x
5064,C,1700,x
5066,A,1129,x
5068,C,1067,x
5069,B,1998,x
5070,B,1344,x
5071,B,1935,x
5072,D,1224,x
5074,B,1218,x
5075,D,1866,x
5076,C,1185,x
5077,D,1298,x
5078,B,1796,x
5079,B,1488,x
5080,B,1395,x
5081,C,1839,x
5084,D,1927,x
5085,D,1133,x
5086,D,1732,x
5088,B,1135,x
5089,B,1025,x
5091,A,1748,x
5094,D,1447,x
5099,C,1628,x
5101,D,1399,x
5102,B,1710,x
5104,C,1495,x
5107,A,1279,x
5108,A,1766,x
5112,B,1462,x
5114,C,1727,x
5120,A,1409,x
5122,B,1413,x
5123,D,1455,x
5124,D,1630,x
5127,A,1547,x
5132,C,1385,x
5133,C,1240,x
5136,B,1588,x
5143,A,1403,x
5144,A,1779,x
5145,A,1555,x
5147,D,1049,x
5148,C,1112,x
5150,C,1894,x
5152,B,1977,x
5153,C,1908,x
5156,D,1908,x
5157,B,1091,x
5158,A,1477,x
5160,B,1852,x
5163,D,1411,x
5167,A,1236,x
5170,C,1039,x
5171,C,1612,x
5172,B,1752,x
5173,C,1411,x
5175,C,1230,x
5176,B,1645,x
5179,B,1205,x
5181,C,1330,x
5182,D,1828,x
5187,B,1389,x
5189,B,1443,x
5192,D,1286,x
5196,C,1193,x
5197,B,1915,x
5198,A,1416,x
5200,A,1390,x
5201,B,1867,x
5203,A,1498,x
5204,A,1379,x
5206,A,1912,x
5208,B,1571,x
5211,A,1638,x
5212,A,1439,x
5213,C,1207,x
5214,D,1776,x
5215,C,1710,x
5216,D,1199,x
5218,B,1581,x
5219,D,1970,x
5220,D,1857,x
5223,C,1413,x
5226,D,1515,x
5227,C,1664,x
5229,B,1652,x
5234,D,1498,x
5236,A,1831,x
5244,A,1330,x
5246,B,1660,x
5250,A,1736,x
5251,D,1162,x
5252,C,1536,x
5253,A,1189,x
5254,B,1138,x
5255,A,1091,x
5256,A,1531,x
5259,C,1077,x
5261,B,1049,x
5263,B,1487,x
5264,B,1287,x
5266,B,1880,x
5267,B,1011,x
5268,B,1431,x
5269,C,1667,x
5270,A,1994,x
5272,C,1407,x
5273,D,1595,x
5275,D,1726,x
5278,A,1826,x
5280,B,1627,x
5281,A,1583,x
5283,B,1763,x
5285,A,1974,x
5288,C,1053,x
5289,C,1839,x
5291,D,1243,x
5292,C,1298,x
5293,A,1443,x
5295,B,1623,x
5296,D,1336,x
5297,B,1886,x
5300,A,1388,x
5301,C,1205,x
5303,C,1529,x
5305,A,1234,x
5306,A,1871,x
5307,B,1898,x
5309,A,1467,x
5313,D,1173,x
5315,B,1640,x
5317,B,1386,x
5318,A,1669,x
5319,B,1527,x
5323,B,1426,x
5325,B,1047,x
5327,C,1463,x
5331,C,1361,x
5334,B,1995,x
5338,A,1048,x
5339,B,1424,x
5340,A,1519,x
5341,B,1949,x
5342,B,1026,x
5343,B,1538,x
5344,B,1937,x
5345,B,1690,x
5346,C,1068,x
5349,A,1310,x
5351,A,1731,x
5352,D,1349,x
5353,D,1089,x
5355,B,1191,x
5357,B,1085,x
5361,B,1602,x
5366,B,1546,x
5367,A,1701,x
5369,A,1368,x
5372,A,1896,x
5374,A,1775,x
5376,C,1464,x
5377,C,1734,x
5378,C,1813,x
5380,D,1669,x
5381,A,1819,x
5382,B,1370,x
5383,D,1831,x
5384,D,1336,x
5385,D,1844,x
5386,D,1635,x
5389,A,1108,x
5390,D,1482,x
5392,A,1570,x
5393,B,1432,x
5396,B,1252,x
5397,B,1431,x
5398,D,1758,x
5404,D,1465,x
5407,C,1030,x
5408,A,1278,x
5409,A,1507,x
5410,B,1170,x
5411,B,1699,x
5422,A,1076,x
5423,A,1864,x
5424,B,1113,x
5426,C,1413,x
5428,C,1948,x
5429,D,1374,x
5430,A,1680,x
5433,C,1889,x
5438,D,1523,x
5439,B,1618,x
5441,D,1024,x
5444,D,1784,x
5445,A,1567,x
5447,C,1822,x
5450,C,1577,x
5451,C,1312,x
5452,C,1014,x
5455,D,1913,x
5457,D,1552,x
5460,C,1685,x
5463,C,1696,x
5465,D,1578,x
5467,B,1643,x
5472,B,1442,x
5473,B,1775,x
5475,C,1531,x
5477,A,1314,x
5480,D,1849,x
5487,D,1471,x
5489,C,1772,x
5490,D,1490,x
5491,B,1914,x
5493,C,1529,x
5494,B,1470,x
5497,C,1490,x
5498,A,1982,x
5499,C,1325,x
5501,D,1822,x
5503,A,1724,x
5507,D,1765,x
5509,B,1031,x
5511,C,1299,x
5515,D,1368,x
5517,C,1937,x
5522,B,1330,x
5527,C,1643,x
5528,A,1964,x
5529,A,1964,x
5530,D,1704,x
5536,C,1416,x
5537,D,1520,x
5539,B,1394,x
5540,C,1828,x
5542,C,1004,x
5544,D,1713,x
5547,A,1405,x
5548,B,1235,x
5551,A,1523,x
5554,D,1528,x
5555,D,1241,x
5556,D,1051,x
5558,D,1976,x
5559,A,1869,x
5561,D,1664,x
5562,B,1366,x
5563,D,1668,x
5566,D,1376,x
5569,B,1999,x
5572,A,1665,x
5574,C,1349,x
5577,B,1547,x
5580,C,1136,x
5584,A,1792,x
5590,D,1332,x
5593,C,1732,x
5597,A,1259,x
5600,A,1169,x
5601,D,1465,x
5602,C,1243,x
5607,D,1989,x
5608,B,1475,x
5609,D,1779,x
5611,D,1103,x
5612,B,1599,x
5619,B,1534,x
5621,C,1464,x
5623,B,1065,x
5625,B,1492,x
5627,D,1948,x
5628,B,1256,x
5630,C,1303,x
5633,B,1971,x
5634,C,1343,x
5635,D,1750,x
5636,C,1017,x
5641,A,1051,x
5642,A,1111,x
5645,A,1712,x
5647,B,1872,x
5649,B,1547,x
5651,A,1786,x
5652,A,1112,x
5653,A,1257,x
5655,B,1556,x
5658,C,1759,x
5659,A,1510,x
5660,A,1333,x
5661,B,1301,x
5662,C,1246,x
5663,A,1160,x
5666,B,1204,x
5667,D,1100,x
5668,A,1300,x
5670,A,1665,x
5672,C,1152,x
5674,A,1574,x
5676,B,1912,x
5680,C,1020,x
5683,A,1500,x
5684,D,1512,x
5685,A,1812,x
5687,B,1755,x
5688,D,1368,x
5689,D,1729,x
5692,D,1610,x
5693,C,1072,x
5694,D,1370,x
5695,A,1619,x
5696,B,1319,x
5700,C,1492,x
5701,A,1846,x
5704,B,1052,x
5705,C,1236,x
5706,A,1396,x
5708,A,1576,x
5709,C,1596,x
5710,D,1179,x
5715,D,1329,x
5720,C,1055,x
5722,B,1345,x
5725,B,1052,x
5726,B,1677,x
5727,A,1766,x
5728,C,1674,x
5729,A,1632,x
5731,C,1931,x
5733,A,1962,x
5734,D,1871,x
5735,B,1910,x
5738,B,1461,x
5739,D,1453,x
5741,B,1330,x
5743,B,1136,x
5744,D,1806,x
5745,C,1742,x
5746,A,1507,x
5748,D,1436,x
5749,D,1721,x
5750,C,1680,x
5752,D,1292,x
5754,B,1975,x
5755,D,1920,x
5756,A,1027,x
5758,A,1852,x
5760,C,1389,x
5762,C,1103,x
5763,B,1146,x
5766,D,1010,x
5768,A,1034,x
5769,B,1672,x
5770,D,1255,x
5772,A,1646,x
5773,B,1888,x
5778,D,1928,x
5779,D,1719,x
5782,C,1712,x
5790,C,1467,x
5791,A,1362,x
5794,A,1029,x
5796,C,1356,x
5798,C,1141,x
5800,A,1908,x
5801,A,1894,x
5805,A,1842,x
5807,D,1088,x
5810,C,1255,x
5811,A,1125,x
5813,C,1436,x
5815,C,1262,x
5816,B,1242,x
5820,B,1819,x
5825,C,1464,x
5826,B,1839,x
5827,C,1364,x
5828,D,1534,x
5833,A,1976,x
5836,B,1344,x
5837,C,1634,x
5839,C,1750,x
5841,A,1222,x
5843,B,1474,x
5844,B,1845,x
5845,C,1191,x
5850,B,1567,x
5851,A,1150,x
5853,D,1994,x
5854,B,1859,x
5857,A,1097,x
5859,D,1186,x
5861,A,1143,x
5862,A,1225,x
5863,D,1434,x
5868,C,1387,x
5870,B,1739,x
5872,A,1458,x
5875,C,1520,x
5876,C,1353,x
5877,B,1325,x
5879,D,1451,x
5882,A,1264,x
5883,A,1455,x
5884,D,1311,x
5885,D,1672,x
5886,C,1539,x
5888,D,1245,x
5889,B,1205,x
5893,C,1395,x
5897,A,1616,x
5900,D,1712,x
5902,C,1492,x
5904,D,1150,x
5908,B,1528,x
5910,B,1392,x
5911,B,1767,x
5912,D,1247,x
5913,B,1751,x
5914,D,1488,x
5916,D,1314,x
5917,C,1401,x
5918,D,1492,x
5919,A,1868,x
5921,D,1643,x
5922,B,1375,x
5923,A,1518,x
5928,D,1012,x
5929,B,1491,x
5930,C,1370,x
5931,B,1305,x
5936,C,1659,x
5937,D,1257,x
5938,D,1234,x
5939,B,1225,x
5941,D,1677,x
5945,B,1399,x
5946,B,1884,x
5950,B,1171,x
5952,C,1698,x
5953,B,1912,x
5955,C,1903,x
5960,D,1888,x
5964,A,1391,x
5966,B,1929,x
5967,A,1667,x
5969,D,1247,x
5970,C,1434,x
5971,A,1948,x
5972,B,1403,x
5974,B,1616,x
5976,D,1844,x
5978,A,1281,x
5983,C,1993,x
5984,B,1494,x
5985,C,1031,x
5987,A,1200,x
5988,D,1002,x
5989,B,1340,x
5990,B,1143,x
5996,B,1458,x
6000,D,1097,x
6001,B,1021,x
6002,D,1706,x
6003,C,1041,x
6004,B,1545,x
6005,C,1215,x
6007,A,1726,x
6010,B,1837,x
6011,B,1014,x
6012,C,1583,x
6013,A,1354,x
6015,B,1336,x
6018,D,1420,x
6027,A,1627,x
6028,A,1584,x
6032,C,1267,x
6033,B,1227,x
6034,B,1130,x
6036,D,1645,x
6037,B,1332,x
6038,B,1402,x
6041,B,1850,x
6042,D,1501,x
6043,A,1771,x
6044,A,1927,x
6047,C,1841,x
6051,C,1310,x
6052,C,1968,x
6054,B,1960,x
6055,D,1021,x
6057,A,1929,x
6061,C,1734,x
6062,D,1332,x
6064,A,1832,x
6067,B,1279,x
6068,D,1418,x
6069,B,1246,x
6070,D,1272,x
6071,C,1283,x
6073,B,1194,x
6074,C,1179,x
6076,B,1283,x
6079,C,1487,x
6080,B,1832,x
6083,A,1309,x
6085,C,1634,x
6086,D,1506,x
6091,C,1198,x
6092,A,1062,x
6098,A,1576,x
6099,D,1783,x
6101,C,1781,x
6103,C,1294,x
6106,B,1518,x
6109,D,1372,x
6110,D,1559,x
6111,B,1627,x
6113,B,1737,x
6115,A,1359,x
6118,C,1598,x
6121,C,1343,x
6124,C,1779,x
6125,D,1844,x
6126,C,1350,x
6127,B,1278,x
6128,B,1303,x
6129,D,1072,x
6131,D,1038,x
6133,D,1842,x
6135,C,1389,x
6140,C,1256,x
6143,B,1612,x
6145,C,1273,x
6146,D,1327,x
6147,A,1971,x
6148,C,1709,x
6149,D,1935,x
6150,C,1158,x
6151,B,1918,x
6153,C,1470,x
6156,B,1645,x
6157,A,1935,x
6159,D,1357,x
6160,C,1182,x
6162,C,1608,x
6165,C,1929,x
6166,A,1623,x
6167,A,1674,x
6169,A,1948,x
6171,C,1257,x
6172,A,1806,x
6173,B,1358,x
6175,A,1139,x
6178,B,1594,x
6179,D,1786,x
6182,A,1189,x
6186,A,1152,x
6188,A,1741,x
6190,A,1694,x
6191,A,1433,x
6192,D,1962,x
6193,A,1910,x
6195,A,1159,x
6199,C,1634,x
6200,C,1899,x
6201,B,1332,x
6202,A,1327,x
6203,A,1070,x
6204,C,1789,x
6205,A,1288,x
6206,D,1806,x
6210,B,1485,x
6212,A,1125,x
6216,C,1922,x
6217,B,1647,x
6218,A,1534,x
6220,B,1420,x
6223,D,1128,x
6230,B,1329,x
6231,C,1306,x
6233,D,1236,x
6236,D,1450,x
6237,A,1419,x
6238,A,1299,x
6240,A,1332,x
6241,A,1488,x
6245,C,1802,x
6246,B,1880,x
6249,B,1929,x
6250,A,1516,x
6251,A,1405,x
6252,C,1483,x
6253,A,1035,x
6257,A,1101,x
6258,C,1572,x
6259,D,1657,x
6262,D,1153,x
6264,D,1035,x
6265,C,1546,x
6268,A,1194,x
6269,B,1720,x
6270,C,1525,x
6271,D,1905,x
6273,B,1265,x
6274,D,1912,x
6275,C,1187,x
6276,C,1925,x
6277,C,1514,x
6279,C,1758,x
6280,C,1106,x
6281,C,1424,x
6282,A,1562,x
6283,B,1845,x
6289,A,1751,x
6290,B,1858,x
6291,D,1517,x
6292,A,1090,x
6293,C,1576,x
6298,A,1423,x
6299,C,1353,x
6300,C,1660,x
6301,C,1717,x
6303,D,1167,x
6304,C,1925,x
6305,D,1573,x
6306,B,1554,x
6307,C,1122,x
6308,C,1003,x
6310,B,1934,x
6312,C,1732,x
6314,D,1238,x
6315,C,1115,x
6317,C,1412,x
6318,B,1776,x
6319,A,1959,x
6322,D,1871,x
6324,C,1982,x
6325,B,1251,x
6328,D,1636,x
6329,B,1220,x
6332,C,1090,x
6334,D,1092,x
6336,A,1993,x
6337,B,1191,x
6339,C,1351,x
6341,A,1569,x
6342,A,1955,x
6344,D,1628,x
6345,D,1142,x
6350,D,1060,x
6354,A,1910,x
6355,B,1563,x
6356,B,1188,x
6359,B,1238,x
6361,A,1491,x
6362,A,1169,x
6363,C,1337,x
6368,D,1540,x
6369,B,1021,x
6370,D,1934,x
6371,C,1779,x
6375,B,1689,x
6377,A,1588,x
6378,A,1070,x
6379,B,1295,x
6380,C,1182,x
6381,B,1018,x
6382,B,1789,x
6386,A,1130,x
6390,B,1287,x
6391,A,1007,x
6392,D,1201,x
6395,B,1127,x
6397,C,1780,x
6398,A,1951,x
6403,B,1704,x
6404,A,1568,x
6413,B,1282,x
6415,D,1991,x
6417,D,1761,x
6418,B,1515,x
6420,B,1418,x
6421,B,1780,x
6428,D,1347,x
6432,D,1444,x
6433,C,1928,x
6434,C,1894,x
6435,C,1010,x
6436,B,1587,x
6437,D,1945,x
6438,B,1717,x
6441,C,1677,x
6442,B,1251,x
6443,C,1082,x
6444,B,1453,x
6446,A,1868,x
6449,D,1290,x
6450,C,1557,x
6451,C,1006,x
6453,D,1245,x
6456,A,1318,x
6458,A,1596,x
6459,C,1371,x
6464,D,1791,x
6466,C,1595,x
6467,B,1310,x
6471,B,1558,x
6474,C,1520,x
6475,D,1068,x
6477,B,1892,x
6478,B,1094,x
6484,A,1118,x
6486,B,1043,x
6487,D,1470,x
6489,A,1110,x
6490,C,1712,x
6492,B,1671,x
6493,B,1953,x
6497,C,1667,x
6499,C,1260,x
6502,C,1113,x
6503,C,1445,x
6504,C,1307,x
6505,D,1323,x
6506,B,1196,x
6507,C,1558,x
6509,D,1435,x
6513,A,1358,x
6515,C,1788,x
6520,B,1301,x
6521,B,1348,x
6522,B,1542,x
6523,A,1917,x
6524,B,1533,x
6526,D,1758,x
6527,B,1404,x
6528,A,1954,x
6529,A,1913,x
6530,C,1502,x
6531,B,1135,x
6533,D,1604,x
6535,A,1836,x
6536,A,1394,x
6537,A,1838,x
6538,A,1355,x
6540,A,1848,x
6542,A,1494,x
6544,A,1058,x
6545,D,1937,x
6546,B,1721,x
6547,C,1980,x
6548,A,1996,x
6551,B,1464,x
6552,B,1211,x
6553,B,1772,x
6556,C,1854,x
6557,D,1475,x
6558,B,1330,x
6562,C,1757,x
6563,C,1991,x
6564,A,1777,x
6565,C,1288,x
6575,A,1469,x
6580,B,1151,x
6583,D,1132,x
6585,B,1034,x
6587,A,1205,x
6588,A,1062,x
6590,B,1517,x
6591,A,1460,x
6592,A,1144,x
6594,D,1274,x
6596,B,1548,x
6598,A,1578,x
6599,A,1071,x
6605,D,1566,x
6606,D,1262,x
6607,C,1803,x
6608,C,1761,x
6611,B,1153,x
6612,D,1013,x
6613,D,1185,x
6614,D,1382,x
6617,B,1077,x
6619,C,1323,x
6620,B,1935,x
6621,D,1415,x
6626,C,1446,x
6629,C,1403,x
6633,B,1192,x
6635,B,1230,x
6639,A,1127,x
6640,D,1116,x
6641,D,1910,x
6642,C,1454,x
6643,A,1571,x
6644,A,1232,x
6645,D,1855,x
6646,B,1370,x
6648,B,1467,x
6651,B,1623,x
6652,D,1109,x
6653,C,1550,x
6655,A,1774,x
6659,D,1278,x
6660,B,1387,x
6662,B,1411,x
6666,A,1364,x
6667,D,1929,x
6669,D,1252,x
6672,D,1784,x
6673,B,1387,x
6674,B,1770,x
6675,B,1606,x
6679,D,1324,x
6680,B,1916,x
6682,B,1108,x
6683,B,1595,x
6689,B,1274,x
6690,D,1966,x
6691,B,1265,x
6693,C,1733,x
6694,B,1319,x
6695,D,1524,x
6696,A,1783,x
6700,C,1826,x
6701,B,1385,x
6702,B,1330,x
6705,A,1927,x
6706,A,1792,x
6708,A,1104,x
6710,B,1065,x
6712,D,1291,x
6715,D,1853,x
6717,C,1143,x
6718,D,1615,x
6719,C,1955,x
6721,A,1009,x
6722,D,1342,x
6723,B,1668,x
6725,C,1668,x
6728,D,1677,x
6729,D,1981,x
6732,B,1910,x
6733,C,1769,x
6734,C,1751,x
6735,C,1774,x
6737,C,1870,x
6739,D,1172,x
6740,A,1959,x
6741,D,1706,x
6742,C,1679,x
6744,A,1243,x
6745,B,1229,x
6746,B,1365,x
6747,B,1676,x
6748,B,1669,x
6750,A,1745,x
6753,C,1139,x
6754,C,1521,x
6757,B,1358,x
6760,D,1619,x
6761,B,1272,x
6762,D,1253,x
6766,D,1538,x
6767,A,1845,x
6771,D,1777,x
6774,D,1531,x
6778,B,1255,x
6782,C,1112,x
6783,A,1439,x
6785,C,1575,x
6787,D,1388,x
6789,A,1877,x
6790,B,1462,x
6793,A,1014,x
6794,C,1095,x
6795,B,1408,x
6796,B,1781,x
6797,B,1766,x
6798,D,1122,x
6800,C,1650,x
6801,D,1912,x
6802,B,1124,x
6803,B,1197,x
6804,B,1711,x
6805,C,1857,x
6806,D,1281,x
6807,C,1730,x
6808,C,1900,x
6811,B,1334,x
6812,B,1036,x
6813,C,1730,x
6815,B,1931,x
6816,B,1868,x
6818,D,1376,x
6828,C,1955,x
6832,D,1901,x
6836,A,1586,x
6837,D,1329,x
6838,A,1823,x
6839,A,1795,x
6844,A,1075,x
6847,A,1531,x
6848,A,1476,x
6849,C,1422,x
6854,C,1064,x
6856,D,1421,x
6859,D,1212,x
6862,B,1001,x
6863,C,1407,x
6864,A,1640,x
6865,B,1829,x
6867,A,1994,x
6868,B,1714,x
6874,C,1942,x
6875,B,1803,x
6877,D,1755,x
6879,A,1871,x
6881,D,1585,x
6882,A,1647,x
6883,D,1582,x
6885,C,1918,x
6886,D,1321,x
6887,D,1984,x
6890,C,1211,x
6894,D,1531,x
6895,D,1130,x
6901,C,1517,x
6902,D,1426,x
6904,D,1655,x
6907,B,1340,x
6908,C,1772,x
6914,D,1792,x
6915,D,1041,x
6918,B,1311,x
6919,D,1348,x
6920,C,1038,x
6921,C,1282,x
6928,A,1611,x
6929,D,1768,x
6932,B,1012,x
6933,A,1811,x
6935,A,1711,x
6936,C,1127,x
6938,B,1148,x
6942,A,1081,x
6943,D,1072,x
6946,C,1821,x
6948,A,1399,x
6950,D,1520,x
6951,C,1839,x
6952,D,1167,x
6957,C,1812,x
6958,C,1007,x
6960,B,1936,x
6961,B,1508,x
6962,C,1510,x
6964,B,1683,x
6966,C,1124,x
6967,A,1413,x
6968,A,1712,x
6970,A,1029,x
6975,D,1021,x
6976,C,1628,x
6981,D,1767,x
6982,B,1711,x
6984,D,1244,x
6985,C,1964,x
6990,D,1676,x
6992,B,1058,x
6997,D,1161,x
7000,C,1021,x
7002,B,1640,x
7003,B,1611,x
7005,B,1286,x
7006,B,1183,x
7008,D,1881,x
7009,A,1004,x
7010,D,1559,x
7011,C,1156,x
7015,D,1430,x
7016,D,1759,x
7019,C,1056,x
7020,A,1324,x
7021,C,1976,x
7022,C,1984,x
7024,A,1728,x
7025,D,1527,x
7026,A,1781,x
7028,D,1882,x
7030,D,1942,x
7031,B,1841,x
7032,C,1937,x
7035,A,1500,x
7038,A,1751,x
7039,A,1142,x
7043,C,1305,x
7047,A,1656,x
7048,D,1530,x
7049,D,1985,x
7052,B,1298,x
7053,D,1881,x
7054,B,1878,x
7055,D,1698,x
7058,A,1469,x
7059,B,1817,x
7060,B,1524,x
7064,C,1113,x
7066,B,1619,x
7068,C,1719,x
7070,C,1797,x
7072,C,1355,x
7076,B,1790,x
7080,C,1319,x
7082,B,1081,x
7084,D,1488,x
7085,D,1227,x
7086,A,1275,x
7087,B,1073,x
7088,D,1607,x
7092,D,1130,x
7093,C,1227,x
7097,A,1915,x
7098,C,1503,x
7099,C,1011,x
7102,C,1372,x
7104,A,1021,x
7107,C,1816,x
7108,B,1566,x
7116,D,1050,x
7117,A,1099,x
7121,B,1741,x
7122,A,1247,x
7123,D,1431,x
7125,D,1945,x
7127,D,1771,x
7128,B,1514,x
7129,C,1799,x
7130,C,1222,x
7134,C,1586,x
7135,A,1430,x
7141,D,1192,x
7143,B,1789,x
7147,B,1299,x
7149,A,1919,x
7152,C,1066,x
7153,B,1459,x
7154,C,1333,x
7155,D,1687,x
7156,C,1589,x
7157,A,1944,x
7158,A,1615,x
7160,D,1768,x
7163,C,1909,x
7164,B,1185,x
7165,D,1101,x
7166,C,1807,x
7167,A,1001,x
7168,C,1547,x
7171,A,1256,x
7177,B,1261,x
7180,C,1190,x
7182,C,1289,x
7185,D,1023,x
7186,A,1224,x
7188,D,1770,x
7189,D,1927,x
7192,A,1464,x
7194,C,1346,x
7195,D,1691,x
7196,D,1895,x
7200,C,1925,x
7202,A,1804,x
7203,D,1680,x
7205,C,1780,x
7207,D,1711,x
7213,B,1141,x
7216,A,1392,x
7226,D,1617,x
7227,D,1879,x
7231,D,1316,x
7232,A,1145,x
7233,D,1999,x
7234,A,1731,x
7237,B,1935,x
7239,A,1866,x
7241,B,1040,x
7242,B,1356,x
7243,A,1558,x
7244,C,1813,x
7246,D,1603,x
7249,D,1099,x
7251,D,1962,x
7253,C,1510,x
7255,C,1708,x
7258,A,1307,x
7259,D,1797,x
7260,B,1231,x
7263,C,1760,x
7271,A,1229,x
7275,B,1666,x
7277,C,1103,x
7280,C,1344,x
7283,D,1236,x
7286,C,1898,x
7287,A,1491,x
7291,A,1577,x
7292,B,1191,x
7294,B,1082,x
7295,C,1398,x
7297,D,1937,x
7299,B,1679,x
7300,B,1249,x
7301,B,1065,x
7307,D,1065,x
7309,D,1638,x
7311,B,1013,x
7313,B,1697,x
7314,D,1431,x
7317,D,1363,x
7318,B,1173,x
7321,C,1928,x
7322,B,1943,x
7323,C,1083,x
7325,A,1926,x
7326,C,1526,x
7327,C,1950,x
7328,A,1401,x
7329,C,1210,x
7330,B,1538,x
7331,C,1206,x
7333,B,1837,x
7336,A,1177,x
7337,D,1779,x
7339,A,1675,x
7348,D,1940,x
7349,D,1510,x
7351,D,1517,x
7353,D,1370,x
7355,C,1929,x
7357,A,1483,x
7358,A,1704,x
7360,C,1293,x
7361,A,1401,x
7362,B,1375,x
7365,C,1972,x
7367,D,1640,x
7368,A,1873,x
7369,B,1293,x
7371,A,1422,x
7374,D,1083,x
7375,A,1313,x
7376,D,1648,x
7377,A,1783,x
7378,A,1348,x
7379,B,1035,x
7383,D,1411,x
7392,B,1088,x
7393,D,1287,x
7398,D,1785,x
7401,D,1907,x
7402,D,1388,x
7403,C,1364,x
7405,C,1204,x
7407,C,1657,x
7408,B,1928,x
7409,A,1401,x
7412,C,1182,x
7414,B,1075,x
7416,C,1291,x
7418,C,1962,x
7421,A,1629,x
7427,D,1820,x
7428,A,1519,x
7431,C,1838,x
7434,D,1912,x
7435,C,1519,x
7436,D,1123,x
7437,C,1838,x
7443,B,1325,x
7445,B,1471,x
7446,D,1255,x
7448,D,1179,x
7449,A,1656,x
7451,B,1553,x
7452,A,1793,x
7454,D,1370,x
7456,A,1906,x
7457,B,1077,x
7460,A,1150,x
7462,D,1851,x
7463,A,1936,x
7469,D,1134,x
7471,B,1225,x
7472,D,1758,x
7475,D,1757,x
7477,C,1502,x
7481,C,1443,x
7483,B,1126,x
7484,C,1215,x
7487,A,1091,x
7492,A,1700,x
7496,B,1866,x
7497,B,1408,x
7498,C,1853,x
7499,D,1994,x
7500,A,1884,x
7501,A,1226,x
7503,D,1873,x
7504,B,1910,x
7509,C,1149,x
7510,C,1822,x
7511,D,1558,x
7517,C,1493,x
7521,D,1547,x
7522,D,1973,x
7523,C,1663,x
7524,A,1338,x
7525,C,1339,x
7526,A,1047,x
7527,B,1024,x
7529,A,1011,x
7531,D,1853,x
7535,D,1870,x
7536,C,1798,x
7539,C,1879,x
7542,D,1645,x
7545,D,1395,x
7546,C,1091,x
7548,C,1574,x
7551,D,1999,x
7554,D,1017,x
7557,D,1027,x
7560,C,1068,x
7564,D,1363,x
7565,A,1428,x
7570,C,1067,x
7573,A,1322,x
7575,A,1455,x
7577,D,1701,x
7578,A,1959,x
7579,D,1571,x
7583,D,1080,x
7584,D,1322,x
7586,B,1292,x
7589,D,1842,x
7590,B,1370,x
7591,D,1748,x
7600,A,1985,x
7601,B,1749,x
7604,D,1865,x
7605,B,1530,x
7606,A,1410,x
7607,D,1958,x
7608,D,1573,x
7609,A,1261,x
7611,A,1067,x
7614,A,1932,x
7616,D,1735,x
7622,A,1442,x
7624,B,1338,x
7626,D,1209,x
7630,D,1498,x
7631,A,1170,x
7632,C,1885,x
7634,B,1561,x
7636,C,1044,x
7648,C,1127,x
7649,C,1144,x
7654,A,1597,x
7656,A,1836,x
7657,A,1555,x
7658,A,1585,x
7659,B,1837,x
7662,D,1977,x
7666,C,1613,x
7667,B,1387,x
7669,C,1594,x
7670,B,1820,x
7671,A,1613,x
7672,D,1433,x
7673,B,1896,x
7674,C,1689,x
7675,C,1720,x
7676,A,1277,x
7680,D,1653,x
7681,D,1206,x
7687,D,1320,x
7688,C,1336,x
7689,B,1264,x
7691,C,1720,x
7692,C,1669,x
7693,B,1712,x
7695,B,1454,x
7697,A,1413,x
7698,B,1936,x
7699,A,1889,x
7701,D,1003,x
7705,C,1393,x
7706,A,1745,x
7707,D,1922,x
7711,D,1325,x
7714,D,1087,x
7716,B,1550,x
7717,D,1869,x
7718,D,1104,x
7721,C,1704,x
7722,C,1926,x
7727,B,1045,x
7729,D,1066,x
7730,B,1885,x
7731,C,1890,x
7732,A,1455,x
7733,C,1241,x
7734,D,1757,x
7735,A,1660,x
7736,C,1639,x
7737,A,1955,x
7738,D,1643,x
7739,A,1079,x
7740,B,1331,x
7741,C,1586,x
7745,A,1998,x
7749,D,1478,x
7750,B,1972,x
7751,D,1198,x
7754,C,1520,x
7755,A,1722,x
7757,A,1591,x
7758,C,1008,x
7760,A,1278,x
7761,A,1499,x
7765,C,1593,x
7767,B,1443,x
7768,B,1171,x
7775,C,1939,x
7779,B,1458,x
7780,D,1556,x
7781,C,1541,x
7783,B,1665,x
7786,D,1243,x
7788,D,1248,x
7789,D,1602,x
7790,D,1704,x
7791,C,1225,x
7792,D,1185,x
7795,C,1174,x
7796,A,1666,x
7797,C,1185,x
7803,A,1543,x
7806,D,1106,x
7807,A,1439,x
7808,A,1119,x
7810,A,1342,x
7811,B,1586,x
7814,C,1405,x
7815,C,1951,x
7819,D,1913,x
7820,D,1010,x
7821,C,1094,x
7823,B,1129,x
7824,B,1359,x
7826,B,1828,x
7831,D,1948,x
7836,C,1685,x
7837,B,1446,x
7838,B,1099,x
7839,B,1735,x
7840,B,1950,x
7842,D,1572,x
7844,A,1097,x
7846,C,1724,x
7847,A,1273,x
7849,D,1216,x
7851,B,1989,x
7852,A,1234,x
7853,D,1165,x
7855,A,1386,x
7858,A,1960,x
7859,B,1479,x
7861,B,1502,x
7862,B,1699,x
7866,C,1369,x
7868,B,1652,x
7871,D,1494,x
7872,C,1351,x
7873,A,1842,x
7874,C,1366,x
7878,D,1800,x
7884,D,1292,x
7885,A,1418,x
7889,B,1976,x
7893,C,1272,x
7896,A,1314,x
7898,A,1534,x
7900,C,1460,x
7901,D,1374,x
7902,C,1176,x
7904,C,1141,x
7905,B,1767,x
7907,B,1758,x
7909,D,1835,x
7911,A,1660,x
7913,B,1899,x
7915,D,1303,x
7916,A,1246,x
7918,D,1073,x
7919,D,1950,x
7920,B,1445,x
7922,D,1953,x
7923,D,1185,x
7926,D,1679,x
7928,B,1628,x
7936,C,1908,x
7939,C,1315,x
7942,D,1006,x
7943,C,1867,x
7945,B,1466,x
7946,B,1808,x
7948,B,1279,x
7949,D,1945,x
7950,B,1850,x
7953,B,1677,x
7955,B,1261,x
7956,A,1503,x
7959,B,1211,x
7962,D,1252,x
7963,C,1748,x
7964,C,1504,x
7966,B,1906,x
7969,A,1776,x
7970,B,1701,x
7972,D,1025,x
7974,B,1927,x
7975,B,1013,x
7976,B,1961,x
7977,B,1169,x
7979,C,1667,x
7980,A,1312,x
7983,D,1389,x
7986,B,1800,x
7987,A,1864,x
7992,A,1088,x
7993,A,1774,x
7994,A,1893,x
7998,C,1746,x
8000,B,1442,x
8001,D,1323,x
8003,B,1168,x
8004,D,1642,x
8006,C,1958,x
8007,C,1554,x
8008,B,1790,x
8009,A,1180,x
8010,B,1230,x
8012,A,1189,x
8013,C,1424,x
8014,C,1485,x
8018,B,1949,x
8020,A,1565,x
8021,A,1880,x
8022,B,1877,x
8023,D,1406,x
8024,A,1743,x
8026,A,1449,x
8030,C,1369,x
8033,B,1884,x
8034,C,1355,x
8036,B,1045,x
8037,B,1108,x
8039,C,1964,x
8042,D,1850,x
8046,C,1541,x
8050,D,1293,x
8051,A,1885,x
8052,D,1501,x
8053,A,1614,x
8054,B,1444,x
8058,C,1968,x
8060,A,1072,x
8061,A,1508,x
8062,D,1774,x
8065,A,1350,x
8066,A,1467,x
8068,D,1012,x
8071,D,1964,x
8072,A,1515,x
8073,B,1154,x
8074,C,1529,x
8081,B,1233,x
8084,C,1929,x
8085,B,1400,x
8087,B,1313,x
8088,D,1264,x
8089,C,1340,x
8094,A,1241,x
8095,C,1940,x
8096,D,1095,x
8100,D,1338,x
8102,C,1913,x
8104,D,1226,x
8105,C,1775,x
8109,B,1623,x
8111,B,1325,x
8121,C,1306,x
8122,A,1854,x
8126,D,1672,x
8130,A,1008,x
8132,C,1476,x
8135,A,1710,x
8144,C,1013,x
8145,A,1856,x
8147,D,1184,x
8148,C,1859,x
8149,B,1942,x
8150,A,1545,x
8152,D,1596,x
8155,C,1028,x
8156,B,1452,x
8161,C,1388,x
8164,A,1434,x
8165,A,1589,x
8166,B,1256,x
8167,D,1593,x
8168,D,1927,x
8170,C,1100,x
8172,A,1851,x
8173,A,1941,x
8174,D,1706,x
8175,D,1573,x
8176,A,1043,x
8179,C,1311,x
8180,D,1585,x
8185,C,1214,x
8189,D,1360,x
8190,C,1832,x
8191,B,1302,x
8192,C,1067,x
8193,C,1126,x
8194,C,1112,x
8196,A,1404,x
8197,D,1216,x
8198,B,1771,x
8200,B,1955,x
8201,B,1182,x
8203,B,1256,x
8204,A,1729,x
8206,C,1985,x
8209,D,1268,x
8210,D,1058,x
8214,A,1988,x
8215,A,1763,x
8219,D,1711,x
8224,C,1882,x
8225,A,1054,x
8226,B,1032,x
8229,D,1016,x
8230,B,1526,x
8233,C,1172,x
8234,D,1752,x
8236,B,1314,x
8237,B,1021,x
8240,D,1646,x
8241,D,1823,x
8242,D,1307,x
8245,D,1366,x
8249,C,1585,x
8250,D,1338,x
8251,C,1704,x
8252,C,1817,x
8253,A,1167,x
8254,D,1263,x
8255,A,1824,x
8257,A,1100,x
8259,D,1459,x
8260,D,1705,x
8261,A,1107,x
8262,B,1181,x
8263,B,1625,x
8264,D,1735,x
8265,B,1162,x
8267,A,1305,x
8269,B,1921,x
8274,C,1599,x
8276,A,1949,x
8279,C,1182,x
8281,A,1143,x
8282,D,1262,x
8283,D,1235,x
8284,D,1029,x
8285,A,1147,x
8289,A,1737,x
8291,D,1744,x
8292,A,1470,x
8294,C,1311,x
8295,A,1032,x
8298,A,1851,x
8300,A,1425,x
8301,D,1382,x
8302,B,1182,x
8304,C,1382,x
8305,A,1104,x
8306,D,1422,x
8311,B,1206,x
8313,D,1729,x
8315,B,1343,x
8316,D,1855,x
8317,C,1127,x
8318,B,1806,x
8319,D,1533,x
8320,A,1069,x
8321,B,1860,x
8325,D,1967,x
8327,C,1113,x
8328,B,1785,x
8329,B,1936,x
8332,D,1537,x
8334,B,1041,x
8335,D,1846,x
8341,C,1908,x
8342,C,1987,x
8343,B,1375,x
8345,A,1239,x
8346,A,1451,x
8348,A,1674,x
8350,D,1626,x
8352,D,1514,x
8353,C,1423,x
8356,B,1969,x
8358,A,1267,x
8361,B,1735,x
8363,C,1164,x
8367,B,1292,x
8368,A,1763,x
8369,A,1971,x
8370,C,1793,x
8372,A,1905,x
8373,A,1839,x
8374,D,1590,x
8375,A,1616,x
8378,D,1940,x
8380,A,1723,x
8381,C,1149,x
8384,C,1864,x
8387,C,1659,x
8390,D,1650,x
8393,B,1148,x
8395,A,1393,x
8397,C,1920,x
8398,C,1921,x
8399,D,1602,x
8401,C,1851,x
8403,D,1673,x
8404,A,1533,x
8405,D,1393,x
8406,D,1174,x
8407,C,1821,x
8410,B,1767,x
8412,D,1645,x
8414,B,1750,x
8418,C,1444,x
8421,D,1688,x
8424,C,1823,x
8425,A,1240,x
8426,C,1557,x
8429,A,1106,x
8430,B,1866,x
8431,A,1887,x
8436,C,1970,x
8439,A,1017,x
8441,A,1719,x
8443,D,1969,x
8445,D,1765,x
8451,C,1073,x
8452,B,1619,x
8453,B,1898,x
8456,D,1624,x
8457,C,1567,x
8458,C,1500,x
8459,B,1895,x
8461,B,1683,x
8462,C,1495,x
8463,A,1666,x
8465,A,1681,x
8468,D,1149,x
8469,A,1314,x
8474,C,1173,x
8476,B,1102,x
8478,D,1102,x
8479,A,1770,x
8481,B,1399,x
8483,C,1134,x
8485,C,1695,x
8488,D,1119,x
8489,A,1344,x
8490,C,1341,x
8492,B,1895,x
8494,A,1271,x
8495,B,1889,x
8496,B,1369,x
8498,C,1425,x
8500,A,1237,x
8501,B,1522,x
8503,C,1303,x
8509,C,1236,x
8511,D,1276,x
8512,D,1055,x
8513,D,1812,x
8516,B,1615,x
8521,D,1392,x
8524,B,1083,x
8526,D,1131,x
8527,C,1982,x
8528,B,1709,x
8529,A,1614,x
8533,A,1538,x
8535,A,1371,x
8536,B,1671,x
8538,B,1787,x
8545,B,1197,x
8546,B,1527,x
8550,C,1487,x
8551,A,1086,x
8552,C,1092,x
8554,B,1617,x
8555,B,1062,x
8556,B,1226,x
8557,C,1877,x
8558,A,1797,x
8559,D,1810,x
8562,A,1675,x
8563,A,1865,x
8564,A,1043,x
8567,C,1447,x
8570,D,1471,x
8571,C,1728,x
8574,C,1310,x
8576,A,1611,x
8579,C,1121,x
8580,A,1611,x
8585,C,1114,x
8587,D,1048,x
8590,C,1944,x
8594,A,1726,x
8595,D,1305,x
8598,A,1114,x
8599,D,1899,x
8600,D,1267,x
8603,D,1682,x
8605,A,1141,x
8610,B,1147,x
8613,A,1954,x
8614,B,1041,x
8615,B,1215,x
8616,C,1694,x
8617,D,1037,x
8618,D,1908,x
8619,A,1916,x
8621,B,1294,x
8625,A,1684,x
8626,C,1062,x
8629,B,1808,x
8630,C,1301,x
8632,A,1224,x
8635,A,1342,x
8636,B,1356,x
8637,C,1089,x
8640,B,1078,x
8642,C,1484,x
8644,A,1917,x
8650,D,1766,x
8652,C,1960,x
8654,D,1061,x
8655,B,1144,x
8656,D,1427,x
8657,C,1077,x
8658,D,1450,x
8659,C,1432,x
8661,A,1175,x
8665,B,1486,x
8666,D,1537,x
8667,D,1433,x
8670,C,1539,x
8671,B,1111,x
8675,B,1692,x
8679,C,1295,x
8680,D,1678,x
8681,C,1617,x
8682,D,1046,x
8683,D,1882,x
8686,A,1357,x
8687,B,1970,x
8690,B,1107,x
8693,C,1895,x
8694,B,1339,x
8695,D,1385,x
8696,B,1743,x
8698,C,1773,x
8700,A,1906,x
8701,D,1222,x
8702,B,1099,x
8703,D,1969,x
8706,C,1080,x
8710,B,1883,x
8711,A,1538,x
8714,D,1440,x
8715,B,1315,x
8716,B,1088,x
8717,A,1366,x
8718,C,1753,x
8720,D,1441,x
8725,B,1013,x
8727,C,1113,x
8729,B,1348,x
8735,D,1518,x
8736,A,1907,x
8739,C,1627,x
8741,C,1103,x
8743,B,1780,x
8746,A,1384,x
8748,A,1002,x
8749,B,1281,x
8750,D,1710,x
8751,C,1264,x
8752,D,1654,x
8753,C,1054,x
8754,B,1075,x
8755,B,1897,x
8756,D,1759,x
8757,A,1128,x
8758,B,1405,x
8760,D,1769,x
8763,B,1612,x
8764,C,1774,x
8765,D,1582,x
8767,B,1108,x
8768,D,1762,x
8771,A,1736,x
8773,B,1088,x
8775,C,1351,x
8776,A,1349,x
8777,C,1158,x
8779,D,1663,x
8781,D,1294,x
8782,B,1502,x
8785,C,1554,x
8786,B,1915,x
8788,C,1216,x
8789,C,1477,x
8790,A,1203,x
8791,C,1763,x
8798,B,1424,x
8800,A,1142,x
8801,B,1499,x
8803,A,1921,x
8804,D,1576,x
8809,B,1850,x
8811,C,1049,x
8813,B,1186,x
8814,A,1386,x
8815,B,1579,x
8817,B,1662,x
8818,A,1204,x
8819,D,1359,x
8821,C,1227,x
8823,D,1714,x
8826,C,1074,x
8831,C,1859,x
8833,B,1587,x
8834,B,1544,x
8836,C,1510,x
8837,C,1107,x
8839,A,1777,x
8840,D,1492,x
8841,A,1436,x
8843,C,1582,x
8845,D,1221,x
8851,D,1176,x
8852,C,1315,x
8854,C,1430,x
8859,D,1779,x
8861,D,1546,x
8862,D,1433,x
8868,D,1358,x
8871,A,1842,x
8872,C,1307,x
8875,D,1546,x
8877,B,1695,x
8882,A,1339,x
8884,B,1592,x
8886,C,1582,x
8888,D,1763,x
8896,D,1571,x
8897,A,1430,x
8898,B,1925,x
8904,A,1709,x
8908,C,1819,x
8909,D,1035,x
8910,A,1673,x
8911,A,1174,x
8914,B,1880,x
8918,B,1656,x
8919,C,1566,x
8921,B,1106,x
8922,C,1964,x
8926,B,1622,x
8927,A,1953,x
8928,C,1186,x
8931,A,1778,x
8933,C,1470,x
8934,A,1551,x
8935,C,1506,x
8937,D,1802,x
8938,C,1043,x
8940,C,1278,x
8942,B,1083,x
8943,B,1301,x
8944,B,1364,x
8947,D,1222,x
8948,A,1717,x
8951,D,1605,x
8956,D,1859,x
8957,A,1715,x
8959,B,1007,x
8960,B,1615,x
8962,B,1031,x
8964,C,1282,x
8967,B,1998,x
8968,D,1349,x
8969,D,1001,x
8970,D,1727,x
8971,A,1913,x
8972,A,1105,x
8976,D,1808,x
8978,C,1192,x
8981,D,1162,x
8983,B,1679,x
8985,A,1439,x
8986,D,1275,x
8989,D,1724,x
8990,C,1742,x
8993,B,1548,x
8995,B,1528,x
8997,A,1331,x
8999,D,1142,x
9002,C,1329,x
9004,A,1525,x
9012,D,1824,x
9013,A,1983,x
9014,C,1774,x
9015,B,1881,x
9020,A,1764,x
9022,B,1448,x
9023,C,1164,x
9024,D,1799,x
9025,C,1762,x
9029,B,1825,x
9031,A,1870,x
9033,A,1958,x
9034,D,1219,x
9038,B,1705,x
9039,B,1235,x
9042,D,1214,x
9043,B,1638,x
9044,C,1120,x
9047,D,1191,x
9049,B,1611,x
9052,A,1703,x
9053,D,1844,x
9054,D,1680,x
9056,A,1436,x
9057,B,1087,x
9058,B,1282,x
9060,C,1111,x
9065,C,1913,x
9066,A,1898,x
9068,B,1391,x
9069,C,1554,x
9071,C,1502,x
9072,A,1530,x
9073,B,1495,x
9074,D,1854,x
9077,D,1715,x
9078,D,1898,x
9079,B,1337,x
9080,D,1381,x
9083,D,1974,x
9084,C,1395,x
9087,A,1991,x
9089,D,1598,x
9090,A,1749,x
9091,B,1104,x
9092,C,1305,x
9093,A,1408,x
9094,C,1989,x
9095,C,1537,x
9096,A,1909,x
9097,A,1927,x
9099,B,1544,x
9101,A,1024,x
9102,B,1768,x
9104,D,1095,x
9105,B,1449,x
9106,B,1926,x
9108,A,1817,x
9111,A,1758,x
9112,D,1089,x
9116,D,1164,x
9117,C,1528,x
9120,B,1466,x
9123,A,1460,x
9126,C,1518,x
9128,D,1780,x
9130,A,1069,x
9132,C,1097,x
9136,B,1126,x
9137,A,1010,x
9141,B,1121,x
9142,A,1324,x
9150,B,1184,x
9153,C,1105,x
9154,D,1311,x
9156,B,1018,x
9157,C,1884,x
9158,D,1160,x
9159,B,1099,x
9163,D,1115,x
9165,D,1171,x
9169,B,1196,x
9170,B,1027,x
9174,B,1160,x
9176,B,1278,x
9178,C,1615,x
9180,A,1216,x
9183,C,1190,x
9184,C,1063,x
9185,C,1345,x
9190,D,1225,x
9191,D,1906,x
9193,A,1907,x
9196,C,1802,x
9199,C,1447,x
9200,B,1089,x
9201,B,1507,x
9202,C,1591,x
9203,C,1283,x
9205,D,1313,x
9206,D,1032,x
9207,D,1477,x
9208,C,1778,x
9210,D,1143,x
9214,C,1386,x
9216,B,1848,x
9219,B,1050,x
9220,B,1487,x
9221,A,1141,x
9224,C,1595,x
9225,A,1290,x
9230,D,1393,x
9232,C,1968,x
9243,A,1483,x
9244,C,1780,x
9245,C,1080,x
9247,B,1466,x
9248,C,1449,x
9250,B,1462,x
9252,B,1397,x
9255,D,1612,x
9256,B,1070,x
9258,A,1342,x
9259,B,1626,x
9261,B,1540,x
9262,B,1548,x
9263,C,1974,x
9266,C,1320,x
9269,A,1527,x
9271,A,1431,x
9272,D,1825,x
9273,D,1040,x
9276,A,1954,x
9277,D,1967,x
9279,B,1639,x
9282,A,1036,x
9283,C,1383,x
9284,D,1849,x
9287,D,1107,x
9288,C,1533,x
9289,B,1325,x
9290,B,1038,x
9297,A,1248,x
9298,A,1955,x
9299,D,1995,x
9301,A,1349,x
9303,A,1844,x
9305,A,1891,x
9310,A,1902,x
9315,C,1006,x
9316,B,1182,x
9318,C,1430,x
9320,D,1571,x
9322,B,1263,x
9324,C,1657,x
9325,B,1016,x
9326,D,1910,x
9328,B,1023,x
9329,C,1004,x
9332,A,1820,x
9333,C,1362,x
9334,B,1037,x
9340,C,1880,x
9342,C,1808,x
9343,D,1276,x
9344,A,1538,x
9347,A,1804,x
9349,A,1531,x
9350,B,1484,x
9352,D,1997,x
9353,D,1270,x
9358,B,1313,x
9359,B,1721,x
9360,D,1295,x
9361,B,1002,x
9364,B,1703,x
9367,C,1614,x
9368,B,1030,x
9370,C,1847,x
9371,B,1192,x
9374,A,1079,x
9375,B,1767,x
9377,A,1060,x
9378,C,1322,x
9379,B,1918,x
9382,C,1277,x
9383,C,1765,x
9384,D,1833,x
9385,A,1900,x
9387,A,1577,x
9389,B,1291,x
9390,D,1812,x
9391,A,1158,x
9392,A,1620,x
9394,C,1039,x
9395,A,1931,x
9396,C,1084,x
9397,A,1841,x
9401,D,1972,x
9402,B,1486,x
9408,A,1189,x
9409,A,1746,x
9412,A,1045,x
9414,C,1750,x
9415,C,1105,x
9416,D,1285,x
9417,B,1824,x
9419,D,1524,x
9421,D,1687,x
9422,B,1462,x
9424,A,1750,x
9427,B,1697,x
9430,D,1969,x
9435,D,1347,x
9436,A,1718,x
9437,C,1781,x
9438,A,1481,x
9441,C,1512,x
9443,C,1909,x
9444,B,1174,x
9447,D,1713,x
9448,C,1083,x
9452,C,1398,x
9454,D,1793,x
9456,D,1279,x
9457,C,1702,x
9460,C,1723,x
9461,A,1999,x
9462,D,1119,x
9464,A,1707,x
9465,A,1332,x
9470,B,1828,x
9471,C,1734,x
9472,D,1872,x
9477,D,1929,x
9478,D,1091,x
9479,A,1472,x
9480,C,1679,x
9481,C,1151,x
9484,D,1014,x
9486,B,1161,x
9487,C,1376,x
9490,D,1652,x
9491,C,1720,x
9492,D,1354,x
9496,D,1516,x
9499,A,1099,x
9500,D,1820,x
9502,C,1377,x
9503,B,1005,x
9505,B,1261,x
9506,D,1169,x
9508,D,1056,x
9511,B,1590,x
9512,A,1896,x
9517,C,1936,x
9518,B,1052,x
9520,D,1322,x
9524,A,1733,x
9528,A,1828,x
9529,B,1523,x
9532,A,1449,x
9533,C,1827,x
9534,B,1391,x
9539,C,1285,x
9544,D,1751,x
9545,B,1093,x
9546,B,1692,x
9547,C,1276,x
9549,C,1287,x
9551,C,1963,x
9552,B,1689,x
9553,B,1800,x
9558,D,1501,x
9560,D,1737,x
9561,B,1483,x
9562,D,1001,x
9568,B,1462,x
9569,D,1693,x
9570,A,1548,x
9571,A,1777,x
9573,B,1143,x
9575,B,1829,x
9576,A,1298,x
9577,D,1611,x
9578,B,1842,x
9579,C,1059,x
9581,B,1439,x
9582,D,1882,x
9583,A,1707,x
9587,B,1681,x
9589,C,1740,x
9590,D,1825,x
9591,C,1198,x
9592,A,1491,x
9593,B,1463,x
9599,C,1962,x
9603,D,1562,x
9605,D,1512,x
9608,D,1612,x
9609,A,1557,x
9616,B,1665,x
9623,C,1660,x
9624,D,1839,x
9626,A,1823,x
9627,A,1340,x
9628,D,1616,x
9631,B,1825,x
9632,C,1986,x
9633,B,1898,x
9634,C,1398,x
9635,C,1210,x
9637,B,1573,x
9639,D,1977,x
9640,A,1691,x
9642,A,1098,x
9644,A,1719,x
9645,D,1583,x
9648,A,1735,x
9649,B,1350,x
9652,B,1777,x
9654,A,1038,x
9658,A,1744,x
9660,D,1255,x
9661,B,1688,x
9663,C,1055,x
9665,C,1919,x
9668,B,1755,x
9669,A,1316,x
9673,D,1116,x
9674,B,1111,x
9676,C,1548,x
9677,C,1266,x
9678,A,1047,x
9682,D,1846,x
9683,C,1605,x
9685,B,1463,x
9686,B,1770,x
9690,A,1632,x
9692,A,1182,x
9697,B,1975,x
9698,C,1980,x
9700,A,1811,x
9702,D,1431,x
9703,B,1498,x
9704,D,1646,x
9705,B,1672,x
9714,C,1202,x
9717,C,1586,x
9719,B,1084,x
9720,B,1708,x
9724,D,1661,x
9725,B,1079,x
9727,D,1007,x
9728,A,1536,x
9734,A,1617,x
9736,A,1376,x
9737,A,1672,x
9738,C,1797,x
9739,A,1573,x
9744,B,1437,x
9745,A,1056,x
9747,B,1601,x
9749,C,1112,x
9751,A,1608,x
9755,D,1997,x
9756,D,1786,x
9757,D,1754,x
9758,A,1455,x
9760,C,1946,x
9762,A,1863,x
9768,B,1508,x
9769,A,1404,x
9771,B,1185,x
9772,C,1509,x
9778,D,1882,x
9779,B,1190,x
9782,D,1312,x
9787,B,1949,x
9789,C,1783,x
9791,B,1396,x
9792,A,1887,x
9793,A,1749,x
9794,D,1254,x
9799,C,1746,x
9801,A,1587,x
9802,A,1781,x
9804,C,1084,x
9805,B,1877,x
9811,A,1537,x
9814,D,1548,x
9818,B,1386,x
9819,D,1960,x
9820,D,1129,x
9822,B,1451,x
9824,B,1511,x
9825,A,1355,x
9826,B,1687,x
9827,B,1241,x
9830,C,1880,x
9833,C,1135,x
9834,A,1798,x
9835,B,1155,x
9838,B,1137,x
9841,A,1307,x
9844,C,1793,x
9847,D,1579,x
9849,A,1851,x
9855,A,1997,x
9858,A,1289,x
9859,A,1626,x
9860,A,1347,x
9861,D,1751,x
9862,A,1373,x
9866,A,1576,x
9869,B,1307,x
9870,D,1933,x
9871,D,1088,x
9874,D,1605,x
9875,A,1703,x
9876,A,1292,x
9879,D,1416,x
9881,A,1947,x
9882,B,1847,x
9883,B,1441,x
9884,D,1880,x
9885,B,1386,x
9886,D,1884,x
9889,A,1140,x
9890,A,1872,x
9891,A,1593,x
9892,D,1155,x
9893,C,1335,x
9896,C,1511,x
9898,D,1928,x
9899,C,1065,x
9901,C,1111,x
9902,B,1099,x
9904,D,1869,x
9905,A,1495,x
9907,B,1049,x
9908,C,1146,x
9910,C,1183,x
9913,B,1782,x
9916,A,1342,x
9917,A,1183,x
9920,C,1398,x
9921,C,1460,x
9922,B,1897,x
9924,D,1243,x
9926,A,1155,x
9927,C,1363,x
9929,C,1554,x
9931,B,1299,x
9934,A,1341,x
9937,B,1950,x
9939,C,1508,x
9944,B,1138,x
9945,C,1614,x
9947,B,1473,x
9948,D,1295,x
9949,A,1345,x
9957,B,1633,x
9958,C,1977,x
9959,D,1994,x
9960,A,1471,x
9961,D,1094,x
9962,D,1424,x
9967,C,1273,x
9970,D,1277,x
9971,B,1926,x
9973,A,1360,x
9977,C,1709,x
9982,D,1662,x
9983,B,1497,x
9986,C,1400,x
9988,D,1730,x
9990,C,1025,x
9991,B,1152,x
9993,B,1113,x
9994,C,1032,x
10000,C,1424,x
10001,D,1234,x
10003,D,1967,x
10004,A,1448,x
10008,B,1725,x
10011,D,1240,x
10014,C,1881,x
10015,B,1461,x
10016,B,1106,x
10019,D,1311,x
10020,A,1826,x
10021,B,1903,x
10023,A,1848,x
10024,A,1760,x
10025,C,1657,x
10027,B,1013,x
10029,C,1521,x
10030,C,1745,x
10032,C,1985,x
10035,D,1545,x
10036,C,1318,x
10041,B,1005,x
10043,D,1749,x
10044,D,1594,x
10046,D,1407,x
10048,B,1207,x
10049,D,1732,x
10058,B,1394,x
10059,B,1136,x
10060,C,1629,x
10061,B,1267,x
10062,B,1452,x
10064,C,1370,x
10065,B,1045,x
10066,C,1044,x
10069,D,1157,x
10071,D,1749,x
10074,C,1636,x
10075,C,1630,x
10076,D,1138,x
10079,C,1992,x
10080,D,1642,x
10081,C,1645,x
10082,D,1087,x
10084,D,1453,x
10085,C,1894,x
10088,D,1151,x
10093,B,1038,x
10097,C,1077,x
10098,D,1109,x
10101,A,1959,x
10102,B,1885,x
10108,C,1377,x
10109,A,1149,x
10111,C,1932,x
10112,A,1798,x
10113,D,1239,x
10121,A,1336,x
10122,D,1294,x
10123,D,1417,x
10124,D,1556,x
10126,C,1800,x
10127,A,1939,x
10128,B,1721,x
10130,A,1150,x
10131,B,1712,x
10132,B,1842,x
10133,D,1280,x
10134,D,1028,x
10136,C,1638,x
10138,B,1011,x
10141,B,1108,x
10144,C,1335,x
10146,B,1409,x
10148,A,1730,x
10149,A,1642,x
10150,A,1066,x
10152,D,1798,x
10159,C,1670,x
10161,D,1322,x
10165,D,1787,x
10167,B,1165,x
10168,B,1628,x
10182,D,1208,x
10183,B,1916,x
10186,A,1114,x
10187,D,1615,x
10192,B,1674,x
10195,B,1885,x
10196,D,1411,x
10197,D,1178,x
10198,B,1462,x
10199,C,1391,x
10200,D,1662,x
10203,B,1935,x
10208,D,1304,x
10210,C,1420,x
10216,C,1462,x
10222,D,1728,x
10223,B,1660,x
10224,A,1052,x
10226,B,1173,x
10227,A,1886,x
10229,A,1581,x
10231,C,1599,x
10232,D,1467,x
10233,D,1624,x
10234,D,1634,x
10235,D,1677,x
10237,A,1235,x
10240,C,1960,x
10241,B,1285,x
10243,A,1686,x
10244,C,1283,x
10251,D,1295,x
10252,A,1941,x
10255,A,1463,x
10257,D,1475,x
10262,A,1928,x
10263,A,1710,x
10264,B,1347,x
10265,B,1942,x
10266,C,1671,x
10268,C,1008,x
10269,C,1219,x
10271,C,1544,x
10277,A,1155,x
10279,C,1398,x
10281,A,1898,x
10282,A,1335,x
10284,B,1923,x
10286,D,1145,x
10287,D,1088,x
10288,A,1864,x
10289,C,1868,x
10291,C,1923,x
10294,C,1080,x
10295,C,1237,x
10296,B,1061,x
10297,A,1511,x
10299,B,1803,x
10303,D,1778,x
10304,B,1568,x
10312,C,1548,x
10317,A,1264,x
10318,C,1103,x
10320,C,1558,x
10321,A,1414,x
10322,C,1053,x
10323,D,1737,x
10324,D,1976,x
10325,B,1032,x
10326,B,1375,x
10328,A,1114,x
10329,B,1553,x
10330,D,1179,x
10331,D,1433,x
10332,A,1476,x
10333,C,1700,x
10334,D,1526,x
10337,A,1463,x
10339,A,1998,x
10340,D,1928,x
10342,B,1824,x
10343,A,1756,x
10345,C,1339,x
10347,C,1158,x
10348,D,1326,x
10349,B,1571,x
10351,A,1723,x
10353,B,1987,x
10354,B,1578,x
10355,B,1528,x
10356,C,1650,x
10358,B,1465,x
10359,B,1460,x
10360,A,1399,x
10362,A,1201,x
10364,C,1252,x
10365,C,1364,x
10369,A,1760,x
10373,C,1759,x
10374,A,1608,x
10379,C,1682,x
10388,C,1009,x
10389,B,1796,x
10390,D,1504,x
10391,B,1727,x
10393,A,1648,x
10394,D,1076,x
10397,A,1769,x
10398,B,1299,x
10400,B,1945,x
10401,A,1030,x
10402,A,1589,x
10403,B,1323,x
10405,B,1779,x
10407,C,1918,x
10408,D,1743,x
10412,B,1002,x
10415,C,1079,x
10417,B,1002,x
10420,C,1732,x
10421,D,1938,x
10424,C,1688,x
10425,B,1760,x
10426,A,1186,x
10429,D,1586,x
10430,C,1485,x
10431,A,1128,x
10434,D,1832,x
10436,A,1214,x
10437,C,1396,x
10442,D,1125,x
10443,B,1170,x
10444,B,1604,x
10445,D,1601,x
10446,A,1865,x
10449,D,1670,x
10450,C,1549,x
10451,D,1034,x
10452,C,1040,x
10453,C,1768,x
10454,C,1739,x
10457,D,1696,x
10459,B,1774,x
10464,B,1983,x
10466,A,1758,x
10467,C,1463,x
10468,A,1732,x
10470,D,1844,x
10471,D,1871,x
10472,C,1891,x
10473,A,1064,x
10477,B,1847,x
10479,D,1465,x
10481,B,1928,x
10482,A,1002,x
10483,D,1968,x
10484,C,1632,x
10486,B,1286,x
10487,A,1553,x
10488,B,1495,x
10489,D,1701,x
10491,D,1137,x
10492,D,1573,x
10493,A,1791,x
10494,A,1719,x
10495,A,1507,x
10497,B,1053,x
10498,C,1980,x
10502,B,1817,x
10503,D,1492,x
10504,C,1011,x
10507,B,1435,x
10509,A,1840,x
10515,D,1938,x
10517,B,1587,x
10519,C,1123,x
10522,D,1015,x
10523,C,1490,x
10524,C,1481,x
10526,D,1369,x
10527,B,1073,x
10528,D,1885,x
10529,D,1923,x
10530,B,1891,x
10531,C,1941,x
10534,C,1818,x
10536,D,1692,x
10537,D,1977,x
10538,C,1523,x
10539,A,1221,x
10541,C,1230,x
10543,B,1267,x
10544,C,1315,x
10545,B,1486,x
10546,D,1011,x
10547,C,1422,x
10549,B,1014,x
10550,C,1349,x
10551,C,1590,x
10552,D,1970,x
10554,A,1911,x
10555,C,1263,x
10556,B,1325,x
10558,A,1129,x
10559,D,1128,x
10561,B,1771,x
10562,A,1943,x
10567,B,1721,x
10570,C,1034,x
10572,C,1415,x
10581,B,1969,x
10583,D,1307,x
10584,D,1196,x
10587,D,1676,x
10588,A,1274,x
10589,A,1988,x
10594,B,1438,x
10595,D,1647,x
10596,D,1695,x
10599,D,1652,x
10604,C,1136,x
10606,C,1386,x
10609,C,1277,x
10610,B,1016,x
10611,B,1106,x
10612,D,1345,x
10613,C,1588,x
10617,D,1256,x
10619,D,1571,x
10620,A,1975,x
10621,C,1524,x
10622,C,1270,x
10624,C,1738,x
10627,A,1316,x
10628,B,1743,x
10631,B,1699,x
10634,A,1318,x
10638,A,1467,x
10639,B,1365,x
10641,B,1246,x
10642,C,1768,x
10644,A,1181,x
10649,B,1686,x
10650,B,1899,x
10656,C,1492,x
10657,D,1992,x
10659,A,1635,x
10660,D,1151,x
10661,A,1151,x
10664,C,1107,x
10665,A,1022,x
10667,B,1894,x
10670,B,1509,x
10671,B,1418,x
10678,B,1268,x
10682,B,1084,x
10684,C,1241,x
10685,D,1350,x
10687,B,1528,x
10688,A,1627,x
10689,C,1461,x
10695,B,1497,x
10697,D,1843,x
10698,A,1396,x
10699,D,1407,x
10700,B,1440,x
10706,B,1984,x
10707,C,1555,x
10709,A,1589,x
10710,C,1791,x
10711,A,1904,x
10713,C,1299,x
10716,C,1081,x
10717,B,1526,x
10718,D,1200,x
10720,C,1074,x
10721,B,1348,x
10724,D,1982,x
10725,A,1371,x
10727,B,1221,x
10728,B,1328,x
10730,B,1621,x
10731,C,1854,x
10732,A,1798,x
10735,B,1099,x
10743,D,1914,x
10744,A,1879,x
10745,D,1983,x
10746,C,1641,x
10748,A,1788,x
10749,B,1929,x
10750,D,1461,x
10752,B,1552,x
10757,D,1224,x
10761,B,1064,x
10763,C,1974,x
10766,D,1651,x
10768,D,1133,x
10771,A,1426,x
10773,D,1572,x
10774,D,1965,x
10776,C,1218,x
10777,A,1067,x
10779,C,1904,x
10783,C,1726,x
10787,C,1351,x
10788,C,1368,x
10792,B,1331,x
10793,B,1021,x
10795,B,1607,x
10796,A,1131,x
10797,A,1414,x
10798,B,1558,x
10800,D,1808,x
10801,B,1628,x
10802,C,1083,x
10804,B,1306,x
10805,D,1581,x
10809,B,1314,x
10812,A,1283,x
10813,B,1280,x
10814,B,1939,x
10818,B,1037,x
10821,D,1630,x
10822,B,1943,x
10823,C,1607,x
10824,D,1214,x
10825,A,1873,x
10828,B,1756,x
10830,C,1893,x
10831,B,1818,x
10833,A,1876,x
10836,B,1261,x
10840,C,1546,x
10841,B,1688,x
10842,B,1603,x
10843,A,1830,x
10844,D,1053,x
10845,B,1882,x
10848,A,1355,x
10849,A,1693,x
10851,A,1382,x
10852,D,1989,x
10854,A,1941,x
10855,A,1861,x
10858,D,1644,x
10859,D,1564,x
10862,C,1379,x
10865,B,1370,x
10867,B,1675,x
10873,C,1455,x
10875,A,1670,x
10876,B,1837,x
10878,C,1284,x
10879,A,1351,x
10880,C,1356,x
10882,A,1652,x
10883,A,1401,x
10885,C,1466,x
10887,C,1709,x
10890,D,1666,x
10893,D,1661,x
10896,B,1713,x
10897,D,1219,x
10898,B,1429,x
10900,D,1585,x
10901,A,1850,x
10902,B,1567,x
10912,C,1737,x
10914,A,1869,x
10918,D,1828,x
10921,C,1040,x
10928,A,1246,x
10929,B,1331,x
10930,D,1184,x
10933,A,1859,x
10934,A,1100,x
10935,B,1621,x
10937,D,1877,x
10942,A,1656,x
10944,D,1753,x
10945,D,1830,x
10951,D,1495,x
10952,B,1911,x
10956,B,1790,x
10958,C,1003,x
10962,C,1581,x
10963,C,1138,x
10964,A,1643,x
10967,D,1978,x
10970,C,1505,x
10971,D,1916,x
10974,A,1302,x
10976,B,1605,x
10977,D,1591,x
10978,D,1502,x
10979,D,1349,x
10980,A,1970,x
10982,C,1735,x
10983,A,1709,x
10986,A,1866,x
10987,B,1772,x
10993,D,1054,x
10994,D,1666,x
10995,B,1107,x
10996,B,1896,x
10997,D,1836,x
10998,A,1677,x
10999,A,1535,x
11001,A,1176,x
11002,A,1489,x
11003,D,1594,x
11007,C,1297,x
11009,B,1101,x
11012,D,1207,x
11014,C,1109,x
11015,A,1731,x
11016,B,1499,x
11017,A,1520,x
11019,B,1363,x
11022,A,1070,x
11024,C,1806,x
11025,A,1543,x
11028,C,1971,x
11029,A,1346,x
11030,D,1716,x
11035,C,1418,x
11038,B,1282,x
11040,D,1948,x
11043,A,1299,x
11045,C,1167,x
11047,B,1061,x
11049,B,1756,x
11051,D,1097,x
11054,A,1282,x
11055,C,1736,x
11056,B,1718,x
11057,C,1343,x
11058,D,1434,x
11062,B,1052,x
11063,A,1514,x
11065,C,1945,x
11068,C,1942,x
11069,D,1738,x
11070,A,1038,x
11071,B,1756,x
11072,D,1514,x
11074,C,1893,x
11077,D,1316,x
11079,A,1999,x
11080,A,1979,x
11081,C,1796,x
11083,C,1297,x
11087,A,1158,x
11091,B,1083,x
11097,D,1432,x
11103,D,1087,x
11104,D,1188,x
11108,A,1997,x
11110,A,1356,x
11112,A,1658,x
11113,B,1055,x
11114,B,1484,x
11117,C,1893,x
11118,A,1885,x
11121,D,1501,x
11122,B,1047,x
11124,C,1841,x
11125,B,1995,x
11126,A,1297,x
11127,B,1051,x
11128,B,1331,x
11129,B,1780,x
11131,C,1187,x
11132,C,1952,x
11135,D,1378,x
11137,A,1509,x
11140,C,1948,x
11141,D,1052,x
11142,C,1063,x
11145,C,1524,x
11148,C,1190,x
11151,C,1797,x
11152,A,1202,x
11156,C,1939,x
11158,C,1122,x
11159,A,1528,x
11161,D,1906,x
11163,B,1865,x
11165,B,1990,x
11167,C,1253,x
11169,D,1037,x
11171,C,1847,x
11172,A,1150,x
11173,A,1336,x
11176,C,1140,x
11180,D,1150,x
11182,A,1055,x
11185,B,1499,x
11186,B,1244,x
11188,A,1336,x
11189,D,1471,x
11192,B,1984,x
11194,C,1839,x
11198,D,1692,x
11199,D,1639,x
11200,A,1897,x
11201,C,1813,x
11206,C,1715,x
11209,B,1887,x
11210,C,1265,x
11219,C,1177,x
11221,C,1630,x
11222,C,1775,x
11223,B,1946,x
11225,B,1101,x
11226,C,1002,x
11228,B,1101,x
11229,D,1866,x
11230,B,1983,x
11234,B,1126,x
11236,B,1368,x
11238,B,1519,x
11239,D,1187,x
11240,D,1195,x
11242,D,1994,x
11243,A,1352,x
11246,D,1789,x
11247,D,1727,x
11248,C,1965,x
11250,D,1184,x
11254,C,1463,x
11258,B,1455,x
11259,D,1130,x
11261,C,1121,x
11262,B,1326,x
11263,B,1848,x
11267,C,1674,x
11268,C,1805,x
11269,C,1503,x
11270,D,1698,x
11271,C,1305,x
11272,A,1812,x
11276,D,1957,x
11277,A,1635,x
11278,A,1354,x
11279,B,1084,x
11281,B,1161,x
11282,A,1145,x
11283,B,1285,x
11284,D,1821,x
11286,A,1922,x
11287,D,1505,x
11289,B,1981,x
11290,B,1469,x
11292,A,1290,x
11296,C,1686,x
11299,C,1903,x
11301,A,1714,x
11302,D,1786,x
11303,C,1650,x
11304,B,1854,x
11307,D,1864,x
11310,B,1887,x
11315,A,1813,x
11317,D,1575,x
11321,D,1277,x
11322,A,1767,x
11325,D,1793,x
11326,A,1769,x
11327,A,1247,x
11328,C,1042,x
11330,A,1747,x
11331,A,1858,x
11332,B,1911,x
11333,A,1345,x
11336,A,1674,x
11342,A,1946,x
11343,D,1349,x
11345,D,1446,x
11347,B,1683,x
11349,C,1277,x
11351,C,1817,x
11355,A,1196,x
11356,D,1012,x
11357,C,1376,x
11359,B,1047,x
11361,D,1759,x
11362,B,1065,x
11363,B,1337,x
11364,A,1756,x
11365,D,1352,x
11367,A,1321,x
11369,B,1580,x
11370,A,1329,x
11371,B,1884,x
11372,B,1396,x
11373,B,1334,x
11374,D,1637,x
11377,D,1188,x
11382,D,1236,x
11383,B,1738,x
11384,B,1415,x
11390,B,1639,x
11391,D,1757,x
11395,D,1193,x
11396,C,1043,x
11399,B,1639,x
11400,C,1312,x
11402,A,1822,x
11405,C,1287,x
11406,D,1657,x
11408,D,1409,x
11409,C,1906,x
11414,C,1502,x
11415,C,1005,x
11416,B,1101,x
11417,B,1541,x
11418,B,1087,x
11419,B,1523,x
11420,A,1649,x
11421,D,1431,x
11422,A,1188,x
11424,A,1594,x
11425,B,1809,x
11426,C,1746,x
11427,B,1728,x
11428,D,1126,x
11429,B,1377,x
11430,A,1729,x
11431,C,1295,x
11432,D,1276,x
11433,B,1894,x
11434,C,1168,x
11437,C,1630,x
11441,D,1040,x
11443,D,1097,x
11444,D,1454,x
11446,B,1519,x
11447,D,1534,x
11451,C,1130,x
11452,B,1723,x
11456,D,1183,x
11457,B,1050,x
11459,C,1189,x
11462,D,1168,x
11466,A,1848,x
11467,D,1837,x
11474,C,1882,x
11475,D,1801,x
11478,B,1604,x
11479,A,1326,x
11482,A,1946,x
11485,D,1419,x
11486,C,1648,x
11487,C,1588,x
11491,A,1844,x
11492,A,1039,x
11494,B,1473,x
11497,D,1365,x
11500,B,1691,x
11501,D,1993,x
11504,C,1873,x
11507,B,1949,x
11510,C,1970,x
11511,A,1147,x
11512,D,1591,x
11513,D,1252,x
11514,B,1080,x
11519,D,1937,x
11521,C,1339,x
11523,D,1494,x
11530,B,1301,x
11532,B,1089,x
11533,D,1788,x
11535,D,1619,x
11536,B,1056,x
11537,B,1101,x
11538,C,1734,x
11540,D,1276,x
11546,B,1400,x
11547,B,1841,x
11552,A,1465,x
11553,A,1586,x
11554,D,1806,x
11557,A,1113,x
11561,A,1178,x
11562,C,1535,x
11563,C,1091,x
11566,C,1619,x
11568,D,1395,x
11571,B,1895,x
11573,B,1926,x
11574,D,1132,x
11575,A,1002,x
11579,B,1823,x
11580,B,1671,x
11581,D,1504,x
11582,B,1646,x
11583,C,1098,x
11590,C,1474,x
11592,B,1776,x
11593,B,1344,x
11595,D,1828,x
11596,D,1003,x
11600,A,1991,x
11601,B,1852,x
11603,C,1796,x
11604,D,1583,x
11606,C,1087,x
11607,C,1468,x
11610,B,1208,x
11611,A,1626,x
11612,C,1703,x
11617,D,1864,x
11622,B,1912,x
11624,C,1912,x
11625,D,1583,x
11627,C,1961,x
11628,A,1778,x
11633,A,1772,x
11634,C,1030,x
11635,D,1292,x
11637,D,1414,x
11639,A,1268,x
11640,C,1220,x
11643,D,1053,x
11645,D,1392,x
11646,A,1851,x
11648,D,1852,x
11649,A,1535,x
11650,C,1635,x
11653,A,1941,x
11657,A,1802,x
11660,C,1133,x
11662,C,1446,x
11666,C,1230,x
11667,B,1770,x
11668,A,1546,x
11669,A,1188,x
11671,C,1967,x
11672,D,1284,x
11673,D,1664,x
11675,B,1262,x
11679,B,1375,x
11680,A,1244,x
11681,C,1178,x
11682,D,1150,x
11683,C,1796,x
11684,B,1310,x
11687,C,1125,x
11688,A,1985,x
11691,A,1095,x
11692,D,1495,x
11694,D,1269,x
11695,D,1356,x
11696,D,1800,x
11697,A,1190,x
11698,C,1954,x
11701,A,1384,x
11702,A,1890,x
11707,D,1749,x
11708,C,1853,x
11712,D,1909,x
11714,C,1281,x
11717,D,1761,x
11719,D,1876,x
11721,C,1642,x
11723,B,1396,x
11724,D,1683,x
11725,C,1383,x
11732,C,1610,x
11733,A,1959,x
11734,A,1526,x
11735,C,1463,x
11737,B,1775,x
11738,C,1691,x
11739,A,1028,x
11742,A,1543,x
11745,D,1665,x
11747,B,1962,x
11752,D,1893,x
11753,C,1905,x
11755,D,1828,x
11757,B,1828,x
11759,A,1249,x
11760,B,1922,x
11762,B,1467,x
11763,D,1427,x
11764,B,1152,x
11766,A,1889,x
11768,D,1085,x
11769,C,1499,x
11772,B,1935,x
11774,A,1150,x
11777,D,1379,x
11779,A,1966,x
11781,C,1896,x
11784,D,1462,x
11785,C,1879,x
11786,C,1791,x
11788,A,1511,x
11789,B,1297,x
11790,A,1376,x
11791,D,1881,x
11793,A,1187,x
11795,C,1719,x
11796,D,1810,x
11803,B,1990,x
11805,C,1130,x
11807,C,1884,x
11808,B,1536,x
11809,D,1157,x
11812,A,1359,x
11814,D,1126,x
11817,D,1302,x
11819,A,1976,x
11820,B,1411,x
11821,D,1080,x
11824,C,1872,x
11825,C,1169,x
11826,A,1339,x
11828,A,1261,x
11829,A,1402,x
11833,B,1086,x
11835,A,1882,x
11838,B,1631,x
11839,D,1093,x
11840,D,1716,x
11841,B,1212,x
11842,A,1600,x
11843,C,1437,x
11845,B,1849,x
11846,A,1758,x
11848,C,1590,x
11849,B,1747,x
11852,B,1690,x
11857,D,1297,x
11861,B,1354,x
11862,C,1920,x
11863,D,1142,x
11865,A,1907,x
11868,A,1578,x
11869,C,1764,x
11872,D,1873,x
11875,A,1565,x
11877,A,1933,x
11881,C,1087,x
11883,B,1467,x
11884,A,1441,x
11885,D,1897,x
11886,C,1622,x
11888,B,1464,x
11889,D,1082,x
11890,B,1813,x
11891,A,1550,x
11893,D,1546,x
11899,B,1009,x
11900,C,1372,x
11901,B,1442,x
11905,B,1089,x
11906,B,1054,x
11911,A,1164,x
11914,C,1272,x
11920,A,1648,x
11921,B,1336,x
11922,C,1962,x
11924,D,1194,x
11925,B,1530,x
11927,D,1421,x
11929,C,1604,x
11931,A,1320,x
11933,D,1524,x
11934,B,1510,x
11935,A,1540,x
11940,A,1201,x
11942,C,1120,x
11944,D,1580,x
11947,B,1054,x
11952,A,1052,x
11953,C,1419,x
11954,B,1846,x
11955,A,1764,x
11962,C,1756,x
11964,C,1016,x
11968,B,1764,x
11970,C,1715,x
11971,A,1801,x
11972,A,1640,x
11973,A,1309,x
11976,D,1217,x
11978,C,1488,x
11980,C,1132,x
11981,B,1145,x
11987,B,1182,x
11988,D,1989,x
11991,C,1821,x
11993,C,1486,x
11994,B,1828,x
11995,C,1420,x
11996,C,1366,x
11997,C,1092,x
11999,C,1095,x
12000,B,1794,x
12004,A,1592,x
12005,D,1159,x
12006,D,1919,x
12008,B,1842,x
12011,B,1805,x
12013,A,1681,x
12017,C,1517,x
12019,C,1550,x
12020,C,1577,x
12025,C,1384,x
12026,D,1705,x
12027,A,1921,x
12031,A,1105,x
12032,D,1984,x
12033,B,1405,x
12035,A,1228,x
12036,A,1022,x
12037,A,1157,x
12039,A,1444,x
12040,B,1426,x
12041,A,1695,x
12047,B,1746,x
12050,A,1518,x
12053,A,1710,x
12054,C,1472,x
12055,C,1835,x
12056,D,1578,x
12057,C,1997,x
12059,A,1276,x
12061,D,1881,x
12064,B,1451,x
12067,D,1721,x
12069,A,1441,x
12070,D,1198,x
12072,A,1495,x
12074,C,1443,x
12075,A,1519,x
12076,D,1958,x
12077,A,1654,x
12080,B,1359,x
12081,A,1469,x
12083,D,1356,x
12088,C,1811,x
12091,B,1666,x
12092,B,1593,x
12093,B,1604,x
12094,B,1844,x
12095,A,1211,x
12097,C,1526,x
12098,D,1742,x
12099,A,1764,x
12100,A,1707,x
12104,B,1651,x
12105,C,1099,x
12106,A,1601,x
12110,A,1359,x
12114,D,1235,x
12116,D,1037,x
12117,C,1778,x
12119,C,1754,x
12120,A,1205,x
12121,D,1560,x
12122,A,1657,x
12126,C,1597,x
12128,C,1241,x
12129,A,1073,x
12131,D,1629,x
12132,A,1502,x
12134,C,1707,x
12136,A,1430,x
12140,C,1146,x
12141,D,1913,x
12143,B,1239,x
12144,B,1864,x
12146,D,1124,x
12147,C,1806,x
12149,B,1591,x
12150,C,1741,x
12151,D,1720,x
12153,A,1781,x
12157,D,1214,x
12161,B,1433,x
12168,A,1587,x
12170,A,1628,x
12176,A,1542,x
12179,B,1863,x
12180,C,1662,x
12181,B,1351,x
12182,D,1521,x
12186,D,1827,x
12188,C,1641,x
12189,C,1835,x
12192,C,1851,x
12193,A,1311,x
12194,C,1634,x
12195,C,1896,x
12196,D,1600,x
12198,A,1139,x
12206,D,1320,x
12208,D,1501,x
12209,C,1858,x
12217,B,1724,x
12218,A,1383,x
12219,D,1998,x
12221,D,1987,x
12222,A,1038,x
12224,D,1722,x
12231,B,1355,x
12232,C,1641,x
12234,B,1547,x
12235,D,1880,x
12236,C,1889,x
12238,C,1324,x
12243,D,1861,x
12244,A,1080,x
12245,D,1121,x
12246,A,1482,x
12248,C,1664,x
12250,C,1913,x
12251,A,1338,x
12253,B,1725,x
12256,D,1444,x
12264,A,1518,x
12268,A,1630,x
12269,B,1200,x
12270,C,1070,x
12271,C,1325,x
12272,A,1572,x
12274,A,1493,x
12277,B,1561,x
12278,D,1359,x
12279,D,1489,x
12280,C,1192,x
12281,B,1585,x
12285,B,1210,x
12286,D,1860,x
12288,C,1762,x
12289,D,1253,x
12290,B,1986,x
12293,A,1315,x
12295,A,1745,x
12297,D,1965,x
12299,C,1024,x
12302,B,1184,x
12303,C,1823,x
12305,C,1905,x
12307,D,1416,x
12308,A,1082,x
12310,B,1940,x
12312,A,1331,x
12313,A,1587,x
12318,C,1704,x
12320,C,1522,x
12322,D,1994,x
12324,C,1334,x
12325,B,1086,x
12330,D,1382,x
12331,D,1335,x
12333,A,1873,x
12334,B,1860,x
12337,B,1270,x
12338,B,1072,x
12339,C,1139,x
12341,A,1510,x
12343,B,1799,x
12345,B,1585,x
12346,D,1651,x
12347,B,1855,x
12348,A,1650,x
12350,C,1329,x
12353,C,1065,x
12354,C,1559,x
12357,D,1809,x
12358,C,1077,x
12359,A,1888,x
12362,B,1985,x
12363,A,1355,x
12365,A,1069,x
12366,D,1324,x
12367,B,1178,x
12369,C,1897,x
12372,D,1626,x
12377,B,1595,x
12378,D,1280,x
12379,B,1126,x
12381,B,1781,x
12382,C,1388,x
12384,B,1329,x
12385,A,1855,x
12386,C,1652,x
12387,B,1019,x
12389,D,1356,x
12390,D,1688,x
12393,A,1604,x
12395,C,1292,x
12397,A,1361,x
12401,C,1120,x
12405,C,1836,x
12407,D,1357,x
12408,A,1951,x
12409,A,1366,x
12411,C,1567,x
12417,D,1638,x
12419,D,1442,x
12420,A,1874,x
12422,C,1850,x
12424,A,1989,x
12425,D,1450,x
12426,C,1009,x
12427,C,1002,x
12428,A,1880,x
12430,A,1787,x
12433,B,1607,x
12434,B,1693,x
12441,C,1004,x
12443,B,1364,x
12445,A,1749,x
12446,D,1724,x
12448,A,1335,x
12449,C,1927,x
12450,A,1975,x
12451,D,1969,x
12454,C,1662,x
12457,B,1368,x
12460,A,1700,x
12461,A,1289,x
12462,A,1985,x
12464,C,1045,x
12465,A,1939,x
12468,A,1356,x
12471,A,1067,x
12472,B,1097,x
12473,A,1710,x
12474,C,1759,x
12475,C,1643,x
12477,B,1055,x
12478,C,1004,x
12479,D,1235,x
12484,C,1464,x
12485,B,1525,x
12486,A,1571,x
12487,C,1799,x
12490,C,1694,x
12491,D,1701,x
12492,D,1733,x
12493,B,1822,x
12494,D,1791,x
12495,B,1214,x
12496,C,1230,x
12498,D,1914,x
12499,D,1723,x
12500,D,1679,x
12502,C,1256,x
12503,D,1371,x
12505,B,1813,x
12508,B,1704,x
12509,D,1449,x
12510,C,1227,x
12513,A,1820,x
12514,A,1886,x
12516,D,1466,x
12518,A,1277,x
12519,A,1155,x
12520,A,1353,x
12521,D,1943,x
12523,A,1988,x
12524,A,1352,x
12525,C,1599,x
12526,D,1102,x
12527,D,1080,x
12534,A,1572,x
12535,A,1280,x
12536,C,1660,x
12542,A,1346,x
12543,D,1777,x
12544,D,1745,x
12545,B,1096,x
12546,A,1342,x
12550,C,1246,x
12553,C,1626,x
12556,A,1806,x
12557,D,1700,x
12560,A,1151,x
12561,B,1480,x
12566,D,1386,x
12568,B,1408,x
12570,D,1717,x
12571,B,1700,x
12572,A,1078,x
12574,D,1183,x
12575,A,1296,x
12577,C,1134,x
12579,D,1672,x
12582,C,1649,x
12583,B,1099,x
12584,A,1632,x
12585,B,1461,x
12589,B,1349,x
12597,C,1486,x
12603,B,1231,x
12607,B,1534,x
12609,B,1367,x
12614,B,1497,x
12616,B,1667,x
12619,D,1548,x
12625,D,1944,x
12627,B,1100,x
12631,C,1949,x
12632,C,1464,x
12634,B,1450,x
12636,B,1459,x
12638,C,1202,x
12639,A,1682,x
12640,B,1208,x
12643,A,1190,x
12646,A,1568,x
12647,D,1619,x
12649,C,1343,x
12652,B,1326,x
12653,B,1474,x
12655,B,1829,x
12663,A,1614,x
12667,B,1419,x
12668,B,1262,x
12669,B,1773,x
12670,B,1198,x
12671,D,1895,x
12672,B,1770,x
12677,C,1683,x
12681,A,1563,x
12685,B,1684,x
12686,C,1837,x
12691,A,1110,x
12693,A,1187,x
12694,C,1326,x
12695,D,1805,x
12703,D,1050,x
12704,D,1771,x
12705,A,1051,x
12706,C,1315,x
12707,A,1029,x
12709,B,1621,x
12713,D,1525,x
12714,B,1229,x
12715,B,1299,x
12718,B,1018,x
12727,B,1878,x
12729,A,1789,x
12730,C,1426,x
12732,C,1164,x
12733,C,1457,x
12734,C,1955,x
12735,A,1372,x
12741,B,1234,x
12743,A,1964,x
12744,D,1341,x
12747,D,1597,x
12748,B,1428,x
12751,A,1479,x
12752,B,1762,x
12757,A,1196,x
12758,C,1836,x
12760,D,1845,x
12761,B,1176,x
12762,C,1482,x
12763,C,1649,x
12767,A,1534,x
12768,D,1621,x
12769,B,1453,x
12772,C,1339,x
12774,A,1794,x
12776,D,1994,x
12777,C,1690,x
12778,A,1354,x
12781,C,1100,x
12782,D,1502,x
12785,C,1364,x
12786,A,1289,x
12788,D,1949,x
12789,D,1414,x
12791,D,1734,x
12793,C,1846,x
12795,C,1653,x
12796,C,1515,x
12798,A,1388,x
12799,D,1989,x
12801,C,1271,x
12802,C,1965,x
12803,B,1645,x
12804,C,1510,x
12805,A,1136,x
12806,A,1789,x
12807,A,1855,x
12809,D,1137,x
12811,A,1394,x
12812,B,1432,x
12817,A,1654,x
12819,A,1980,x
12820,D,1418,x
12822,A,1481,x
12823,A,1319,x
12825,B,1096,x
12826,A,1952,x
12831,C,1112,x
12836,D,1790,x
12838,D,1028,x
12839,C,1207,x
12841,D,1307,x
12842,A,1598,x
12843,B,1136,x
12845,A,1120,x
12847,C,1263,x
12849,A,1436,x
12850,C,1113,x
12852,D,1152,x
12853,A,1745,x
12856,B,1690,x
12857,B,1706,x
12858,D,1450,x
12862,B,1682,x
12863,D,1924,x
12865,D,1477,x
12868,D,1581,x
12870,A,1653,x
12871,A,1032,x
12873,A,1203,x
12875,B,1853,x
12877,B,1478,x
12878,A,1810,x
12879,C,1736,x
12880,D,1395,x
12881,B,1060,x
12882,D,1327,x
12883,C,1001,x
12884,A,1589,x
12887,C,1836,x
12889,D,1997,x
12890,C,1978,x
12891,C,1224,x
12892,B,1450,x
12893,C,1722,x
12895,D,1861,x
12898,D,1937,x
12903,A,1979,x
12904,D,1874,x
12905,B,1908,x
12910,A,1360,x
12911,A,1265,x
12912,A,1693,x
12913,D,1207,x
12916,D,1200,x
12917,D,1520,x
12920,C,1511,x
12921,C,1646,x
12922,D,1461,x
12924,C,1751,x
12925,A,1105,x
12926,A,1904,x
12927,D,1208,x
12928,C,1199,x
12929,A,1195,x
12930,D,1860,x
12932,B,1190,x
12933,C,1033,x
12937,B,1711,x
12938,D,1436,x
12939,B,1494,x
12940,B,1054,x
12942,D,1444,x
12943,A,1443,x
12944,C,1206,x
12946,D,1213,x
12947,C,1724,x
12948,D,1472,x
12950,C,1962,x
12951,C,1422,x
12953,D,1893,x
12955,A,1329,x
12956,B,1611,x
12957,C,1628,x
12960,A,1996,x
12961,A,1194,x
12963,B,1396,x
12964,A,1068,x
12965,C,1118,x
12967,C,1899,x
12968,D,1012,x
12972,B,1957,x
12973,A,1118,x
12974,B,1682,x
12977,C,1824,x
12978,D,1573,x
12980,D,1610,x
12981,A,1424,x
12982,A,1256,x
12983,B,1563,x
12986,B,1633,x
12987,D,1454,x
12988,B,1736,x
12989,C,1835,x
12992,D,1557,x
12993,A,1451,x
12994,A,1261,x
12995,B,1012,x
12996,C,1789,x
12997,C,1131,x
12998,C,1337,x
13001,D,1190,x
13006,A,1697,x
13007,D,1456,x
13008,B,1098,x
13010,D,1409,x
13011,D,1854,x
13012,C,1982,x
13013,D,1289,x
13014,D,1426,x
13015,D,1066,x
13016,C,1881,x
13019,C,1616,x
13020,D,1092,x
13021,B,1499,x
13022,B,1773,x
13023,B,1720,x
13024,B,1533,x
13025,A,1143,x
13026,B,1322,x
13027,C,1369,x
13029,B,1666,x
13030,D,1445,x
13031,B,1243,x
13039,D,1741,x
13042,D,1178,x
13045,B,1751,x
13047,C,1392,x
13048,C,1345,x
13049,B,1483,x
13050,D,1200,x
13051,C,1925,x
13052,B,1163,x
13055,A,1937,x
13058,D,1568,x
13059,B,1590,x
13061,B,1305,x
13062,A,1959,x
13064,A,1540,x
13065,B,1859,x
13067,B,1346,x
13068,A,1591,x
13069,A,1540,x
13072,D,1883,x
13073,D,1987,x
13074,D,1141,x
13075,B,1074,x
13084,B,1235,x
13085,D,1168,x
13086,D,1051,x
13090,C,1193,x
13091,D,1198,x
13092,C,1687,x
13094,D,1178,x
13095,A,1741,x
13096,D,1633,x
13098,D,1944,x
13100,B,1226,x
13102,C,1608,x
13103,B,1075,x
13104,B,1094,x
13105,D,1486,x
13108,B,1520,x
13109,C,1539,x
13113,B,1597,x
13114,C,1740,x
13115,C,1201,x
13116,D,1221,x
13118,C,1937,x
13119,C,1633,x
13121,C,1451,x
13122,D,1443,x
13123,C,1216,x
13126,D,1442,x
13127,C,1046,x
13129,B,1425,x
13130,C,1455,x
13131,D,1741,x
13132,A,1145,x
13135,D,1362,x
13138,C,1105,x
13140,C,1967,x
13144,B,1301,x
13148,D,1988,x
13150,C,1484,x
13152,C,1602,x
13153,A,1801,x
13156,B,1843,x
13158,C,1312,x
13159,D,1856,x
13160,D,1938,x
13162,B,1963,x
13164,C,1537,x
13166,C,1731,x
13167,C,1871,x
13168,B,1853,x
13169,C,1804,x
13170,D,1166,x
13171,D,1008,x
13172,D,1093,x
13173,A,1856,x
13174,C,1587,x
13175,A,1884,x
13176,B,1079,x
13177,D,1792,x
13182,A,1824,x
13183,A,1820,x
13185,B,1640,x
13187,A,1194,x
13190,D,1744,x
13191,A,1715,x
13192,C,1663,x
13194,A,1871,x
13196,C,1404,x
13197,A,1669,x
13200,C,1072,x
13202,C,1315,x
13203,A,1990,x
13206,C,1842,x
13207,B,1704,x
13208,A,1097,x
13209,B,1058,x
13211,A,1552,x
13215,B,1050,x
13218,A,1578,x
13219,C,1553,x
13221,B,1176,x
13222,A,1460,x
13224,B,1713,x
13228,A,1193,x
13230,B,1352,x
13231,B,1061,x
13233,B,1547,x
13234,D,1896,x
13235,D,1643,x
13237,C,1450,x
13239,B,1441,x
13242,B,1692,x
13243,D,1253,x
13247,B,1886,x
13251,A,1260,x
13256,B,1755,x
13258,D,1350,x
13259,C,1558,x
13262,D,1268,x
13263,D,1579,x
13266,B,1803,x
13267,A,1113,x
13274,D,1417,x
13275,A,1201,x
13277,B,1819,x
13282,C,1147,x
13283,D,1488,x
13284,A,1182,x
13285,C,1175,x
13286,D,1609,x
13288,A,1323,x
13290,D,1052,x
13291,C,1913,x
13293,D,1076,x
13295,D,1046,x
13296,C,1641,x
13297,D,1808,x
13298,C,1212,x
13299,D,1343,x
13301,D,1182,x
13304,D,1041,x
13307,C,1361,x
13308,B,1235,x
13309,D,1695,x
13310,C,1553,x
13311,A,1533,x
13312,D,1174,x
13313,A,1061,x
13314,D,1465,x
13318,D,1710,x
13320,B,1134,x
13328,D,1386,x
13332,D,1022,x
13333,A,1775,x
13335,C,1704,x
13337,C,1934,x
13339,D,1902,x
13340,B,1745,x
13341,B,1036,x
13342,D,1163,x
13343,C,1499,x
13344,C,1347,x
13345,B,1871,x
13348,A,1379,x
13351,D,1860,x
13356,C,1873,x
13358,D,1328,x
13361,C,1456,x
13364,D,1962,x
13365,A,1135,x
13366,C,1824,x
13369,C,1604,x
13370,B,1220,x
13371,D,1976,x
13373,C,1784,x
13374,A,1248,x
13377,C,1237,x
13382,A,1715,x
13383,B,1976,x
13388,A,1726,x
13389,B,1333,x
13390,B,1133,x
13391,C,1326,x
13392,A,1388,x
13394,A,1213,x
13396,C,1051,x
13401,C,1862,x
13407,C,1896,x
13409,C,1397,x
13411,C,1461,x
13412,B,1075,x
13414,B,1584,x
13423,A,1939,x
13424,C,1531,x
13426,D,1511,x
13431,D,1993,x
13432,B,1819,x
13434,B,1111,x
13435,C,1106,x
13437,A,1302,x
13442,A,1413,x
13443,B,1279,x
13445,B,1450,x
13456,A,1004,x
13457,B,1068,x
13458,C,1775,x
13461,C,1862,x
13462,A,1462,x
13465,C,1267,x
13468,B,1137,x
13469,B,1285,x
13470,A,1394,x
13472,D,1329,x
13474,A,1507,x
13475,D,1604,x
13477,A,1438,x
13478,D,1885,x
13480,B,1690,x
13481,A,1621,x
13482,B,1384,x
13483,D,1629,x
13486,B,1559,x
13488,A,1269,x
13489,C,1433,x
13491,C,1802,x
13492,B,1680,x
13494,C,1007,x
13495,C,1072,x
13496,D,1402,x
13499,A,1569,x
13502,C,1930,x
13505,C,1242,x
13506,A,1202,x
13508,D,1461,x
13509,A,1224,x
13510,B,1778,x
13511,C,1442,x
13515,B,1686,x
13517,B,1970,x
13519,D,1055,x
13520,D,1594,x
13521,C,1810,x
13522,D,1279,x
13523,C,1239,x
13526,D,1345,x
13527,D,1754,x
13528,B,1063,x
13529,B,1537,x
13530,C,1307,x
13531,D,1812,x
13533,C,1022,x
13535,B,1203,x
13537,C,1893,x
13538,C,1701,x
13539,A,1900,x
13540,D,1583,x
13542,A,1962,x
13547,A,1292,x
13549,D,1600,x
13550,A,1081,x
13551,C,1812,x
13553,B,1908,x
13554,C,1821,x
13555,A,1508,x
13556,D,1666,x
13562,A,1003,x
13563,D,1127,x
13564,C,1053,x
13567,D,1790,x
13569,B,1682,x
13571,B,1073,x
13572,A,1838,x
13573,C,1922,x
13579,B,1090,x
13580,D,1157,x
13581,C,1849,x
13583,B,1428,x
13585,B,1071,x
13597,A,1039,x
13598,B,1901,x
13600,A,1658,x
13602,B,1064,x
13603,B,1185,x
13604,D,1703,x
13606,B,1953,x
13608,A,1682,x
13609,A,1793,x
13610,C,1716,x
13611,D,1866,x
13613,A,1015,x
13615,D,1219,x
13617,B,1259,x
13623,D,1965,x
13625,B,1250,x
13627,A,1663,x
13628,C,1158,x
13629,C,1967,x
13630,D,1769,x
13631,C,1724,x
13632,D,1381,x
13633,C,1818,x
13635,D,1998,x
13637,B,1213,x
13638,A,1268,x
13639,A,1032,x
13642,B,1848,x
13643,D,1050,x
13645,A,1681,x
13646,A,1286,x
13647,C,1244,x
13653,D,1854,x
13654,B,1270,x
13656,D,1472,x
13657,B,1279,x
13659,C,1385,x
13662,A,1477,x
13663,C,1964,x
13664,A,1514,x
13667,B,1695,x
13668,C,1178,x
13669,C,1337,x
13670,C,1179,x
13671,A,1274,x
13672,D,1831,x
13674,A,1389,x
13677,A,1371,x
13684,B,1804,x
13685,A,1876,x
13686,D,1067,x
13688,C,1624,x
13689,A,1726,x
13690,A,1613,x
13692,C,1261,x
13693,A,1203,x
13694,D,1508,x
13696,B,1015,x
13697,A,1744,x
13698,A,1747,x
13699,D,1156,x
13701,D,1588,x
13702,B,1983,x
13705,A,1879,x
13708,B,1347,x
13709,B,1062,x
13710,A,1395,x
13711,A,1073,x
13712,B,1426,x
13714,C,1316,x
13715,B,1721,x
13716,D,1289,x
13718,C,1466,x
13719,B,1012,x
13720,A,1088,x
13722,C,1428,x
13723,D,1463,x
13725,A,1370,x
13726,B,1973,x
13727,A,1069,x
13731,A,1469,x
13732,B,1214,x
13736,A,1453,x
13738,B,1659,x
13740,C,1797,x
13742,A,1734,x
13746,B,1872,x
13747,C,1392,x
13748,B,1988,x
13750,A,1067,x
13751,A,1781,x
13752,C,1238,x
13753,A,1879,x
13754,C,1102,x
13756,D,1748,x
13758,D,1932,x
13759,B,1043,x
13760,B,1844,x
13761,C,1295,x
13764,A,1147,x
13765,B,1088,x
13768,A,1290,x
13769,C,1932,x
13770,B,1609,x
13771,B,1810,x
13773,B,1349,x
13776,B,1021,x
13778,C,1123,x
13779,D,1797,x
13781,D,1208,x
13782,D,1853,x
13784,D,1001,x
13785,D,1002,x
13786,D,1291,x
13789,C,1658,x
13794,C,1359,x
13795,A,1216,x
13797,C,1352,x
13798,D,1558,x
13801,D,1655,x
13802,A,1634,x
13803,D,1166,x
13804,C,1382,x
13805,C,1070,x
13806,C,1954,x
13807,A,1639,x
13808,B,1449,x
13809,C,1219,x
13811,B,1015,x
13815,B,1714,x
13818,A,1298,x
13819,D,1203,x
13820,D,1125,x
13822,B,1150,x
13826,B,1480,x
13832,C,1728,x
13835,B,1341,x
13836,B,1880,x
13838,D,1449,x
13840,A,1983,x
13841,D,1186,x
13842,D,1475,x
13844,C,1589,x
13846,D,1956,x
13849,A,1804,x
13851,A,1482,x
13857,D,1002,x
13861,C,1824,x
13862,C,1891,x
13863,D,1927,x
13869,C,1493,x
13872,B,1065,x
13873,D,1043,x
13874,D,1398,x
13877,C,1223,x
13881,D,1887,x
13884,D,1408,x
13887,A,1045,x
13888,D,1680,x
13889,A,1953,x
13890,B,1130,x
13894,D,1638,x
13895,C,1337,x
13896,C,1137,x
13899,C,1083,x
13900,A,1262,x
13901,C,1305,x
13905,D,1317,x
13906,A,1269,x
13907,D,1269,x
13909,D,1465,x
13910,B,1256,x
13912,D,1215,x
13914,C,1451,x
13915,D,1181,x
13916,C,1300,x
13918,B,1100,x
13920,A,1980,x
13922,C,1489,x
13923,D,1304,x
13924,A,1084,x
13930,A,1001,x
13931,A,1602,x
13933,A,1992,x
13934,B,1693,x
13935,D,1821,x
13937,A,1855,x
13940,B,1764,x
13941,D,1533,x
13942,B,1790,x
13945,A,1796,x
13946,A,1514,x
13947,A,1913,x
13948,B,1480,x
13949,D,1616,x
13952,C,1295,x
13955,D,1949,x
13959,A,1494,x
13960,D,1074,x
13962,B,1062,x
13963,D,1667,x
13965,A,1369,x
13966,C,1011,x
13973,B,1343,x
13976,B,1264,x
13979,C,1574,x
13980,D,1058,x
13981,C,1442,x
13982,B,1425,x
13984,B,1143,x
13985,D,1481,x
13986,D,1682,x
13988,B,1091,x
13990,D,1598,x
13996,C,1696,x
13997,C,1531,x
13998,D,1263,x
14000,A,1200,x
14001,C,1841,x
14003,D,1886,x
14008,A,1267,x
14009,A,1372,x
14010,A,1406,x
14012,C,1361,x
14018,B,1205,x
14020,A,1574,x
14021,D,1534,x
14022,D,1806,x
14025,A,1875,x
14026,D,1178,x
14029,A,1919,x
14031,A,1933,x
14032,C,1961,x
14034,A,1657,x
14035,A,1304,x
14036,D,1755,x
14037,B,1701,x
14041,D,1040,x
14042,D,1756,x
14043,C,1890,x
14044,B,1569,x
14045,D,1784,x
14047,C,1911,x
14050,D,1025,x
14051,D,1627,x
14052,C,1633,x
14053,A,1045,x
14054,B,1725,x
14057,D,1239,x
14062,A,1448,x
14065,D,1933,x
14066,C,1178,x
14067,C,1517,x
14069,C,1281,x
14071,B,1473,x
14073,B,1763,x
14075,C,1324,x
14079,D,1626,x
14081,D,1949,x
14085,B,1519,x
14087,B,1002,x
14089,C,1642,x
14093,A,1493,x
14094,C,1509,x
14095,B,1106,x
14096,D,1969,x
14100,A,1324,x
14101,D,1463,x
14102,A,1615,x
14105,C,1822,x
14110,D,1920,x
14111,B,1395,x
14113,D,1307,x
14114,D,1482,x
14116,D,1312,x
14117,A,1874,x
14120,A,1412,x
14122,A,1097,x
14124,A,1888,x
14125,B,1348,x
14127,C,1665,x
14128,A,1270,x
14131,A,1935,x
14132,D,1525,x
14135,A,1432,x
14136,A,1033,x
14139,B,1827,x
14143,C,1597,x
14147,C,1955,x
14149,A,1905,x
14151,D,1728,x
14153,C,1295,x
14155,C,1293,x
14157,D,1813,x
14158,B,1360,x
14160,C,1739,x
14162,C,1620,x
14163,C,1910,x
14164,A,1900,x
14165,C,1784,x
14166,D,1462,x
14167,B,1992,x
14168,A,1524,x
14169,C,1287,x
14170,B,1599,x
14172,A,1543,x
14173,A,1910,x
14174,D,1281,x
14177,A,1451,x
14178,D,1202,x
14180,D,1094,x
14181,A,1431,x
14183,C,1234,x
14185,C,1921,x
14187,D,1846,x
14191,D,1186,x
14192,B,1888,x
14193,D,1502,x
14194,B,1872,x
14195,C,1425,x
14197,C,1734,x
14199,C,1562,x
14200,A,1906,x
14204,B,1283,x
14206,B,1945,x
14207,B,1665,x
14209,C,1634,x
14210,D,1373,x
14215,B,1665,x
14220,B,1962,x
14221,B,1306,x
14223,D,1843,x
14224,A,1340,x
14226,B,1456,x
14228,A,1238,x
14229,C,1813,x
14230,D,1657,x
14231,A,1753,x
14232,B,1028,x
14235,A,1340,x
14236,A,1381,x
14237,C,1465,x
14238,A,1651,x
14243,C,1130,x
14244,C,1180,x
14245,C,1605,x
14247,B,1393,x
14251,D,1390,x
14254,D,1199,x
14257,D,1380,x
14258,A,1524,x
14260,B,1101,x
14261,D,1578,x
14262,A,1337,x
14263,B,1206,x
14265,D,1037,x
14267,B,1638,x
14269,A,1296,x
14272,D,1977,x
14275,C,1727,x
14278,B,1656,x
14279,B,1398,x
14280,C,1428,x
14281,B,1221,x
14283,C,1331,x
14284,D,1411,x
14289,D,1346,x
14292,B,1942,x
14293,D,1938,x
14297,B,1095,x
14301,A,1946,x
14302,C,1002,x
14305,C,1763,x
14306,C,1786,x
14307,A,1999,x
14308,B,1492,x
14310,C,1246,x
14315,C,1428,x
14316,D,1744,x
14318,C,1514,x
14319,B,1108,x
14320,B,1567,x
14321,C,1299,x
14323,A,1015,x
14324,C,1099,x
14326,B,1742,x
14327,A,1905,x
14329,A,1592,x
14331,A,1388,x
14334,C,1692,x
14336,C,1932,x
14337,B,1629,x
14343,A,1499,x
14344,C,1786,x
14348,A,1154,x
14349,B,1309,x
14350,C,1336,x
14352,A,1422,x
14354,B,1549,x
14355,B,1575,x
14358,A,1461,x
14362,C,1882,x
14365,D,1134,x
14366,D,1646,x
14369,D,1805,x
14371,C,1800,x
14382,D,1810,x
14384,C,1618,x
14386,B,1800,x
14387,B,1756,x
14390,A,1639,x
14393,A,1748,x
14396,C,1687,x
14400,D,1682,x
14401,B,1861,x
14402,A,1742,x
14403,A,1399,x
14404,D,1530,x
14410,C,1226,x
14420,D,1476,x
14422,B,1997,x
14423,C,1333,x
14424,B,1885,x
14425,B,1628,x
14426,B,1787,x
14427,B,1221,x
14428,A,1425,x
14429,D,1226,x
14431,B,1403,x
14432,D,1215,x
14433,A,1242,x
14437,C,1270,x
14442,C,1740,x
14443,D,1221,x
14444,A,1715,x
14450,C,1690,x
14451,D,1963,x
14453,D,1580,x
14454,C,1993,x
14455,B,1402,x
14456,D,1289,x
14458,C,1732,x
14460,C,1837,x
14462,D,1964,x
14463,B,1158,x
14464,A,1593,x
14466,C,1808,x
14467,B,1723,x
14468,D,1410,x
14469,A,1719,x
14470,A,1373,x
14473,A,1906,x
14475,C,1928,x
14476,A,1658,x
14478,B,1705,x
14479,D,1142,x
14480,A,1157,x
14482,C,1977,x
14483,D,1302,x
14485,D,1702,x
14486,D,1250,x
14488,C,1615,x
14489,C,1305,x
14491,D,1257,x
14492,A,1761,x
14493,A,1951,x
14496,C,1242,x
14497,B,1319,x
14503,C,1251,x
14506,A,1624,x
14508,D,1054,x
14510,C,1733,x
14512,D,1596,x
14513,D,1533,x
14516,C,1236,x
14517,C,1929,x
14518,A,1731,x
14521,B,1408,x
14527,B,1035,x
14528,B,1902,x
14529,B,1077,x
14530,C,1411,x
14532,D,1547,x
14534,B,1517,x
14535,C,1590,x
14537,C,1273,x
14538,D,1544,x
14539,B,1207,x
14540,A,1022,x
14543,C,1576,x
14545,B,1673,x
14548,C,1029,x
14550,D,1534,x
14551,C,1300,x
14560,A,1458,x
14565,A,1246,x
14566,B,1991,x
14567,C,1183,x
14568,B,1231,x
14569,A,1456,x
14571,A,1241,x
14572,B,1119,x
14573,A,1608,x
14578,C,1124,x
14581,A,1492,x
14582,D,1739,x
14587,D,1211,x
14588,A,1586,x
14589,C,1384,x
14592,D,1963,x
14593,A,1973,x
14594,B,1382,x
14595,B,1034,x
14596,D,1334,x
14597,C,1674,x
14598,D,1876,x
14599,A,1472,x
14601,A,1819,x
14602,D,1709,x
14605,D,1511,x
14607,B,1754,x
14615,A,1534,x
14616,A,1244,x
14618,C,1851,x
14619,D,1045,x
14620,D,1208,x
14622,D,1848,x
14624,D,1109,x
14625,C,1093,x
14626,D,1050,x
14627,C,1843,x
14628,B,1995,x
14631,D,1225,x
14633,A,1517,x
14634,C,1056,x
14635,D,1614,x
14637,D,1309,x
14640,C,1122,x
14641,A,1815,x
14642,A,1638,x
14645,C,1999,x
14648,B,1616,x
14652,D,1105,x
14653,D,1644,x
14655,D,1048,x
14656,A,1362,x
14671,D,1926,x
14672,D,1400,x
14674,D,1978,x
14676,C,1043,x
14677,C,1847,x
14678,C,1374,x
14679,B,1185,x
14680,D,1329,x
14683,D,1921,x
14686,B,1350,x
14687,A,1961,x
14690,C,1774,x
14691,B,1232,x
14692,A,1739,x
14693,C,1263,x
14694,A,1154,x
14699,B,1914,x
14701,C,1329,x
14704,A,1786,x
14707,B,1726,x
14708,C,1972,x
14711,D,1870,x
14713,C,1564,x
14714,B,1185,x
14717,A,1472,x
14719,D,1827,x
14720,B,1400,x
14723,D,1851,x
14726,C,1556,x
14727,A,1355,x
14735,B,1501,x
14739,A,1360,x
14740,D,1387,x
14741,D,1946,x
14745,D,1565,x
14747,A,1901,x
14748,D,1920,x
14749,C,1790,x
14753,B,1433,x
14754,D,1782,x
14755,D,1091,x
14756,A,1624,x
14757,B,1768,x
14760,D,1646,x
14761,B,1590,x
14762,C,1689,x
14763,C,1119,x
14764,C,1612,x
14767,D,1019,x
14768,D,1056,x
14772,C,1407,x
14773,A,1249,x
14774,B,1348,x
14776,C,1965,x
14779,C,1866,x
14780,C,1287,x
14781,A,1311,x
14782,D,1151,x
14783,B,1815,x
14784,C,1295,x
14785,A,1023,x
14789,D,1145,x
14790,D,1233,x
14791,B,1890,x
14792,C,1980,x
14798,A,1088,x
14799,D,1650,x
14802,D,1105,x
14803,A,1367,x
14804,A,1621,x
14807,C,1878,x
14809,C,1697,x
14811,C,1870,x
14812,C,1805,x
14815,C,1919,x
14818,C,1156,x
14819,D,1947,x
14820,B,1471,x
14823,D,1548,x
14824,B,1359,x
14826,D,1501,x
14829,C,1514,x
14830,D,1816,x
14831,A,1260,x
14835,A,1139,x
14836,C,1170,x
14838,B,1323,x
14843,A,1866,x
14845,B,1271,x
14846,B,1557,x
14847,A,1217,x
14849,C,1066,x
14851,D,1022,x
14854,D,1386,x
14857,C,1137,x
14859,A,1476,x
14862,A,1096,x
14863,B,1206,x
14864,B,1201,x
14865,B,1312,x
14866,B,1756,x
14873,A,1201,x
14874,D,1626,x
14877,B,1547,x
14878,D,1454,x
14879,D,1808,x
14880,C,1236,x
14881,B,1479,x
14882,C,1372,x
14883,A,1103,x
14886,C,1843,x
14887,C,1874,x
14888,C,1851,x
14889,B,1075,x
14890,C,1817,x
14892,C,1981,x
14893,C,1651,x
14896,C,1500,x
14897,D,1132,x
14899,B,1495,x
14901,C,1203,x
14902,A,1651,x
14903,D,1525,x
14907,C,1455,x
14908,A,1916,x
14910,C,1343,x
14913,A,1676,x
14915,A,1171,x
14919,B,1883,x
14920,B,1369,x
14921,D,1691,x
14922,A,1074,x
14923,C,1781,x
14927,C,1599,x
14930,D,1651,x
14932,B,1048,x
14933,C,1286,x
14934,C,1201,x
14936,D,1725,x
14937,B,1180,x
14938,B,1321,x
14939,B,1856,x
14944,D,1924,x
14946,D,1241,x
14947,B,1186,x
14948,D,1721,x
14950,D,1571,x
14951,D,1679,x
14953,A,1644,x
14957,A,1232,x
14958,B,1383,x
14962,A,1417,x
14964,C,1159,x
14966,C,1657,x
14967,C,1622,x
14973,D,1496,x
14974,B,1730,x
14976,D,1048,x
14977,B,1063,x
14978,C,1202,x
14979,C,1833,x
14980,D,1469,x
14981,A,1534,x
14988,C,1824,x
14990,D,1110,x
14991,B,1472,x
14992,B,1865,x
14993,C,1124,x
14996,A,1462,x
14997,A,1882,x
14998,A,1178,x
14999,C,1373,x
15000,B,1049,x
15001,D,1181,x
15002,C,1891,x
15009,B,1093,x
15010,C,1628,x
15012,A,1332,x
15013,B,1959,x
15015,D,1501,x
15018,B,1522,x
15020,A,1503,x
15021,B,1282,x
15022,D,1272,x
15025,C,1954,x
15026,C,1561,x
15028,B,1221,x
15031,D,1890,x
15032,B,1268,x
15034,C,1692,x
15036,A,1802,x
15039,C,1452,x
15041,C,1269,x
15042,C,1992,x
15043,A,1437,x
15044,D,1314,x
15045,C,1861,x
15046,C,1755,x
15048,D,1880,x
15049,A,1563,x
15050,B,1104,x
15052,B,1834,x
15053,A,1343,x
15054,C,1857,x
15056,A,1676,x
15057,D,1435,x
15058,C,1611,x
15060,C,1861,x
15061,D,1845,x
15062,A,1252,x
15065,B,1694,x
15066,C,1052,x
15067,B,1204,x
15068,A,1392,x
15069,B,1205,x
15070,D,1273,x
15072,A,1042,x
15074,B,1845,x
15075,A,1735,x
15080,B,1683,x
15081,C,1724,x
15082,B,1700,x
15085,D,1200,x
15086,D,1747,x
15094,C,1960,x
15097,D,1543,x
15102,A,1894,x
15106,D,1273,x
15111,B,1349,x
15114,A,1540,x
15115,D,1798,x
15116,D,1861,x
15119,C,1029,x
15120,B,1491,x
15121,C,1658,x
15128,C,1134,x
15129,C,1844,x
15130,C,1137,x
15133,C,1175,x
15136,B,1438,x
15137,A,1790,x
15138,A,1084,x
15139,B,1794,x
15141,A,1808,x
15143,C,1670,x
15144,D,1467,x
15148,D,1335,x
15150,B,1589,x
15158,C,1548,x
15159,C,1434,x
15163,C,1444,x
15164,D,1835,x
15165,B,1018,x
15166,D,1025,x
15168,A,1592,x
15170,C,1454,x
15171,C,1474,x
15172,C,1505,x
15177,B,1801,x
15179,C,1810,x
15183,C,1258,x
15187,A,1123,x
15192,C,1057,x
15195,A,1126,x
15196,A,1145,x
15197,C,1686,x
15199,B,1976,x
15200,B,1876,x
15205,C,1445,x
15206,D,1359,x
15207,C,1031,x
15208,B,1049,x
15210,C,1927,x
15212,A,1026,x
15213,D,1382,x
15214,D,1197,x
15216,C,1347,x
15218,D,1432,x
15219,A,1875,x
15221,B,1401,x
15222,B,1148,x
15223,D,1615,x
15225,C,1811,x
15227,A,1750,x
15228,A,1394,x
15230,D,1649,x
15231,A,1536,x
15232,A,1220,x
15233,A,1638,x
15234,D,1183,x
15235,D,1468,x
15236,B,1453,x
15243,B,1094,x
15247,B,1133,x
15249,A,1814,x
15251,B,1985,x
15252,C,1143,x
15253,D,1807,x
15259,D,1082,x
15261,C,1834,x
15264,C,1535,x
15267,D,1540,x
15269,C,1269,x
15270,D,1784,x
15272,C,1913,x
15274,A,1123,x
15278,B,1166,x
15279,D,1967,x
15280,D,1576,x
15281,D,1587,x
15282,D,1146,x
15284,D,1106,x
15285,D,1143,x
15286,C,1484,x
15287,D,1986,x
15288,D,1039,x
15289,C,1035,x
15291,C,1961,x
15292,C,1081,x
15293,B,1774,x
15295,B,1851,x
15296,A,1992,x
15300,C,1083,x
15301,D,1207,x
15303,C,1993,x
15305,A,1746,x
15306,C,1815,x
15309,B,1184,x
15310,B,1756,x
15312,B,1500,x
15315,B,1377,x
15316,B,1876,x
15321,D,1043,x
15322,C,1259,x
15324,B,1266,x
15327,B,1669,x
15330,B,1828,x
15331,D,1094,x
15334,C,1219,x
15337,B,1418,x
15341,D,1650,x
15345,A,1298,x
15347,B,1856,x
15350,C,1384,x
15351,B,1568,x
15352,B,1277,x
15356,A,1853,x
15359,C,1182,x
15360,D,1200,x
15361,B,1130,x
15364,C,1848,x
15365,D,1014,x
15366,D,1380,x
15367,C,1993,x
15371,B,1409,x
15373,D,1777,x
15378,C,1565,x
15379,D,1964,x
15380,D,1994,x
15381,D,1572,x
15384,D,1548,x
15385,D,1069,x
15386,A,1742,x
15387,A,1391,x
15391,B,1597,x
15393,C,1536,x
15395,A,1809,x
15396,C,1111,x
15397,C,1937,x
15399,C,1961,x
15401,D,1808,x
15402,A,1361,x
15404,B,1593,x
15406,D,1786,x
15408,A,1232,x
15409,A,1477,x
15411,D,1262,x
15414,B,1020,x
15416,D,1903,x
15417,D,1029,x
15419,A,1686,x
15424,D,1548,x
15426,A,1863,x
15429,B,1575,x
15430,C,1141,x
15437,C,1721,x
15439,B,1457,x
15441,C,1196,x
15442,A,1646,x
15446,B,1513,x
15447,A,1223,x
15450,B,1535,x
15451,D,1090,x
15453,A,1076,x
15454,C,1370,x
15455,A,1399,x
15456,C,1049,x
15457,A,1693,x
15459,D,1062,x
15461,D,1075,x
15462,C,1273,x
15465,A,1295,x
15466,D,1303,x
15468,A,1623,x
15469,A,1828,x
15474,D,1371,x
15481,B,1290,x
15483,B,1616,x
15485,B,1934,x
15486,C,1455,x
15487,A,1882,x
15488,D,1171,x
15489,D,1635,x
15490,A,1934,x
15495,C,1356,x
15500,A,1058,x
15502,A,1373,x
15503,C,1894,x
15505,A,1272,x
15507,D,1555,x
15508,B,1493,x
15509,C,1694,x
15510,C,1250,x
15511,B,1560,x
15512,A,1752,x
15513,C,1585,x
15514,D,1100,x
15518,C,1350,x
15521,D,1118,x
15523,D,1882,x
15526,B,1497,x
15530,B,1158,x
15534,A,1046,x
15536,B,1967,x
15537,B,1138,x
15539,D,1925,x
15540,D,1177,x
15542,C,1024,x
15544,B,1001,x
15553,C,1883,x
15560,B,1698,x
15561,D,1137,x
15563,C,1781,x
15567,C,1306,x
15568,B,1650,x
15570,A,1990,x
15574,A,1304,x
15576,A,1843,x
15579,D,1398,x
15580,D,1386,x
15581,D,1361,x
15585,A,1595,x
15586,A,1712,x
15589,D,1212,x
15591,A,1129,x
15592,B,1982,x
15593,A,1199,x
15594,D,1283,x
15595,B,1985,x
15599,D,1095,x
15600,D,1088,x
15602,B,1775,x
15603,C,1877,x
15604,D,1672,x
15607,B,1437,x
15609,A,1599,x
15610,B,1985,x
15615,B,1809,x
15617,A,1461,x
15618,A,1535,x
15620,B,1212,x
15621,A,1189,x
15622,C,1502,x
15625,B,1804,x
15627,A,1374,x
15628,A,1033,x
15629,D,1566,x
15630,B,1687,x
15631,A,1211,x
15635,D,1885,x
15637,D,1297,x
15638,A,1983,x
15640,C,1003,x
15641,D,1649,x
15642,B,1519,x
15647,B,1407,x
15648,D,1800,x
15650,C,1516,x
15651,D,1462,x
15652,D,1202,x
15653,A,1605,x
15654,A,1739,x
15659,A,1268,x
15660,A,1109,x
15661,B,1519,x
15662,A,1480,x
15663,D,1036,x
15664,C,1551,x
15665,D,1022,x
15667,A,1650,x
15668,A,1523,x
15670,A,1304,x
15678,B,1071,x
15679,B,1649,x
15680,D,1822,x
15681,D,1273,x
15682,B,1585,x
15683,A,1829,x
15684,A,1379,x
15686,B,1867,x
15687,C,1087,x
15692,A,1526,x
15693,A,1711,x
15694,B,1062,x
15698,B,1760,x
15701,D,1841,x
15704,A,1910,x
15705,D,1531,x
15707,C,1575,x
15708,A,1132,x
15709,A,1500,x
15712,B,1977,x
15716,A,1957,x
15717,D,1212,x
15718,C,1393,x
15719,D,1666,x
15720,A,1517,x
15725,B,1403,x
15727,B,1738,x
15730,C,1105,x
15735,C,1892,x
15736,D,1687,x
15737,A,1856,x
15739,B,1336,x
15741,B,1258,x
15742,B,1866,x
15746,D,1886,x
15748,C,1752,x
15751,C,1356,x
15755,C,1206,x
15756,D,1371,x
15757,C,1190,x
15761,B,1626,x
15763,C,1095,x
15764,B,1465,x
15765,C,1225,x
15767,B,1448,x
15768,B,1833,x
15770,D,1794,x
15773,C,1183,x
15774,B,1362,x
15779,D,1086,x
15782,C,1039,x
15783,B,1452,x
15784,A,1696,x
15787,A,1587,x
15789,C,1763,x
15793,A,1659,x
15799,D,1330,x
15800,B,1958,x
15808,A,1643,x
15809,D,1080,x
15811,D,1621,x
15814,D,1721,x
15818,D,1395,x
15819,A,1080,x
15822,C,1682,x
15826,D,1973,x
15831,D,1664,x
15834,B,1075,x
15836,B,1478,x
15837,B,1171,x
15838,C,1216,x
15842,B,1306,x
15844,B,1643,x
15846,B,1746,x
15848,C,1023,x
15849,D,1511,x
15850,D,1746,x
15851,D,1850,x
15855,A,1002,x
15856,D,1290,x
15858,D,1920,x
15860,B,1714,x
15862,A,1649,x
15863,B,1192,x
15865,B,1247,x
15866,C,1722,x
15868,A,1625,x
15870,B,1785,x
15872,D,1368,x
15874,B,1547,x
15875,A,1196,x
15877,D,1435,x
15878,B,1585,x
15879,D,1341,x
15884,D,1105,x
15886,B,1583,x
15891,C,1306,x
15894,C,1855,x
15898,A,1034,x
15899,D,1890,x
15900,C,1338,x
15901,C,1730,x
15902,B,1975,x
15903,A,1054,x
15905,D,1029,x
15906,D,1793,x
15910,D,1497,x
15913,A,1527,x
15914,C,1831,x
15917,B,1566,x
15918,A,1560,x
15919,D,1455,x
15920,C,1107,x
15922,D,1187,x
15923,D,1814,x
15925,D,1751,x
15926,A,1749,x
15928,A,1259,x
15929,D,1413,x
15936,A,1005,x
15940,D,1541,x
15942,A,1965,x
15943,B,1895,x
15944,B,1470,x
15945,C,1591,x
15946,C,1134,x
15947,B,1462,x
15952,C,1845,x
15955,B,1847,x
15956,C,1778,x
15958,C,1670,x
15959,D,1668,x
15962,A,1109,x
15964,C,1022,x
15969,B,1988,x
15972,C,1378,x
15979,C,1797,x
15980,D,1091,x
15982,D,1197,x
15983,D,1815,x
15989,A,1643,x
15990,A,1345,x
15991,A,1822,x
15993,B,1273,x
15996,C,1791,x
15997,A,1638,x
15998,D,1397,x
16000,C,1803,x
16001,C,1858,x
16003,B,1329,x
16004,D,1083,x
16005,C,1526,x
16006,A,1961,x
16008,C,1105,x
16009,A,1838,x
16011,C,1902,x
16014,A,1457,x
16020,B,1024,x
16021,B,1830,x
16022,B,1133,x
16025,B,1079,x
16027,A,1706,x
16028,D,1103,x
16029,A,1116,x
16030,C,1367,x
16032,D,1152,x
16038,A,1215,x
16042,A,1078,x
16043,A,1983,x
16046,B,1384,x
16047,A,1321,x
16048,A,1900,x
16052,D,1422,x
16053,B,1515,x
16055,C,1888,x
16060,B,1392,x
16061,C,1262,x
16062,D,1941,x
16063,A,1586,x
16067,A,1311,x
16073,D,1273,x
16075,C,1384,x
16076,A,1212,x
16077,D,1327,x
16078,B,1270,x
16081,B,1501,x
16083,D,1360,x
16086,C,1840,x
16090,A,1356,x
16091,C,1731,x
16095,B,1478,x
16097,D,1219,x
16098,B,1547,x
16103,A,1667,x
16107,C,1860,x
16109,C,1870,x
16110,A,1314,x
16112,B,1382,x
16114,C,1687,x
16119,A,1247,x
16121,B,1066,x
16123,B,1871,x
16125,A,1154,x
16126,D,1397,x
16127,B,1261,x
16128,D,1180,x
16130,C,1872,x
16131,B,1367,x
16132,D,1867,x
16133,B,1950,x
16135,B,1737,x
16136,C,1624,x
16139,C,1675,x
16142,C,1879,x
16143,A,1556,x
16144,C,1942,x
16146,B,1758,x
16149,C,1750,x
16150,D,1691,x
16155,A,1423,x
16163,A,1644,x
16168,A,1356,x
16170,D,1069,x
16173,C,1196,x
16174,A,1767,x
16175,D,1046,x
16177,B,1925,x
16178,A,1352,x
16179,B,1279,x
16180,C,1869,x
16181,A,1552,x
16182,D,1468,x
16183,D,1749,x
16184,C,1714,x
16185,B,1285,x
16186,B,1226,x
16187,A,1878,x
16188,D,1871,x
16191,B,1074,x
16192,C,1787,x
16200,B,1975,x
16202,C,1157,x
16205,D,1915,x
16207,D,1719,x
16209,C,1310,x
16211,D,1221,x
16212,B,1230,x
16213,C,1284,x
16214,C,1818,x
16217,B,1803,x
16219,C,1950,x
16221,D,1299,x
16223,C,1104,x
16224,A,1474,x
16225,D,1058,x
16231,A,1218,x
16232,C,1917,x
16233,D,1953,x
16235,C,1508,x
16237,A,1859,x
16239,D,1321,x
16241,A,1034,x
16242,B,1539,x
16243,D,1865,x
16244,D,1221,x
16245,A,1302,x
16246,A,1095,x
16247,A,1486,x
16249,C,1433,x
16250,A,1952,x
16254,B,1128,x
16255,B,1119,x
16259,B,1460,x
16265,D,1717,x
16266,A,1659,x
16267,B,1639,x
16268,B,1457,x
16269,B,1357,x
16270,D,1753,x
16272,D,1627,x
16273,B,1039,x
16275,D,1967,x
16277,A,1429,x
16279,D,1814,x
16280,D,1104,x
16281,C,1862,x
16282,C,1285,x
16284,A,1065,x
16285,B,1968,x
16286,A,1145,x
16287,A,1432,x
16288,D,1688,x
16290,A,1463,x
16292,C,1706,x
16293,D,1573,x
16297,A,1950,x
16298,D,1006,x
16300,B,1991,x
16302,A,1368,x
16304,B,1010,x
16306,B,1913,x
16308,C,1139,x
16310,A,1922,x
16314,A,1315,x
16316,C,1985,x
16317,B,1902,x
16321,A,1265,x
16323,B,1906,x
16324,C,1804,x
16327,C,1323,x
16328,D,1480,x
16332,C,1729,x
16333,D,1559,x
16334,D,1650,x
16337,A,1951,x
16338,C,1789,x
16339,B,1909,x
16341,A,1056,x
16342,C,1543,x
16344,C,1397,x
16346,B,1322,x
16347,B,1953,x
16348,D,1315,x
16355,D,1489,x
16358,D,1653,x
16361,A,1795,x
16367,D,1218,x
16370,B,1063,x
16372,A,1198,x
16373,A,1154,x
16376,D,1190,x
16379,B,1395,x
16382,C,1010,x
16386,A,1078,x
16388,A,1523,x
16389,C,1560,x
16392,B,1657,x
16393,A,1142,x
16394,D,1288,x
16395,A,1240,x
16396,C,1935,x
16397,A,1242,x
16398,B,1481,x
16399,A,1897,x
16400,A,1310,x
16401,D,1516,x
16402,D,1699,x
16405,B,1404,x
16406,A,1157,x
16407,B,1974,x
16408,D,1994,x
16409,B,1234,x
16414,C,1686,x
16417,C,1523,x
16419,D,1008,x
16421,D,1038,x
16422,C,1881,x
16423,A,1425,x
16424,A,1478,x
16425,D,1433,x
16427,C,1318,x
16428,D,1998,x
16430,A,1562,x
16431,C,1088,x
16433,D,1434,x
16434,C,1291,x
16436,B,1825,x
16439,B,1702,x
16440,B,1577,x
16442,B,1176,x
16443,A,1387,x
16445,B,1656,x
16447,D,1701,x
16448,D,1468,x
16449,C,1017,x
16450,D,1677,x
16453,A,1423,x
16456,B,1180,x
16458,C,1513,x
16461,B,1374,x
16463,C,1602,x
16465,C,1201,x
16466,B,1559,x
16470,B,1884,x
16473,C,1631,x
16475,A,1487,x
16476,D,1747,x
16477,A,1513,x
16478,C,1713,x
16482,A,1927,x
16484,C,1948,x
16488,B,1732,x
16491,D,1991,x
16492,A,1551,x
16493,A,1925,x
16495,C,1553,x
16497,D,1692,x
16498,A,1359,x
16501,B,1706,x
16503,B,1834,x
16505,C,1411,x
16506,A,1110,x
16508,B,1784,x
16511,A,1504,x
16512,A,1567,x
16513,B,1901,x
16514,A,1164,x
16515,A,1572,x
16516,B,1923,x
16519,A,1683,x
16522,D,1131,x
16525,C,1778,x
16527,A,1039,x
16529,D,1654,x
16532,D,1545,x
16536,C,1355,x
16537,B,1026,x
16539,D,1960,x
16540,C,1159,x
16541,C,1800,x
16542,A,1967,x
16545,A,1555,x
16549,C,1542,x
16551,B,1545,x
16555,C,1796,x
16556,B,1517,x
16557,D,1230,x
16558,A,1809,x
16559,C,1530,x
16560,A,1985,x
16562,A,1186,x
16563,C,1945,x
16564,C,1729,x
16566,D,1982,x
16569,D,1227,x
16570,C,1816,x
16571,A,1239,x
16572,B,1246,x
16574,C,1924,x
16575,D,1434,x
16576,D,1378,x
16577,B,1125,x
16579,B,1043,x
16582,A,1784,x
16583,C,1095,x
16584,D,1947,x
16587,D,1003,x
16590,D,1270,x
16596,B,1087,x
16597,B,1393,x
16598,B,1657,x
16599,C,1336,x
16600,B,1580,x
16603,B,1427,x
16605,C,1625,x
16606,D,1472,x
16607,C,1657,x
16612,D,1397,x
16618,A,1289,x
16621,B,1076,x
16624,D,1190,x
16625,C,1624,x
16627,A,1221,x
16631,B,1211,x
16632,B,1909,x
16635,B,1809,x
16638,C,1233,x
16639,A,1561,x
16641,A,1179,x
16644,D,1231,x
16645,A,1625,x
16646,A,1360,x
16648,B,1078,x
16649,B,1994,x
16650,A,1555,x
16655,A,1831,x
16656,C,1643,x
16659,C,1837,x
16663,D,1582,x
16669,D,1071,x
16672,C,1058,x
16674,A,1024,x
16675,C,1115,x
16676,B,1360,x
16678,C,1829,x
16679,A,1884,x
16681,D,1275,x
16682,D,1941,x
16684,C,1425,x
16689,B,1335,x
16693,D,1525,x
16695,A,1776,x
16696,B,1910,x
16698,B,1965,x
16699,B,1852,x
16702,B,1519,x
16703,A,1805,x
16705,D,1113,x
16706,C,1179,x
16707,B,1776,x
16708,B,1665,x
16712,C,1196,x
16713,B,1446,x
16714,A,1284,x
16715,A,1885,x
16717,B,1399,x
16720,B,1892,x
16721,C,1844,x
16723,C,1192,x
16726,C,1352,x
16728,C,1791,x
16730,D,1971,x
16733,A,1612,x
16735,C,1647,x
16742,C,1840,x
16744,A,1766,x
16745,C,1214,x
16747,C,1587,x
16748,B,1960,x
16749,C,1718,x
16752,A,1905,x
16754,A,1753,x
16755,D,1648,x
16758,D,1758,x
16759,D,1260,x
16762,C,1921,x
16764,D,1460,x
16765,C,1072,x
16766,B,1604,x
16768,C,1125,x
16771,B,1411,x
16776,A,1046,x
16778,D,1321,x
16779,C,1433,x
16780,B,1367,x
16783,C,1900,x
16784,A,1590,x
16785,C,1133,x
16787,A,1362,x
16789,D,1393,x
16791,D,1213,x
16794,B,1339,x
16795,A,1060,x
16796,B,1149,x
16798,C,1767,x
16800,D,1057,x
16803,D,1104,x
16805,C,1697,x
16808,B,1342,x
16811,C,1034,x
16813,B,1312,x
16818,D,1956,x
16822,A,1208,x
16823,A,1498,x
16824,B,1557,x
16826,D,1715,x
16828,C,1284,x
16830,B,1477,x
16832,B,1499,x
16833,C,1749,x
16834,D,1052,x
16836,D,1428,x
16839,B,1234,x
16840,D,1971,x
16845,C,1215,x
16850,D,1215,x
16851,C,1304,x
16852,C,1016,x
16856,A,1653,x
16857,B,1876,x
16859,A,1569,x
16862,D,1141,x
16863,B,1740,x
16865,B,1410,x
16869,D,1383,x
16870,C,1178,x
16872,B,1732,x
16874,D,1404,x
16880,B,1136,x
16881,A,1169,x
16885,C,1533,x
16886,C,1834,x
16888,C,1467,x
16889,C,1946,x
16890,B,1172,x
16891,C,1108,x
16892,B,1393,x
16893,B,1791,x
16898,A,1793,x
16901,B,1337,x
16902,D,1556,x
16903,A,1455,x
16905,B,1845,x
16906,B,1960,x
16907,B,1444,x
16911,B,1895,x
16913,C,1533,x
16914,C,1622,x
16916,D,1508,x
16917,C,1058,x
16920,B,1623,x
16921,C,1069,x
16922,B,1796,x
16923,C,1100,x
16926,A,1005,x
16928,C,1414,x
16930,A,1772,x
16931,C,1347,x
16932,A,1985,x
16933,B,1157,x
16934,B,1767,x
16935,C,1978,x
16936,C,1785,x
16939,C,1283,x
16941,D,1989,x
16944,D,1559,x
16946,B,1674,x
16949,D,1226,x
16950,C,1181,x
16957,D,1420,x
16959,D,1548,x
16960,B,1473,x
16961,D,1413,x
16962,A,1249,x
16963,D,1678,x
16965,D,1424,x
16969,B,1617,x
16972,A,1076,x
16973,B,1706,x
16974,D,1601,x
16975,B,1896,x
16977,D,1864,x
16978,A,1218,x
16981,D,1727,x
16984,C,1650,x
16985,B,1703,x
16987,C,1839,x
16988,C,1581,x
16991,C,1741,x
16992,D,1441,x
16993,A,1552,x
16995,D,1996,x
16997,C,1521,x
16999,B,1377,x
17004,A,1504,x
17005,D,1833,x
17006,D,1343,x
17007,A,1126,x
17009,B,1529,x
17010,A,1210,x
17011,A,1003,x
17014,B,1463,x
17018,B,1347,x
17019,D,1541,x
17020,C,1536,x
17023,D,1762,x
17026,A,1739,x
17027,D,1295,x
17030,C,1433,x
17031,C,1986,x
17034,B,1147,x
17037,D,1162,x
17039,B,1931,x
17041,C,1790,x
17044,D,1108,x
17046,A,1217,x
17050,B,1168,x
17053,C,1225,x
17059,D,1386,x
17060,A,1024,x
17066,C,1760,x
17067,B,1397,x
17069,B,1895,x
17070,B,1014,x
17072,D,1958,x
17074,B,1744,x
17075,A,1883,x
17077,B,1051,x
17078,A,1654,x
17083,D,1114,x
17086,C,1838,x
17088,A,1395,x
17091,D,1205,x
17092,B,1887,x
17095,A,1982,x
17096,A,1419,x
17097,D,1454,x
17098,D,1451,x
17099,B,1420,x
17101,A,1511,x
17103,C,1813,x
17104,C,1113,x
17106,B,1695,x
17108,D,1675,x
17109,D,1634,x
17110,D,1341,x
17114,A,1655,x
17116,D,1895,x
17117,C,1807,x
17118,B,1195,x
17119,D,1292,x
17120,A,1017,x
17121,B,1856,x
17124,A,1864,x
17125,C,1407,x
17132,A,1466,x
17133,A,1809,x
17135,A,1553,x
17136,D,1141,x
17137,B,1082,x
17139,D,1100,x
17140,A,1504,x
17141,B,1849,x
17142,C,1513,x
17143,B,1599,x
17144,A,1995,x
17145,C,1767,x
17148,C,1359,x
17150,D,1829,x
17152,B,1732,x
17153,B,1766,x
17155,A,1152,x
17156,D,1055,x
17160,A,1506,x
17162,C,1177,x
17163,B,1369,x
17167,A,1227,x
17168,D,1440,x
17169,B,1510,x
17173,C,1510,x
17175,B,1679,x
17176,C,1427,x
17177,B,1275,x
17178,A,1359,x
17179,C,1902,x
17184,B,1210,x
17185,A,1089,x
17192,A,1991,x
17196,D,1266,x
17198,C,1440,x
17199,D,1113,x
17200,A,1589,x
17201,C,1096,x
17202,B,1351,x
17203,D,1878,x
17204,A,1504,x
17205,A,1724,x
17210,A,1058,x
17211,C,1648,x
17216,B,1153,x
17217,B,1930,x
17218,C,1260,x
17220,D,1814,x
17221,A,1559,x
17223,A,1713,x
17224,A,1597,x
17225,A,1621,x
17227,A,1755,x
17228,C,1520,x
17230,A,1656,x
17232,B,1979,x
17233,A,1189,x
17235,C,1904,x
17237,A,1344,x
17239,B,1730,x
17241,B,1094,x
17242,C,1177,x
17243,D,1746,x
17250,A,1153,x
17252,D,1059,x
17253,A,1875,x
17256,A,1505,x
17258,C,1968,x
17259,D,1905,x
17260,B,1639,x
17262,D,1557,x
17264,C,1242,x
17265,D,1084,x
17266,B,1802,x
17268,D,1584,x
17272,D,1941,x
17274,D,1101,x
17275,C,1264,x
17276,D,1862,x
17278,D,1222,x
17284,B,1236,x
17285,A,1993,x
17286,A,1846,x
17289,A,1897,x
17291,C,1183,x
17296,D,1552,x
17297,A,1282,x
17298,A,1673,x
17300,C,1040,x
17301,B,1724,x
17302,A,1231,x
17303,D,1108,x
17304,B,1906,x
17306,C,1531,x
17308,A,1424,x
17312,A,1216,x
17316,B,1049,x
17317,D,1768,x
17318,B,1063,x
17319,A,1849,x
17320,C,1826,x
17321,A,1459,x
17324,B,1505,x
17326,A,1381,x
17327,C,1027,x
17329,D,1145,x
17330,B,1161,x
17331,C,1377,x
17333,B,1448,x
17335,B,1435,x
17336,D,1654,x
17340,D,1706,x
17341,C,1058,x
17346,C,1515,x
17347,B,1840,x
17351,B,1717,x
17352,D,1919,x
17354,B,1356,x
17355,C,1158,x
17359,A,1624,x
17360,C,1140,x
17361,D,1914,x
17363,A,1762,x
17364,A,1718,x
17365,C,1542,x
17366,D,1384,x
17367,D,1706,x
17368,B,1187,x
17369,B,1438,x
17370,D,1752,x
17371,C,1315,x
17374,D,1960,x
17375,D,1954,x
17376,A,1216,x
17378,A,1485,x
17379,D,1808,x
17381,D,1864,x
17382,C,1795,x
17384,C,1881,x
17386,D,1356,x
17387,D,1591,x
17388,C,1683,x
17390,C,1815,x
17391,A,1542,x
17392,C,1254,x
17393,B,1680,x
17397,D,1224,x
17398,A,1468,x
17400,A,1360,x
17404,A,1345,x
17405,D,1317,x
17411,C,1764,x
17413,D,1073,x
17415,D,1481,x
17416,D,1526,x
17417,B,1414,x
17420,A,1669,x
17421,C,1889,x
17422,B,1624,x
17430,A,1140,x
17432,B,1434,x
17433,A,1743,x
17434,D,1526,x
17435,B,1059,x
17439,C,1791,x
17441,C,1644,x
17444,B,1706,x
17446,C,1246,x
17450,D,1040,x
17452,C,1956,x
17455,C,1108,x
17459,A,1593,x
17460,B,1085,x
17462,B,1812,x
17464,C,1031,x
17465,D,1778,x
17466,C,1934,x
17467,C,1710,x
17469,A,1933,x
17470,B,1092,x
17471,C,1920,x
17472,D,1760,x
17476,A,1694,x
17477,D,1348,x
17479,A,1386,x
17485,A,1262,x
17487,A,1556,x
17488,B,1287,x
17489,D,1639,x
17490,C,1017,x
17493,D,1219,x
17497,D,1393,x
17501,A,1471,x
17502,C,1978,x
17504,A,1703,x
17505,A,1757,x
17506,B,1319,x
17508,D,1040,x
17509,C,1264,x
17513,A,1599,x
17514,B,1159,x
17515,D,1016,x
17516,B,1662,x
17518,B,1809,x
17519,A,1948,x
17521,D,1708,x
17523,D,1577,x
17524,D,1467,x
17525,A,1125,x
17526,A,1886,x
17532,B,1731,x
17533,B,1226,x
17535,A,1059,x
17538,C,1904,x
17541,A,1801,x
17543,C,1349,x
17547,A,1443,x
17548,A,1378,x
17561,C,1380,x
17565,D,1797,x
17566,D,1127,x
17567,C,1082,x
17570,C,1297,x
17572,C,1156,x
17574,D,1981,x
17578,D,1479,x
17581,B,1266,x
17582,B,1148,x
17583,B,1475,x
17584,B,1587,x
17586,A,1720,x
17588,A,1831,x
17589,B,1695,x
17590,D,1051,x
17593,B,1417,x
17594,B,1219,x
17596,A,1461,x
17597,C,1420,x
17599,D,1363,x
17601,D,1956,x
17603,C,1453,x
17604,D,1352,x
17606,B,1951,x
17607,D,1922,x
17608,A,1863,x
17609,D,1836,x
17610,C,1432,x
17611,C,1964,x
17613,A,1023,x
17614,B,1678,x
17617,D,1244,x
17621,D,1253,x
17623,B,1966,x
17626,C,1585,x
17628,B,1014,x
17629,C,1211,x
17630,D,1991,x
17632,B,1738,x
17634,D,1701,x
17636,B,1039,x
17637,A,1590,x
17638,A,1303,x
17640,D,1213,x
17642,A,1766,x
17644,D,1445,x
17646,C,1157,x
17648,B,1573,x
17650,A,1104,x
17651,B,1247,x
17653,D,1296,x
17655,D,1648,x
17662,C,1276,x
17663,B,1637,x
17664,B,1169,x
17665,D,1197,x
17667,C,1724,x
17668,A,1080,x
17670,B,1733,x
17673,D,1298,x
17674,D,1230,x
17675,D,1457,x
17678,C,1982,x
17682,B,1029,x
17687,D,1076,x
17688,D,1700,x
17689,B,1495,x
17693,C,1550,x
17694,D,1784,x
17695,A,1133,x
17696,D,1585,x
17698,A,1258,x
17699,B,1973,x
17701,D,1752,x
17705,C,1536,x
17707,A,1881,x
17709,C,1852,x
17710,C,1738,x
17714,C,1380,x
17718,B,1596,x
17722,D,1120,x
17723,C,1145,x
17728,B,1592,x
17729,C,1014,x
17731,B,1285,x
17732,D,1012,x
17733,A,1567,x
17734,B,1038,x
17735,C,1787,x
17736,C,1196,x
17737,A,1267,x
17738,C,1600,x
17741,B,1735,x
17745,D,1346,x
17746,D,1023,x
17747,C,1626,x
17750,A,1861,x
17752,C,1208,x
17753,A,1260,x
17754,C,1960,x
17755,A,1509,x
17756,C,1255,x
17757,B,1822,x
17759,B,1300,x
17760,A,1366,x
17761,A,1818,x
17762,B,1584,x
17763,A,1583,x
17765,B,1674,x
17766,C,1121,x
17769,B,1276,x
17772,C,1364,x
17776,A,1342,x
17778,D,1973,x
17785,C,1693,x
17788,B,1211,x
17789,B,1927,x
17792,C,1783,x
17793,D,1229,x
17798,D,1715,x
17799,B,1890,x
17804,A,1461,x
17805,C,1800,x
17807,D,1128,x
17808,D,1904,x
17810,A,1846,x
17814,D,1204,x
17820,B,1654,x
17822,A,1323,x
17826,D,1056,x
17828,B,1662,x
17829,D,1321,x
17838,C,1828,x
17839,C,1052,x
17841,C,1718,x
17842,D,1772,x
17844,A,1427,x
17845,C,1190,x
17851,D,1855,x
17853,C,1300,x
17856,D,1013,x
17860,A,1285,x
17862,D,1855,x
17863,C,1698,x
17864,C,1970,x
17866,D,1415,x
17870,B,1207,x
17872,D,1922,x
17873,A,1485,x
17874,D,1219,x
17875,B,1235,x
17877,A,1152,x
17878,B,1791,x
17879,D,1587,x
17880,D,1986,x
17881,D,1007,x
17882,D,1631,x
17883,A,1147,x
17884,D,1694,x
17886,A,1878,x
17887,C,1657,x
17888,A,1647,x
17889,A,1572,x
17890,B,1914,x
17892,B,1790,x
17894,C,1141,x
17895,A,1793,x
17898,D,1070,x
17901,B,1464,x
17902,A,1789,x
17903,A,1039,x
17904,C,1213,x
17905,C,1028,x
17906,B,1239,x
17911,D,1800,x
17912,A,1557,x
17915,C,1769,x
17917,C,1418,x
17921,A,1771,x
17926,A,1103,x
17928,D,1280,x
17930,A,1132,x
17934,D,1942,x
17936,D,1012,x
17939,D,1515,x
17941,A,1342,x
17943,D,1097,x
17944,D,1319,x
17945,B,1188,x
17949,A,1009,x
17952,D,1635,x
17956,D,1428,x
17957,B,1378,x
17961,A,1377,x
17965,D,1200,x
17968,D,1488,x
17970,C,1159,x
17971,D,1685,x
17975,C,1220,x
17978,D,1164,x
17979,B,1470,x
17980,D,1703,x
17982,C,1695,x
17984,B,1890,x
17985,B,1500,x
17986,A,1609,x
17989,B,1733,x
17990,B,1333,x
17991,B,1127,x
17993,B,1552,x
17994,C,1844,x
17996,B,1502,x
18001,B,1855,x
18002,D,1900,x
18003,B,1992,x
18010,B,1508,x
18011,C,1952,x
18018,B,1723,x
18020,B,1333,x
18024,A,1724,x
18029,D,1290,x
18031,B,1277,x
18033,A,1583,x
18034,C,1983,x
18035,B,1045,x
18037,D,1964,x
18042,A,1902,x
18044,D,1184,x
18045,B,1279,x
18046,A,1762,x
18047,D,1543,x
18048,A,1236,x
18049,A,1569,x
18050,B,1491,x
18051,A,1946,x
18052,A,1563,x
18059,A,1584,x
18061,D,1636,x
18062,B,1432,x
18063,B,1678,x
18065,C,1288,x
18067,A,1357,x
18069,D,1853,x
18070,A,1235,x
18073,A,1868,x
18074,A,1660,x
18075,C,1178,x
18076,D,1385,x
18079,C,1731,x
18080,D,1134,x
18081,A,1259,x
18082,C,1683,x
18083,A,1751,x
18084,A,1046,x
18085,C,1679,x
18086,B,1366,x
18091,B,1196,x
18093,B,1933,x
18095,C,1993,x
18096,C,1096,x
18099,A,1043,x
18103,C,1356,x
18104,C,1800,x
18107,C,1954,x
18108,C,1055,x
18110,D,1307,x
18111,A,1301,x
18113,C,1065,x
18114,A,1870,x
18120,D,1443,x
18121,B,1155,x
18122,A,1251,x
18124,A,1239,x
18125,A,1269,x
18127,C,1267,x
18128,D,1598,x
18129,D,1678,x
18130,B,1046,x
18131,B,1426,x
18132,B,1840,x
18135,A,1400,x
18138,C,1905,x
18141,C,1618,x
18143,A,1189,x
18146,C,1703,x
18147,C,1357,x
18148,A,1910,x
18150,A,1607,x
18154,C,1805,x
18155,D,1557,x
18156,C,1596,x
18159,C,1390,x
18165,D,1114,x
18167,C,1286,x
18169,B,1478,x
18171,A,1451,x
18172,A,1862,x
18173,C,1257,x
18174,B,1523,x
18175,D,1133,x
18180,A,1548,x
18182,D,1598,x
18183,A,1651,x
18185,A,1214,x
18186,D,1451,x
18187,B,1437,x
18188,D,1982,x
18189,D,1544,x
18193,A,1480,x
18194,B,1333,x
18197,D,1284,x
18199,C,1382,x
18200,A,1952,x
18201,D,1811,x
18202,D,1304,x
18203,B,1733,x
18206,A,1665,x
18208,A,1092,x
18209,B,1469,x
18211,B,1683,x
18212,A,1502,x
18214,C,1875,x
18215,C,1542,x
18216,D,1163,x
18217,C,1781,x
18220,D,1886,x
18221,D,1554,x
18223,C,1471,x
18224,A,1183,x
18225,A,1934,x
18226,C,1159,x
18227,C,1741,x
18229,C,1271,x
18231,C,1363,x
18233,A,1345,x
18236,B,1922,x
18240,B,1338,x
18241,B,1095,x
18242,C,1244,x
18244,C,1405,x
18247,C,1695,x
18253,D,1239,x
18254,D,1624,x
18255,C,1401,x
18256,C,1880,x
18257,A,1718,x
18260,D,1975,x
18261,D,1268,x
18263,C,1325,x
18264,D,1941,x
18266,D,1373,x
18267,A,1267,x
18270,A,1768,x
18274,B,1398,x
18280,B,1895,x
18282,C,1236,x
18284,A,1682,x
18287,A,1908,x
18288,D,1422,x
18289,B,1173,x
18294,D,1166,x
18295,B,1345,x
18296,C,1563,x
18297,C,1056,x
18298,B,1022,x
18299,D,1853,x
18301,B,1691,x
18303,C,1957,x
18304,B,1798,x
18305,B,1161,x
18306,A,1279,x
18310,C,1839,x
18311,B,1448,x
18313,C,1351,x
18314,A,1181,x
18315,B,1700,x
18317,C,1021,x
18318,A,1495,x
18319,B,1474,x
18322,A,1699,x
18325,C,1166,x
18326,A,1502,x
18327,D,1223,x
18329,C,1144,x
18332,B,1327,x
18333,C,1200,x
18334,C,1966,x
18335,A,1732,x
18336,D,1638,x
18339,A,1105,x
18340,D,1383,x
18344,A,1351,x
18347,C,1610,x
18352,C,1116,x
18353,A,1691,x
18356,C,1599,x
18357,C,1709,x
18358,C,1785,x
18361,B,1308,x
18364,A,1211,x
18366,C,1560,x
18367,A,1661,x
18368,B,1457,x
18370,A,1166,x
18371,C,1753,x
18373,A,1221,x
18374,B,1186,x
18375,B,1069,x
18377,B,1359,x
18378,C,1772,x
18379,B,1539,x
18380,D,1073,x
18381,C,1759,x
18383,B,1542,x
18385,B,1519,x
18386,C,1041,x
18393,A,1685,x
18396,D,1972,x
18399,D,1384,x
18401,D,1594,x
18403,C,1389,x
18405,B,1864,x
18406,A,1871,x
18407,C,1026,x
18408,A,1762,x
18410,A,1586,x
18411,C,1108,x
18413,A,1117,x
18414,C,1550,x
18416,C,1210,x
18422,C,1263,x
18425,B,1804,x
18428,A,1528,x
18429,D,1528,x
18431,D,1162,x
18432,A,1195,x
18436,C,1518,x
18439,A,1843,x
18441,D,1218,x
18442,A,1560,x
18445,C,1714,x
18446,A,1451,x
18448,C,1288,x
18451,B,1587,x
18454,D,1603,x
18462,D,1726,x
18463,B,1946,x
18465,D,1800,x
18468,C,1472,x
18469,D,1323,x
18472,A,1817,x
18473,A,1473,x
18474,A,1852,x
18478,D,1107,x
18479,B,1033,x
18481,A,1413,x
18482,A,1156,x
18483,A,1421,x
18487,A,1705,x
18488,A,1995,x
18491,A,1909,x
18494,D,1304,x
18496,C,1202,x
18500,C,1595,x
18505,C,1486,x
18508,A,1977,x
18511,C,1794,x
18513,B,1531,x
18517,B,1919,x
18521,B,1687,x
18522,D,1604,x
18523,D,1563,x
18524,D,1716,x
18525,B,1926,x
18527,A,1173,x
18528,C,1860,x
18531,C,1080,x
18533,D,1022,x
18536,D,1457,x
18539,D,1288,x
18540,B,1324,x
18542,A,1919,x
18544,D,1463,x
18545,C,1725,x
18546,B,1841,x
18547,A,1790,x
18551,D,1250,x
18554,D,1339,x
18555,A,1634,x
18556,B,1736,x
18557,A,1965,x
18559,A,1161,x
18560,B,1130,x
18562,A,1867,x
18564,A,1889,x
18565,B,1680,x
18566,A,1233,x
18572,D,1434,x
18573,C,1162,x
18576,C,1893,x
18577,D,1695,x
18578,A,1658,x
18584,B,1206,x
18585,C,1387,x
18586,B,1101,x
18593,D,1968,x
18594,C,1735,x
18599,A,1715,x
18601,D,1257,x
18604,A,1578,x
18606,B,1756,x
18608,B,1397,x
18612,A,1012,x
18614,B,1610,x
18619,D,1170,x
18620,A,1767,x
18621,B,1144,x
18622,B,1982,x
18625,D,1519,x
18626,B,1177,x
18628,B,1545,x
18630,A,1490,x
18631,A,1591,x
18635,C,1787,x
18637,C,1940,x
18639,C,1270,x
18640,C,1920,x
18641,B,1411,x
18642,D,1301,x
18643,D,1462,x
18644,C,1842,x
18645,D,1039,x
18646,A,1741,x
18647,A,1378,x
18648,C,1224,x
18651,D,1831,x
18653,B,1563,x
18654,D,1591,x
18656,D,1326,x
18658,D,1703,x
18659,B,1355,x
18660,A,1339,x
18663,B,1109,x
18664,A,1177,x
18665,C,1098,x
18666,A,1881,x
18669,B,1423,x
18677,D,1330,x
18679,A,1911,x
18680,B,1229,x
18681,B,1542,x
18682,C,1556,x
18683,D,1856,x
18685,C,1279,x
18686,A,1322,x
18687,A,1274,x
18688,A,1680,x
18689,B,1569,x
18690,C,1271,x
18691,B,1942,x
18692,A,1256,x
18694,B,1966,x
18697,C,1168,x
18698,D,1811,x
18700,D,1671,x
18703,B,1092,x
18704,B,1779,x
18707,D,1034,x
18711,A,1006,x
18714,D,1846,x
18716,A,1092,x
18717,B,1508,x
18720,B,1140,x
18721,B,1908,x
18722,A,1208,x
18723,A,1362,x
18724,D,1619,x
18725,A,1611,x
18728,C,1260,x
18729,D,1038,x
18733,B,1803,x
18734,A,1904,x
18737,A,1194,x
18738,D,1671,x
18739,C,1944,x
18740,C,1972,x
18743,C,1410,x
18746,A,1828,x
18747,B,1847,x
18751,D,1528,x
18753,D,1807,x
18754,C,1514,x
18755,D,1437,x
18756,A,1993,x
18757,A,1458,x
18758,A,1271,x
18760,C,1565,x
18761,B,1003,x
18762,D,1885,x
18763,C,1867,x
18765,B,1404,x
18766,A,1405,x
18767,D,1387,x
18768,D,1114,x
18769,B,1176,x
18770,D,1547,x
18771,D,1799,x
18772,C,1567,x
18773,B,1033,x
18775,D,1929,x
18776,B,1191,x
18781,B,1268,x
18782,C,1481,x
18783,C,1231,x
18785,D,1802,x
18787,D,1669,x
18791,A,1193,x
18792,B,1485,x
18794,B,1052,x
18797,C,1023,x
18803,B,1185,x
18804,A,1827,x
18805,D,1241,x
18807,A,1021,x
18808,B,1541,x
18811,A,1045,x
18812,D,1215,x
18813,B,1246,x
18814,D,1476,x
18817,C,1556,x
18820,D,1797,x
18821,C,1987,x
18825,C,1377,x
18826,B,1507,x
18828,A,1377,x
18830,C,1234,x
18834,C,1490,x
18835,A,1811,x
18836,C,1022,x
18842,A,1322,x
18843,D,1687,x
18845,B,1315,x
18849,A,1629,x
18850,B,1028,x
18852,B,1305,x
18853,A,1105,x
18855,B,1962,x
18856,A,1569,x
18859,A,1021,x
18860,B,1658,x
18863,A,1402,x
18864,D,1188,x
18865,B,1191,x
18866,D,1827,x
18867,B,1081,x
18868,B,1962,x
18872,A,1114,x
18875,B,1097,x
18876,D,1828,x
18877,D,1207,x
18879,D,1346,x
18880,B,1446,x
18883,B,1964,x
18886,B,1335,x
18887,C,1671,x
18888,C,1988,x
18889,B,1205,x
18890,D,1917,x
18894,C,1471,x
18895,A,1247,x
18897,A,1222,x
18900,D,1351,x
18901,D,1628,x
18902,A,1829,x
18905,B,1994,x
18907,C,1932,x
18909,B,1270,x
18912,C,1196,x
18913,D,1229,x
18917,A,1366,x
18918,A,1009,x
18919,A,1591,x
18920,B,1526,x
18921,B,1445,x
18923,B,1527,x
18924,B,1187,x
18930,D,1290,x
18932,B,1074,x
18933,A,1311,x
18934,B,1516,x
18935,C,1014,x
18940,C,1675,x
18941,A,1740,x
18944,C,1163,x
18950,B,1467,x
18951,B,1433,x
18953,D,1212,x
18954,A,1665,x
18955,A,1888,x
18956,C,1762,x
18957,B,1822,x
18965,A,1598,x
18968,D,1885,x
18969,D,1524,x
18972,C,1581,x
18974,A,1527,x
18976,B,1300,x
18979,D,1644,x
18980,C,1771,x
18981,A,1826,x
18984,A,1463,x
18985,C,1963,x
18986,B,1636,x
18987,C,1792,x
18989,B,1693,x
18990,C,1742,x
18991,D,1773,x
18993,A,1747,x
18994,A,1030,x
18996,D,1129,x
18998,A,1391,x
18999,A,1501,x
19000,C,1819,x
19001,B,1600,x
19003,D,1539,x
19004,A,1052,x
19005,D,1707,x
19007,C,1483,x
19008,C,1922,x
19009,C,1848,x
19012,A,1757,x
19013,B,1501,x
19014,C,1634,x
19015,C,1670,x
19017,A,1090,x
19018,B,1383,x
19020,C,1047,x
19021,A,1030,x
19022,A,1677,x
19024,A,1930,x
19025,D,1587,x
19026,D,1039,x
19029,D,1432,x
19030,A,1895,x
19031,A,1377,x
19032,A,1396,x
19033,C,1313,x
19034,D,1194,x
19035,D,1763,x
19038,A,1470,x
19041,D,1149,x
19045,B,1761,x
19046,A,1634,x
19048,B,1787,x
19049,C,1399,x
19054,B,1088,x
19056,C,1161,x
19059,B,1885,x
19060,A,1518,x
19061,B,1417,x
19063,D,1557,x
19065,C,1557,x
19066,A,1831,x
19067,D,1456,x
19068,D,1067,x
19069,C,1014,x
19070,C,1025,x
19072,C,1477,x
19073,B,1301,x
19074,A,1661,x
19077,B,1154,x
19078,B,1509,x
19079,B,1703,x
19080,B,1157,x
19084,D,1867,x
19087,D,1227,x
19088,A,1157,x
19089,D,1454,x
19090,A,1010,x
19091,C,1606,x
19092,B,1127,x
19099,B,1156,x
19100,A,1656,x
19101,B,1480,x
19102,B,1229,x
19104,B,1714,x
19105,D,1093,x
19106,B,1163,x
19107,C,1874,x
19108,C,1936,x
19110,D,1166,x
19112,C,1140,x
19114,B,1926,x
19118,A,1514,x
19122,B,1313,x
19126,B,1907,x
19127,C,1217,x
19129,A,1783,x
19131,A,1007,x
19133,B,1497,x
19135,A,1991,x
19137,A,1541,x
19140,A,1862,x
19141,B,1811,x
19142,A,1377,x
19146,A,1502,x
19150,A,1412,x
19152,A,1046,x
19158,A,1722,x
19159,B,1238,x
19160,D,1360,x
19163,D,1612,x
19164,A,1523,x
19165,A,1749,x
19166,A,1787,x
19169,C,1731,x
19170,D,1651,x
19171,D,1999,x
19172,A,1558,x
19173,C,1103,x
19174,B,1161,x
19175,D,1853,x
19177,D,1713,x
19180,B,1202,x
19182,D,1984,x
19183,D,1628,x
19184,A,1669,x
19185,C,1088,x
19187,A,1295,x
19191,C,1745,x
19193,C,1238,x
19196,C,1676,x
19197,B,1183,x
19198,B,1165,x
19199,B,1055,x
19202,D,1214,x
19203,B,1443,x
19204,C,1327,x
19205,C,1916,x
19206,C,1256,x
19207,D,1350,x
19209,C,1849,x
19211,C,1413,x
19212,B,1051,x
19213,D,1560,x
19214,C,1331,x
19217,C,1404,x
19218,A,1298,x
19220,A,1924,x
19221,C,1704,x
19225,D,1280,x
19226,B,1290,x
19229,C,1430,x
19231,D,1256,x
19233,A,1649,x
19234,D,1683,x
19235,B,1702,x
19237,D,1540,x
19238,A,1498,x
19239,C,1976,x
19240,C,1794,x
19241,B,1466,x
19242,C,1426,x
19246,D,1777,x
19248,C,1668,x
19249,D,1233,x
19250,C,1740,x
19252,D,1111,x
19253,D,1948,x
19256,B,1482,x
19258,D,1093,x
19259,D,1912,x
19260,A,1368,x
19263,C,1321,x
19264,D,1901,x
19266,A,1577,x
19267,A,1943,x
19270,C,1374,x
19272,C,1617,x
19273,B,1154,x
19276,A,1717,x
19277,D,1569,x
19278,B,1296,x
19281,D,1294,x
19282,D,1799,x
19283,C,1398,x
19286,A,1122,x
19292,A,1864,x
19296,B,1019,x
19297,A,1334,x
19300,D,1943,x
19303,C,1564,x
19304,C,1091,x
19305,D,1948,x
19307,C,1922,x
19310,C,1775,x
19311,C,1492,x
19312,A,1710,x
19313,D,1278,x
19314,C,1634,x
19315,A,1111,x
19318,A,1163,x
19320,A,1360,x
19321,B,1772,x
19324,B,1405,x
19326,D,1897,x
19327,B,1685,x
19328,B,1001,x
19329,D,1327,x
19330,B,1908,x
19332,D,1782,x
19334,B,1728,x
19335,A,1021,x
19336,C,1903,x
19339,A,1588,x
19340,A,1274,x
19343,A,1605,x
19344,C,1936,x
19345,B,1253,x
19350,B,1559,x
19353,B,1150,x
19354,C,1480,x
19355,A,1980,x
19356,C,1562,x
19357,D,1133,x
19358,A,1828,x
19359,D,1694,x
19360,B,1170,x
19362,D,1301,x
19363,C,1229,x
19364,D,1795,x
19365,A,1244,x
19366,A,1889,x
19368,C,1960,x
19370,C,1275,x
19371,B,1524,x
19373,C,1985,x
19374,C,1780,x
19376,C,1145,x
19377,D,1999,x
19378,C,1540,x
19379,C,1775,x
19381,D,1058,x
19382,C,1470,x
19383,D,1941,x
19390,A,1877,x
19391,B,1949,x
19392,C,1398,x
19393,B,1768,x
19396,D,1130,x
19399,C,1892,x
19400,A,1821,x
19401,B,1179,x
19402,C,1210,x
19403,D,1380,x
19404,A,1853,x
19406,C,1081,x
19407,C,1270,x
19409,A,1953,x
19410,D,1030,x
19411,A,1559,x
19413,D,1444,x
19414,B,1041,x
19415,B,1736,x
19421,B,1274,x
19423,B,1479,x
19426,B,1367,x
19428,B,1940,x
19430,C,1518,x
19432,D,1510,x
19438,B,1491,x
19441,A,1980,x
19442,A,1525,x
19445,C,1623,x
19448,B,1361,x
19449,C,1283,x
19451,B,1172,x
19453,D,1254,x
19454,B,1693,x
19455,B,1587,x
19457,A,1683,x
19458,B,1615,x
19462,C,1632,x
19463,A,1096,x
19467,A,1456,x
19470,A,1865,x
19472,B,1956,x
19473,A,1762,x
19476,D,1589,x
19477,B,1868,x
19478,A,1934,x
19480,A,1744,x
19482,A,1801,x
19486,C,1604,x
19488,B,1759,x
19490,C,1881,x
19492,A,1388,x
19493,B,1484,x
19494,D,1345,x
19495,C,1130,x
19496,B,1850,x
19497,D,1566,x
19498,D,1740,x
19499,D,1479,x
19501,C,1612,x
19502,B,1986,x
19503,C,1877,x
19504,A,1871,x
19512,B,1456,x
19513,D,1692,x
19514,B,1629,x
19515,B,1346,x
19516,C,1452,x
19518,D,1030,x
19519,A,1029,x
19523,A,1513,x
19524,D,1676,x
19528,A,1325,x
19529,A,1745,x
19530,A,1681,x
19536,D,1553,x
19538,C,1131,x
19539,C,1543,x
19541,D,1585,x
19543,C,1826,x
19546,C,1913,x
19547,B,1691,x
19548,A,1320,x
19550,C,1841,x
19555,D,1701,x
19556,A,1950,x
19557,A,1943,x
19560,D,1904,x
19562,D,1670,x
19565,A,1808,x
19566,A,1521,x
19570,B,1839,x
19571,C,1056,x
19574,C,1798,x
19578,D,1213,x
19584,D,1500,x
19585,A,1735,x
19587,C,1112,x
19593,B,1084,x
19599,A,1773,x
19600,B,1762,x
19602,A,1267,x
19605,C,1256,x
19607,D,1979,x
19611,C,1831,x
19612,A,1274,x
19614,A,1085,x
19617,A,1940,x
19618,D,1520,x
19619,C,1425,x
19622,C,1632,x
19623,D,1610,x
19624,B,1736,x
19627,B,1615,x
19628,C,1066,x
19630,D,1512,x
19634,B,1839,x
19635,C,1147,x
19641,D,1362,x
19646,A,1236,x
19647,A,1229,x
19650,B,1460,x
19651,A,1806,x
19653,D,1425,x
19659,C,1132,x
19661,D,1618,x
19662,C,1452,x
19664,D,1786,x
19665,C,1809,x
19667,C,1865,x
19670,A,1318,x
19672,B,1575,x
19676,D,1121,x
19677,B,1565,x
19678,D,1470,x
19679,A,1966,x
19680,C,1857,x
19681,A,1067,x
19682,D,1712,x
19685,B,1711,x
19688,B,1459,x
19689,D,1400,x
19690,C,1448,x
19692,D,1723,x
19693,B,1481,x
19694,B,1052,x
19695,C,1960,x
19696,B,1434,x
19699,B,1859,x
19701,A,1543,x
19704,C,1752,x
19705,C,1213,x
19707,B,1482,x
19709,A,1605,x
19711,B,1157,x
19712,C,1526,x
19715,A,1555,x
19716,A,1333,x
19717,A,1764,x
19718,D,1922,x
19719,D,1551,x
19720,C,1491,x
19722,B,1011,x
19725,A,1277,x
19730,A,1635,x
19732,B,1952,x
19735,C,1553,x
19739,D,1238,x
19740,D,1722,x
19742,D,1585,x
19743,D,1864,x
19747,C,1057,x
19748,D,1796,x
19749,C,1296,x
19753,B,1572,x
19754,D,1634,x
19755,C,1855,x
19756,C,1880,x
19758,A,1338,x
19760,C,1185,x
19761,A,1025,x
19765,D,1986,x
19766,A,1917,x
19767,D,1386,x
19768,C,1392,x
19771,D,1828,x
19773,A,1789,x
19774,B,1876,x
19775,A,1364,x
19777,D,1457,x
19778,D,1518,x
19779,B,1002,x
19782,A,1376,x
19784,D,1896,x
19786,A,1272,x
19791,C,1235,x
19795,A,1533,x
19796,A,1291,x
19797,D,1056,x
19798,C,1745,x
19799,B,1316,x
19801,A,1665,x
19802,C,1376,x
19806,A,1873,x
19807,D,1933,x
19809,A,1560,x
19810,D,1310,x
19811,A,1951,x
19812,B,1540,x
19813,B,1619,x
19815,A,1967,x
19818,B,1991,x
19819,C,1626,x
19826,D,1534,x
19828,C,1651,x
19829,D,1998,x
19830,D,1172,x
19831,C,1673,x
19832,C,1222,x
19833,D,1426,x
19837,D,1315,x
19840,B,1147,x
19843,D,1058,x
19846,A,1964,x
19849,D,1475,x
19852,A,1696,x
19854,B,1801,x
19855,A,1889,x
19858,B,1157,x
19860,D,1700,x
19866,C,1631,x
19867,A,1538,x
19870,A,1864,x
19871,A,1340,x
19872,C,1501,x
19873,A,1912,x
19874,C,1859,x
19875,D,1358,x
19878,B,1503,x
19879,C,1728,x
19882,C,1504,x
19887,C,1880,x
19889,B,1538,x
19890,D,1870,x
19892,C,1937,x
19895,B,1698,x
19897,D,1566,x
19898,D,1941,x
19900,D,1238,x
19901,A,1397,x
19902,C,1226,x
19904,B,1017,x
19907,A,1117,x
19908,B,1291,x
19910,C,1137,x
19912,A,1977,x
19913,B,1257,x
19919,B,1082,x
19924,B,1640,x
19926,A,1954,x
19927,C,1649,x
19928,D,1971,x
19930,C,1294,x
19932,A,1872,x
19933,B,1067,x
19934,A,1914,x
19936,A,1112,x
19941,B,1479,x
19942,A,1437,x
19943,A,1466,x
19948,D,1591,x
19949,B,1220,x
19950,D,1964,x
19951,D,1993,x
19952,A,1790,x
19954,D,1975,x
19957,D,1837,x
19962,C,1046,x
19963,D,1006,x
19965,C,1997,x
19969,A,1870,x
19970,B,1606,x
19971,C,1544,x
19972,A,1438,x
19975,C,1970,x
19976,B,1901,x
19982,A,1458,x
19983,A,1259,x
19984,D,1564,x
19985,B,1051,x
19986,D,1337,x
19987,D,1653,x
19989,B,1355,x
19990,B,1163,x
19991,A,1410,x
19994,D,1687,x
19998,A,1604,x
19999,B,1153,x
20001,C,1432,x
20004,D,1622,x
20005,D,1569,x
20006,C,1008,x
20009,B,1254,x
20013,B,1429,x
20018,B,1544,x
20019,B,1242,x
20020,B,1276,x
20021,A,1556,x
20022,B,1467,x
20024,D,1141,x
20029,D,1468,x
20030,A,1882,x
20032,D,1577,x
20035,C,1817,x
20036,D,1990,x
20037,B,1035,x
20038,A,1350,x
20039,A,1600,x
20040,B,1024,x
20042,D,1965,x
20044,D,1363,x
20048,B,1543,x
20049,C,1345,x
20050,D,1645,x
20051,C,1979,x
20052,C,1780,x
20053,A,1055,x
20054,C,1926,x
20055,B,1313,x
20057,A,1939,x
20063,A,1821,x
20067,A,1126,x
20068,A,1781,x
20069,D,1274,x
20072,B,1773,x
20078,C,1818,x
20079,C,1219,x
20081,A,1964,x
20088,A,1938,x
20090,C,1390,x
20091,D,1051,x
20093,A,1966,x
20094,D,1491,x
20098,C,1564,x
20099,D,1163,x
20100,A,1702,x
20103,B,1519,x
20104,A,1050,x
20106,D,1111,x
20111,B,1961,x
20113,C,1811,x
20114,B,1328,x
20115,D,1301,x
20117,A,1085,x
20119,C,1107,x
20121,A,1186,x
20122,C,1004,x
20125,B,1031,x
20126,A,1600,x
20127,A,1294,x
20128,D,1079,x
20130,A,1038,x
20131,A,1801,x
20133,B,1277,x
20137,A,1136,x
20139,A,1209,x
20140,D,1056,x
20141,A,1170,x
20146,B,1491,x
20148,A,1663,x
20151,A,1674,x
20152,A,1079,x
20153,B,1934,x
20154,D,1697,x
20155,A,1008,x
20160,B,1241,x
20161,D,1366,x
20165,A,1516,x
20167,A,1566,x
20168,B,1102,x
20169,B,1254,x
20172,A,1383,x
20174,A,1621,x
20175,A,1495,x
20176,C,1754,x
20178,B,1665,x
20179,C,1166,x
20180,C,1402,x
20181,C,1410,x
20183,C,1470,x
20185,D,1720,x
20186,B,1733,x
20187,B,1200,x
20188,C,1400,x
20189,B,1299,x
20192,B,1455,x
20194,A,1309,x
20200,D,1112,x
20201,A,1897,x
20203,D,1664,x
20204,C,1127,x
20207,C,1685,x
20209,B,1622,x
20215,B,1453,x
20217,C,1905,x
20221,A,1732,x
20223,D,1035,x
20225,C,1937,x
20226,D,1602,x
20227,C,1749,x
20228,D,1794,x
20230,D,1041,x
20232,D,1246,x
20233,C,1176,x
20234,D,1342,x
20235,A,1457,x
20240,C,1486,x
20241,A,1433,x
20242,A,1116,x
20243,B,1477,x
20244,C,1323,x
20247,D,1440,x
20251,D,1206,x
20253,D,1817,x
20255,C,1676,x
20256,C,1385,x
20259,B,1675,x
20261,C,1585,x
20262,B,1476,x
20263,B,1223,x
20265,B,1574,x
20266,D,1675,x
20268,B,1456,x
20269,B,1201,x
20272,D,1653,x
20273,A,1957,x
20274,C,1541,x
20275,A,1217,x
20276,D,1625,x
20278,A,1308,x
20279,D,1555,x
20281,B,1519,x
20282,B,1834,x
20285,D,1991,x
20290,C,1617,x
20292,C,1178,x
20298,B,1042,x
20303,B,1089,x
20306,A,1150,x
20308,A,1954,x
20309,A,1588,x
20310,D,1294,x
20312,C,1724,x
20316,C,1333,x
20319,A,1678,x
20321,B,1428,x
20322,B,1960,x
20325,D,1735,x
20327,C,1087,x
20328,B,1145,x
20330,C,1282,x
20332,D,1263,x
20336,B,1840,x
20342,D,1699,x
20347,C,1398,x
20349,C,1930,x
20350,A,1962,x
20353,A,1606,x
20355,B,1433,x
20357,C,1508,x
20358,A,1151,x
20360,C,1553,x
20363,B,1005,x
20365,B,1070,x
20366,C,1481,x
20367,C,1864,x
20368,B,1896,x
20371,C,1194,x
20372,C,1190,x
20375,C,1718,x
20377,C,1070,x
20379,B,1721,x
20380,B,1462,x
20382,A,1023,x
20383,D,1213,x
20384,B,1009,x
20385,A,1224,x
20388,B,1733,x
20389,B,1185,x
20390,C,1008,x
20394,C,1977,x
20395,A,1582,x
20396,C,1578,x
20397,C,1273,x
20401,A,1173,x
20402,C,1614,x
20405,A,1429,x
20406,D,1807,x
20409,A,1728,x
20413,D,1117,x
20416,D,1621,x
20417,C,1992,x
20418,C,1484,x
20421,C,1199,x
20425,A,1282,x
20426,C,1152,x
20427,D,1934,x
20428,A,1932,x
20430,D,1735,x
20433,D,1883,x
20434,B,1767,x
20435,B,1863,x
20436,B,1119,x
20438,C,1324,x
20439,B,1545,x
20440,D,1530,x
20443,D,1961,x
20447,A,1661,x
20450,C,1055,x
20455,D,1877,x
20459,B,1120,x
20460,D,1096,x
20461,A,1467,x
20463,C,1603,x
20464,C,1022,x
20465,D,1226,x
20467,D,1984,x
20469,B,1498,x
20470,D,1401,x
20472,B,1458,x
20476,D,1734,x
20478,B,1258,x
20480,D,1086,x
20481,C,1078,x
20482,C,1590,x
20484,D,1034,x
20485,C,1949,x
20487,B,1616,x
20488,C,1497,x
20489,B,1792,x
20492,D,1582,x
20494,B,1479,x
20495,B,1307,x
20496,C,1647,x
20497,B,1511,x
20501,A,1726,x
20502,B,1981,x
20504,A,1444,x
20505,A,1931,x
20508,D,1847,x
20509,D,1696,x
20516,A,1225,x
20517,A,1411,x
20518,B,1047,x
20523,A,1335,x
20525,B,1462,x
20528,A,1901,x
20530,A,1310,x
20531,B,1007,x
20534,A,1756,x
20535,C,1319,x
20537,C,1137,x
20538,A,1060,x
20539,D,1260,x
20540,C,1298,x
20543,B,1174,x
20544,C,1343,x
20545,C,1292,x
20546,A,1028,x
20547,B,1457,x
20549,B,1233,x
20550,B,1900,x
20552,C,1893,x
20553,D,1251,x
20554,B,1837,x
20555,A,1740,x
20557,A,1088,x
20558,D,1016,x
20559,A,1273,x
20561,B,1210,x
20564,C,1274,x
20565,D,1837,x
20567,C,1562,x
20569,B,1288,x
20571,B,1625,x
20574,A,1487,x
20579,C,1258,x
20582,A,1435,x
20583,D,1981,x
20585,B,1417,x
20590,B,1163,x
20593,C,1017,x
20595,C,1759,x
20596,C,1856,x
20601,A,1850,x
20604,C,1693,x
20608,A,1993,x
20609,D,1900,x
20610,B,1681,x
20611,B,1012,x
20612,B,1506,x
20613,B,1475,x
20614,C,1824,x
20616,B,1062,x
20619,C,1926,x
20620,B,1113,x
20621,A,1910,x
20623,B,1328,x
20624,B,1470,x
20626,A,1684,x
20627,B,1282,x
20628,A,1414,x
20631,D,1364,x
20634,D,1952,x
20635,C,1638,x
20636,D,1555,x
20637,A,1568,x
20638,D,1788,x
20639,B,1566,x
20641,A,1686,x
20642,C,1107,x
20643,D,1747,x
20644,A,1478,x
20645,D,1933,x
20647,B,1080,x
20650,D,1704,x
20655,A,1934,x
20656,C,1229,x
20658,D,1706,x
20659,B,1427,x
20660,D,1752,x
20661,B,1327,x
20664,B,1109,x
20668,B,1731,x
20669,A,1507,x
20675,D,1830,x
20677,B,1031,x
20679,C,1798,x
20680,B,1790,x
20681,D,1784,x
20682,D,1495,x
20685,B,1398,x
20687,D,1208,x
20688,B,1443,x
20691,D,1843,x
20692,B,1971,x
20696,D,1725,x
20698,C,1373,x
20699,D,1291,x
20700,A,1749,x
20703,C,1831,x
20706,D,1777,x
20707,D,1510,x
20710,B,1598,x
20713,D,1690,x
20714,A,1776,x
20715,D,1942,x
20716,A,1832,x
20717,D,1115,x
20718,C,1030,x
20719,B,1909,x
20720,D,1925,x
20722,C,1653,x
20723,A,1270,x
20724,D,1542,x
20725,B,1763,x
20733,B,1790,x
20734,D,1907,x
20735,A,1079,x
20736,C,1801,x
20738,C,1297,x
20740,D,1073,x
20742,D,1427,x
20744,C,1586,x
20747,A,1444,x
20748,D,1049,x
20750,A,1251,x
20751,D,1832,x
20752,D,1118,x
20754,D,1660,x
20755,C,1870,x
20756,A,1767,x
20757,D,1084,x
20760,D,1407,x
20761,D,1720,x
20762,C,1117,x
20764,D,1122,x
20767,D,1876,x
20769,C,1668,x
20771,D,1763,x
20772,A,1880,x
20774,A,1625,x
20775,A,1336,x
20780,A,1365,x
20782,A,1213,x
20788,B,1514,x
20789,D,1923,x
20790,D,1001,x
20793,C,1555,x
20796,A,1787,x
20797,C,1491,x
20798,B,1086,x
20799,A,1851,x
20802,C,1237,x
20807,D,1206,x
20808,C,1006,x
20810,A,1416,x
20812,D,1748,x
20814,C,1919,x
20815,A,1045,x
20816,C,1085,x
20817,A,1199,x
20819,B,1863,x
20820,D,1602,x
20821,C,1634,x
20822,C,1654,x
20823,C,1607,x
20827,D,1863,x
20829,B,1608,x
20831,B,1909,x
20832,A,1942,x
20833,B,1245,x
20839,D,1810,x
20844,A,1551,x
20845,A,1435,x
20846,D,1550,x
20847,B,1745,x
20850,D,1216,x
20851,B,1555,x
20859,C,1641,x
20866,A,1259,x
20868,B,1057,x
20870,D,1088,x
20873,D,1813,x
20874,A,1292,x
20876,D,1105,x
20877,D,1337,x
20878,C,1478,x
20879,D,1812,x
20881,C,1340,x
20882,B,1490,x
20884,D,1434,x
20887,B,1192,x
20889,D,1352,x
20891,C,1266,x
20892,B,1121,x
20893,C,1426,x
20896,C,1060,x
20898,D,1954,x
20900,A,1704,x
20902,C,1301,x
20903,B,1084,x
20905,C,1220,x
20913,B,1128,x
20914,C,1386,x
20915,A,1159,x
20917,B,1825,x
20918,C,1925,x
20919,C,1341,x
20920,A,1986,x
20922,D,1327,x
20923,C,1941,x
20924,A,1113,x
20927,A,1292,x
20931,D,1008,x
20933,B,1270,x
20935,B,1065,x
20937,C,1983,x
20940,B,1462,x
20942,B,1671,x
20944,D,1702,x
20946,C,1658,x
20947,B,1064,x
20948,B,1185,x
20949,C,1263,x
20951,C,1149,x
20952,B,1185,x
20953,C,1722,x
20957,A,1053,x
20959,D,1955,x
20960,B,1162,x
20961,A,1780,x
20964,A,1991,x
20965,A,1614,x
20969,D,1496,x
20970,D,1870,x
20971,C,1566,x
20974,B,1716,x
20976,A,1545,x
20978,D,1763,x
20981,D,1434,x
20982,D,1162,x
20983,C,1224,x
20985,C,1060,x
20986,A,1072,x
20987,D,1320,x
20988,B,1618,x
20989,A,1411,x
20990,C,1708,x
20992,A,1040,x
20994,C,1654,x
20995,C,1838,x
20996,D,1687,x
21000,B,1551,x
21004,C,1526,x
21006,C,1724,x
21007,B,1810,x
21008,C,1267,x
21014,A,1121,x
21021,B,1752,x
21022,D,1005,x
21023,A,1428,x
21025,B,1727,x
21028,A,1161,x
21032,D,1887,x
21034,C,1225,x
21035,C,1865,x
21036,D,1654,x
21037,C,1883,x
21038,D,1426,x
21039,B,1492,x
21045,B,1165,x
21046,B,1937,x
21047,D,1825,x
21048,B,1464,x
21052,A,1154,x
21057,A,1359,x
21058,A,1997,x
21059,D,1069,x
21061,A,1944,x
21063,B,1272,x
21065,B,1025,x
21067,A,1225,x
21068,B,1864,x
21072,C,1670,x
21074,B,1276,x
21077,D,1939,x
21081,C,1791,x
21082,B,1946,x
21084,C,1293,x
21088,A,1129,x
21089,B,1888,x
21090,B,1052,x
21092,C,1043,x
21094,C,1797,x
21095,D,1130,x
21097,D,1692,x
21099,B,1509,x
21100,C,1855,x
21104,A,1121,x
21105,C,1241,x
21106,D,1419,x
21108,D,1964,x
21109,B,1672,x
21110,B,1308,x
21112,C,1965,x
21114,B,1775,x
21118,C,1068,x
21119,B,1082,x
21120,C,1298,x
21121,B,1223,x
21123,A,1615,x
21125,A,1713,x
21126,B,1904,x
21127,C,1135,x
21128,A,1349,x
21130,A,1722,x
21131,A,1883,x
21132,A,1733,x
21135,A,1601,x
21140,C,1675,x
21143,C,1922,x
21149,A,1291,x
21150,C,1689,x
21153,B,1188,x
21154,C,1509,x
21157,B,1660,x
21159,D,1024,x
21164,A,1182,x
21166,C,1646,x
21168,D,1883,x
21169,A,1922,x
21172,C,1373,x
21173,D,1398,x
21179,D,1456,x
21181,A,1118,x
21190,D,1550,x
21191,B,1165,x
21194,D,1576,x
21201,B,1070,x
21203,D,1936,x
21205,C,1531,x
21206,C,1560,x
21208,B,1995,x
21209,B,1408,x
21210,C,1502,x
21211,D,1310,x
21214,A,1837,x
21215,A,1928,x
21219,A,1686,x
21220,C,1882,x
21221,B,1246,x
21224,D,1055,x
21227,A,1331,x
21228,C,1881,x
21229,D,1067,x
21232,C,1886,x
21233,C,1082,x
21237,A,1358,x
21238,B,1872,x
21239,B,1787,x
21240,C,1022,x
21241,D,1474,x
21242,C,1952,x
21244,B,1493,x
21246,B,1433,x
21249,C,1868,x
21250,A,1552,x
21252,D,1242,x
21257,B,1403,x
21259,A,1549,x
21263,B,1623,x
21267,D,1949,x
21268,A,1030,x
21269,B,1927,x
21271,A,1578,x
21273,C,1662,x
21274,B,1793,x
21276,D,1136,x
21277,C,1834,x
21279,B,1681,x
21282,A,1659,x
21287,B,1392,x
21289,A,1349,x
21291,D,1500,x
21294,B,1720,x
21295,B,1318,x
21297,A,1803,x
21301,D,1045,x
21303,D,1760,x
21305,B,1691,x
21306,D,1010,x
21307,D,1945,x
21308,C,1459,x
21310,C,1420,x
21311,A,1606,x
21312,A,1858,x
21313,B,1973,x
21315,A,1659,x
21318,C,1684,x
21319,A,1943,x
21322,B,1442,x
21323,D,1653,x
21324,C,1304,x
21326,B,1308,x
21332,C,1520,x
21334,B,1627,x
21339,C,1994,x
21347,D,1803,x
21352,B,1087,x
21354,D,1101,x
21355,C,1396,x
21357,D,1563,x
21358,C,1127,x
21359,B,1156,x
21360,C,1695,x
21363,A,1812,x
21372,C,1576,x
21373,A,1417,x
21374,D,1917,x
21375,A,1925,x
21379,B,1931,x
21381,A,1598,x
21383,D,1960,x
21386,C,1724,x
21388,D,1387,x
21390,B,1413,x
21391,C,1773,x
21395,D,1733,x
21397,A,1939,x
21398,B,1511,x
21407,A,1499,x
21408,C,1241,x
21413,D,1769,x
21415,B,1447,x
21416,D,1824,x
21417,D,1637,x
21418,D,1247,x
21420,D,1851,x
21422,A,1759,x
21423,B,1171,x
21424,A,1608,x
21425,C,1662,x
21430,B,1572,x
21431,D,1395,x
21432,A,1008,x
21434,D,1756,x
21435,B,1672,x
21436,B,1459,x
21437,C,1002,x
21438,D,1908,x
21440,A,1916,x
21442,B,1837,x
21444,A,1994,x
21446,D,1158,x
21447,A,1676,x
21449,D,1981,x
21450,B,1540,x
21451,D,1912,x
21452,D,1732,x
21454,B,1606,x
21458,C,1360,x
21459,B,1996,x
21463,D,1385,x
21464,D,1060,x
21466,D,1435,x
21468,A,1980,x
21473,D,1234,x
21474,D,1337,x
21475,A,1094,x
21478,D,1327,x
21479,C,1114,x
21482,A,1219,x
21483,D,1320,x
21487,A,1707,x
21488,A,1797,x
21489,C,1137,x
21493,D,1434,x
21494,B,1048,x
21495,D,1526,x
21503,D,1464,x
21505,C,1533,x
21506,A,1576,x
21509,C,1906,x
21510,C,1409,x
21514,C,1136,x
21515,A,1721,x
21516,D,1665,x
21519,A,1823,x
21521,D,1332,x
21523,A,1683,x
21527,D,1363,x
21531,D,1751,x
21532,C,1886,x
21534,B,1224,x
21537,B,1701,x
21539,B,1186,x
21541,D,1374,x
21542,A,1554,x
21543,B,1947,x
21544,B,1447,x
21546,C,1182,x
21547,B,1751,x
21548,A,1645,x
21552,D,1744,x
21554,C,1954,x
21557,B,1975,x
21558,A,1295,x
21559,D,1099,x
21562,B,1840,x
21565,C,1029,x
21566,A,1758,x
21570,D,1792,x
21572,D,1444,x
21575,D,1251,x
21578,B,1673,x
21579,B,1854,x
21580,C,1019,x
21582,D,1777,x
21583,D,1273,x
21588,D,1847,x
21589,B,1194,x
21590,D,1981,x
21594,B,1311,x
21595,A,1039,x
21596,A,1016,x
21598,C,1612,x
21600,C,1498,x
21601,D,1739,x
21602,A,1405,x
21603,C,1625,x
21608,B,1518,x
21609,C,1911,x
21611,A,1466,x
21612,C,1074,x
21614,C,1451,x
21619,C,1145,x
21621,C,1248,x
21625,D,1768,x
21627,C,1639,x
21628,B,1599,x
21629,A,1922,x
21632,B,1143,x
21633,D,1744,x
21634,B,1330,x
21636,A,1154,x
21637,B,1965,x
21638,C,1293,x
21639,B,1891,x
21642,A,1341,x
21644,C,1124,x
21645,B,1463,x
21648,B,1097,x
21651,C,1293,x
21653,B,1676,x
21654,D,1294,x
21655,C,1721,x
21656,C,1084,x
21657,A,1869,x
21660,B,1296,x
21662,B,1891,x
21663,A,1327,x
21664,A,1196,x
21672,B,1150,x
21674,A,1153,x
21676,B,1257,x
21677,B,1245,x
21681,A,1853,x
21682,B,1596,x
21684,A,1794,x
21686,D,1258,x
21687,C,1920,x
21688,D,1773,x
21689,C,1346,x
21690,D,1706,x
21693,C,1256,x
21698,A,1283,x
21699,C,1545,x
21700,C,1015,x
21702,A,1337,x
21703,C,1342,x
21705,A,1170,x
21707,C,1147,x
21708,A,1874,x
21710,A,1444,x
21712,C,1425,x
21714,C,1184,x
21716,B,1943,x
21717,C,1305,x
21719,D,1520,x
21720,D,1442,x
21723,C,1651,x
21724,A,1585,x
21726,C,1742,x
21727,C,1521,x
21730,D,1552,x
21731,B,1402,x
21732,A,1339,x
21734,C,1032,x
21736,B,1828,x
21737,A,1466,x
21741,C,1184,x
21742,D,1592,x
21743,A,1692,x
21744,D,1501,x
21746,D,1892,x
21747,A,1064,x
21749,A,1015,x
21751,C,1145,x
21752,A,1210,x
21753,D,1371,x
21759,C,1853,x
21760,B,1682,x
21764,C,1301,x
21765,B,1305,x
21766,B,1885,x
21768,D,1245,x
21774,B,1675,x
21775,A,1671,x
21777,D,1278,x
21781,B,1441,x
21782,B,1018,x
21787,A,1387,x
21788,D,1337,x
21790,B,1837,x
21797,A,1841,x
21798,D,1415,x
21799,B,1457,x
21802,D,1685,x
21803,C,1325,x
21804,C,1174,x
21806,D,1255,x
21807,A,1519,x
21812,C,1542,x
21813,A,1717,x
21819,D,1172,x
21820,B,1967,x
21821,D,1998,x
21824,B,1781,x
21825,D,1384,x
21827,D,1427,x
21829,D,1533,x
21830,A,1945,x
21831,A,1848,x
21832,C,1561,x
21834,D,1788,x
21835,B,1741,x
21838,A,1072,x
21841,A,1879,x
21842,B,1192,x
21843,A,1268,x
21844,C,1399,x
21846,A,1553,x
21848,C,1069,x
21851,D,1059,x
21855,C,1348,x
21856,C,1292,x
21860,D,1532,x
21861,C,1028,x
21864,C,1856,x
21865,D,1537,x
21867,C,1240,x
21868,B,1159,x
21869,C,1799,x
21870,C,1746,x
21871,B,1417,x
21872,C,1244,x
21874,B,1303,x
21877,D,1404,x
21883,A,1446,x
21885,D,1716,x
21889,D,1270,x
21890,A,1032,x
21892,D,1168,x
21894,D,1658,x
21895,D,1258,x
21897,B,1439,x
21899,C,1048,x
21902,D,1567,x
21905,D,1880,x
21909,D,1715,x
21910,A,1981,x
21913,C,1427,x
21914,C,1956,x
21918,C,1637,x
21923,C,1760,x
21924,B,1680,x
21925,A,1179,x
21926,D,1729,x
21927,D,1589,x
21928,A,1571,x
21929,B,1015,x
21930,B,1722,x
21932,A,1192,x
21934,D,1424,x
21935,C,1850,x
21940,B,1619,x
21942,D,1497,x
21944,B,1120,x
21946,B,1358,x
21948,D,1843,x
21949,C,1496,x
21951,B,1884,x
21954,A,1646,x
21959,B,1970,x
21960,B,1108,x
21963,D,1557,x
21965,B,1620,x
21966,A,1283,x
21968,C,1551,x
21969,C,1997,x
21970,A,1767,x
21973,B,1753,x
21974,B,1349,x
21976,A,1783,x
21977,B,1059,x
21978,A,1170,x
21981,D,1112,x
21986,A,1681,x
21987,C,1610,x
21988,D,1283,x
21991,A,1758,x
21992,D,1421,x
21995,C,1351,x
21996,B,1785,x
21999,B,1235,x
22002,B,1315,x
22004,A,1619,x
22006,B,1233,x
22007,B,1843,x
22008,C,1595,x
22009,B,1525,x
22011,D,1552,x
22012,A,1094,x
22016,B,1409,x
22017,A,1087,x
22018,D,1715,x
22022,C,1488,x
22023,A,1417,x
22028,D,1749,x
22029,A,1327,x
22032,A,1796,x
22033,D,1211,x
22035,A,1511,x
22036,A,1624,x
22039,C,1527,x
22040,D,1984,x
22042,B,1199,x
22043,D,1164,x
22045,A,1684,x
22049,A,1177,x
22050,D,1793,x
22052,B,1670,x
22054,C,1790,x
22056,B,1614,x
22058,C,1452,x
22060,C,1249,x
22062,C,1795,x
22064,D,1949,x
22065,B,1186,x
22067,C,1982,x
22068,C,1990,x
22074,C,1459,x
22077,D,1340,x
22078,D,1975,x
22079,B,1930,x
22081,A,1453,x
22083,D,1288,x
22085,B,1537,x
22088,D,1695,x
22089,B,1323,x
22091,C,1223,x
22093,D,1001,x
22094,A,1387,x
22095,C,1769,x
22096,B,1196,x
22101,B,1419,x
22102,C,1128,x
22103,D,1996,x
22105,D,1086,x
22106,A,1162,x
22107,C,1916,x
22108,C,1771,x
22110,C,1556,x
22115,A,1326,x
22116,C,1806,x
22118,C,1449,x
22119,D,1504,x
22124,A,1995,x
22125,A,1164,x
22127,A,1931,x
22130,C,1360,x
22131,C,1332,x
22132,D,1882,x
22133,D,1813,x
22136,D,1871,x
22139,A,1092,x
22140,B,1081,x
22143,C,1965,x
22144,B,1039,x
22145,A,1643,x
22146,D,1694,x
22147,D,1604,x
22148,B,1792,x
22149,D,1126,x
22150,D,1548,x
22152,A,1046,x
22153,D,1435,x
22155,C,1095,x
22157,D,1235,x
22158,B,1995,x
22159,B,1389,x
22161,B,1262,x
22164,C,1867,x
22168,B,1109,x
22169,C,1982,x
22173,B,1889,x
22175,C,1469,x
22176,A,1661,x
22177,B,1526,x
22179,B,1877,x
22180,B,1673,x
22184,B,1822,x
22185,D,1767,x
22187,D,1144,x
22189,A,1710,x
22191,D,1533,x
22192,A,1287,x
22193,A,1645,x
22198,C,1503,x
22199,A,1189,x
22200,C,1448,x
22203,C,1737,x
22207,B,1618,x
22210,B,1995,x
22211,C,1026,x
22213,C,1516,x
22214,C,1273,x
22215,B,1118,x
22216,C,1229,x
22219,A,1955,x
22220,C,1151,x
22221,D,1952,x
22226,D,1079,x
22228,D,1720,x
22233,C,1155,x
22235,B,1663,x
22236,C,1455,x
22239,D,1471,x
22242,D,1413,x
22243,A,1630,x
22244,A,1586,x
22245,C,1501,x
22250,B,1986,x
22251,D,1584,x
22252,D,1710,x
22253,D,1409,x
22256,D,1658,x
22261,A,1214,x
22263,A,1755,x
22265,C,1073,x
22268,D,1216,x
22269,A,1168,x
22272,C,1126,x
22273,D,1993,x
22275,B,1500,x
22276,D,1758,x
22277,D,1033,x
22279,C,1346,x
22283,A,1404,x
22284,A,1345,x
22288,B,1173,x
22289,B,1617,x
22291,A,1977,x
22295,A,1391,x
22296,D,1457,x
22298,A,1790,x
22299,D,1202,x
22300,C,1706,x
22301,C,1549,x
22303,C,1809,x
22304,D,1451,x
22305,D,1878,x
22310,A,1343,x
22313,D,1300,x
22314,A,1014,x
22315,B,1069,x
22316,B,1629,x
22322,C,1210,x
22323,D,1519,x
22328,C,1890,x
22329,B,1730,x
22332,A,1093,x
22333,B,1222,x
22334,D,1138,x
22335,A,1542,x
22338,D,1504,x
22340,C,1857,x
22342,B,1211,x
22343,D,1903,x
22345,A,1435,x
22346,A,1783,x
22347,B,1394,x
22348,A,1819,x
22349,A,1783,x
22350,B,1351,x
22353,D,1202,x
22355,D,1750,x
22357,A,1137,x
22359,B,1040,x
22360,D,1029,x
22363,C,1122,x
22365,B,1756,x
22366,B,1514,x
22367,C,1504,x
22368,D,1283,x
22371,D,1412,x
22372,C,1481,x
22374,C,1902,x
22376,D,1638,x
22382,D,1683,x
22383,A,1584,x
22384,D,1633,x
22385,D,1978,x
22387,D,1911,x
22389,D,1534,x
22393,B,1304,x
22403,C,1532,x
22406,C,1092,x
22407,A,1217,x
22410,A,1222,x
22414,C,1517,x
22415,D,1334,x
22416,B,1024,x
22417,B,1495,x
22418,B,1685,x
22420,C,1691,x
22422,B,1781,x
22427,D,1220,x
22429,C,1142,x
22430,C,1180,x
22431,A,1369,x
22432,C,1701,x
22435,D,1026,x
22439,D,1081,x
22440,C,1579,x
22444,C,1096,x
22445,A,1079,x
22447,B,1021,x
22449,B,1149,x
22451,C,1306,x
22453,B,1476,x
22457,B,1240,x
22459,A,1470,x
22460,C,1400,x
22461,B,1904,x
22464,B,1127,x
22465,B,1418,x
22466,A,1943,x
22467,B,1201,x
22469,B,1330,x
22472,D,1145,x
22473,D,1127,x
22477,C,1300,x
22482,D,1345,x
22484,A,1814,x
22487,A,1905,x
22488,D,1163,x
22489,B,1509,x
22491,B,1977,x
22492,C,1023,x
22493,C,1974,x
22494,B,1679,x
22496,D,1304,x
22498,A,1879,x
22501,A,1402,x
22502,C,1869,x
22503,D,1768,x
22504,A,1781,x
22509,C,1157,x
22512,D,1973,x
22521,A,1822,x
22524,C,1859,x
22527,B,1003,x
22529,A,1927,x
22530,D,1392,x
22531,B,1112,x
22532,C,1269,x
22534,B,1495,x
22535,B,1221,x
22536,D,1847,x
22538,C,1291,x
22546,A,1356,x
22550,A,1247,x
22551,D,1243,x
22552,B,1016,x
22553,D,1519,x
22554,B,1772,x
22555,D,1357,x
22559,C,1406,x
22562,B,1706,x
22563,D,1706,x
22570,A,1419,x
22571,B,1442,x
22574,B,1361,x
22575,B,1522,x
22576,A,1511,x
22577,B,1505,x
22578,C,1231,x
22580,D,1801,x
22583,C,1821,x
22588,D,1997,x
22589,C,1268,x
22590,C,1941,x
22591,A,1750,x
22593,B,1957,x
22594,C,1778,x
22596,C,1147,x
22597,B,1153,x
22601,D,1327,x
22602,A,1854,x
22604,B,1448,x
22605,B,1366,x
22609,B,1726,x
22611,D,1904,x
22612,C,1010,x
22614,A,1972,x
22615,A,1976,x
22616,D,1965,x
22618,D,1875,x
22620,A,1843,x
22621,C,1642,x
22622,C,1179,x
22625,A,1361,x
22626,B,1348,x
22630,A,1191,x
22631,C,1145,x
22632,A,1316,x
22634,D,1357,x
22641,B,1606,x
22642,A,1486,x
22644,B,1166,x
22646,D,1886,x
22647,A,1566,x
22649,A,1074,x
22654,D,1090,x
22655,B,1683,x
22657,C,1623,x
22660,C,1328,x
22661,A,1780,x
22663,D,1834,x
22665,D,1719,x
22666,B,1822,x
22667,A,1229,x
22668,A,1170,x
22674,A,1026,x
22677,C,1299,x
22679,C,1554,x
22680,C,1818,x
22682,B,1200,x
22684,D,1803,x
22685,A,1746,x
22686,A,1190,x
22689,A,1029,x
22690,A,1657,x
22692,D,1172,x
22694,C,1434,x
22695,A,1875,x
22696,A,1360,x
22703,C,1713,x
22705,A,1879,x
22707,C,1336,x
22711,B,1145,x
22713,C,1856,x
22716,D,1098,x
22721,B,1855,x
22722,A,1362,x
22723,A,1660,x
22727,C,1507,x
22728,C,1049,x
22729,A,1996,x
22730,B,1410,x
22731,C,1538,x
22732,C,1631,x
22734,A,1511,x
22737,C,1833,x
22738,A,1228,x
22739,C,1692,x
22740,D,1782,x
22743,C,1042,x
22745,D,1332,x
22747,D,1737,x
22748,D,1031,x
22749,B,1210,x
22750,B,1214,x
22751,B,1437,x
22753,A,1355,x
22754,A,1881,x
22755,C,1623,x
22756,D,1107,x
22760,C,1226,x
22761,B,1893,x
22763,C,1591,x
22770,B,1567,x
22771,C,1328,x
22773,D,1117,x
22774,B,1278,x
22775,A,1529,x
22782,A,1061,x
22787,D,1801,x
22788,D,1361,x
22789,D,1342,x
22790,D,1249,x
22791,D,1904,x
22792,A,1216,x
22793,D,1777,x
22794,B,1645,x
22797,B,1762,x
22798,C,1502,x
22799,D,1357,x
22801,C,1267,x
22804,D,1338,x
22805,C,1238,x
22806,D,1506,x
22807,C,1453,x
22810,D,1218,x
22811,A,1755,x
22812,B,1248,x
22813,A,1454,x
22814,A,1881,x
22816,D,1071,x
22829,D,1196,x
22830,D,1579,x
22832,A,1119,x
22833,C,1378,x
22836,B,1117,x
22838,A,1358,x
22839,C,1090,x
22840,B,1906,x
22843,B,1645,x
22844,B,1519,x
22845,C,1576,x
22848,B,1513,x
22850,C,1416,x
22851,A,1684,x
22854,B,1779,x
22855,A,1438,x
22859,C,1865,x
22861,B,1980,x
22865,D,1606,x
22866,A,1944,x
22871,A,1086,x
22873,C,1382,x
22874,D,1103,x
22875,D,1831,x
22878,C,1346,x
22881,D,1320,x
22884,C,1196,x
22886,A,1304,x
22888,C,1290,x
22897,D,1919,x
22898,B,1607,x
22899,C,1925,x
22900,D,1817,x
22902,D,1809,x
22903,B,1351,x
22904,C,1296,x
22906,A,1215,x
22907,D,1513,x
22908,D,1590,x
22909,A,1898,x
22912,D,1808,x
22915,C,1007,x
22916,D,1413,x
22917,B,1752,x
22920,A,1602,x
22922,A,1251,x
22924,A,1381,x
22925,D,1024,x
22926,B,1638,x
22927,B,1833,x
22933,A,1410,x
22936,B,1273,x
22937,D,1248,x
22940,C,1632,x
22941,A,1429,x
22945,A,1940,x
22946,A,1823,x
22948,C,1272,x
22951,B,1286,x
22952,D,1948,x
22953,C,1510,x
22954,C,1055,x
22956,D,1293,x
22958,B,1909,x
22959,A,1095,x
22961,A,1980,x
22962,A,1861,x
22964,A,1539,x
22968,A,1458,x
22970,A,1205,x
22971,B,1102,x
22973,C,1558,x
22975,D,1882,x
22976,A,1272,x
22980,C,1961,x
22982,C,1823,x
22983,D,1295,x
22984,A,1456,x
22987,D,1726,x
22988,D,1482,x
22989,C,1557,x
22990,B,1240,x
22991,D,1143,x
22993,D,1681,x
22994,B,1039,x
23000,A,1284,x
23001,C,1090,x
23003,C,1853,x
23006,A,1834,x
23011,A,1485,x
23015,C,1428,x
23016,D,1337,x
23017,D,1376,x
23018,C,1438,x
23019,C,1314,x
23020,D,1254,x
23021,C,1398,x
23022,A,1677,x
23023,B,1942,x
23024,C,1858,x
23026,D,1749,x
23032,C,1599,x
23033,D,1009,x
23035,A,1961,x
23036,D,1447,x
23039,B,1427,x
23042,C,1445,x
23044,B,1964,x
23047,C,1654,x
23048,C,1923,x
23052,B,1911,x
23053,C,1341,x
23054,B,1357,x
23055,C,1696,x
23057,A,1780,x
23059,C,1216,x
23060,D,1491,x
23063,B,1575,x
23064,B,1966,x
23066,A,1855,x
23069,C,1443,x
23070,D,1414,x
23072,A,1557,x
23073,B,1934,x
23074,C,1931,x
23075,D,1039,x
23077,A,1225,x
23078,D,1548,x
23080,B,1701,x
23083,A,1192,x
23087,C,1017,x
23088,A,1432,x
23089,A,1675,x
23092,A,1192,x
23093,B,1494,x
23095,C,1268,x
23096,D,1482,x
23098,D,1919,x
23100,D,1912,x
23106,C,1374,x
23107,D,1566,x
23108,C,1296,x
23112,C,1775,x
23116,A,1559,x
23118,D,1958,x
23126,A,1083,x
23127,A,1152,x
23129,C,1144,x
23130,D,1270,x
23131,B,1347,x
23133,A,1269,x
23134,A,1916,x
23135,A,1353,x
23136,A,1875,x
23137,B,1090,x
23138,C,1625,x
23139,C,1350,x
23141,A,1793,x
23144,C,1767,x
23146,D,1084,x
23148,D,1776,x
23151,A,1301,x
23152,B,1537,x
23156,B,1462,x
23157,B,1827,x
23158,C,1932,x
23161,B,1656,x
23162,B,1095,x
23163,C,1241,x
23165,D,1612,x
23167,C,1712,x
23171,D,1527,x
23173,D,1383,x
23174,C,1744,x
23175,B,1821,x
23179,D,1939,x
23180,B,1012,x
23181,D,1166,x
23182,A,1807,x
23184,B,1432,x
23187,A,1842,x
23191,D,1423,x
23192,B,1330,x
23193,D,1130,x
23194,A,1920,x
23196,C,1740,x
23198,B,1679,x
23199,D,1069,x
23200,A,1103,x
23201,A,1126,x
23202,A,1813,x
23203,A,1071,x
23205,D,1955,x
23207,A,1220,x
23209,A,1101,x
23210,C,1129,x
23211,D,1559,x
23213,D,1008,x
23214,D,1928,x
23215,D,1904,x
23216,C,1380,x
23217,A,1880,x
23219,D,1530,x
23220,C,1379,x
23221,C,1521,x
23222,A,1525,x
23224,B,1154,x
23226,A,1468,x
23227,B,1558,x
23229,C,1458,x
23230,B,1305,x
23231,B,1151,x
23236,B,1720,x
23238,B,1013,x
23240,A,1473,x
23242,D,1377,x
23245,D,1462,x
23246,D,1856,x
23250,B,1537,x
23252,C,1814,x
23253,B,1108,x
23254,C,1657,x
23257,D,1687,x
23261,B,1942,x
23262,C,1884,x
23265,B,1125,x
23267,D,1817,x
23268,C,1366,x
23271,A,1171,x
23274,A,1231,x
23275,C,1233,x
23276,A,1265,x
23277,A,1808,x
23278,C,1273,x
23279,A,1042,x
23280,A,1488,x
23282,A,1639,x
23283,B,1414,x
23284,D,1603,x
23286,D,1944,x
23287,A,1329,x
23288,D,1528,x
23291,D,1444,x
23293,A,1670,x
23294,D,1899,x
23295,D,1561,x
23297,D,1856,x
23298,C,1744,x
23299,C,1870,x
23302,B,1666,x
23304,C,1758,x
23306,C,1973,x
23308,B,1404,x
23311,B,1171,x
23312,A,1201,x
23315,B,1777,x
23316,B,1951,x
23319,B,1384,x
23320,A,1716,x
23321,A,1184,x
23322,B,1371,x
23323,C,1165,x
23326,B,1669,x
23327,B,1039,x
23330,D,1882,x
23331,B,1571,x
23333,B,1065,x
23335,C,1403,x
23337,C,1142,x
23338,D,1052,x
23339,A,1174,x
23342,B,1965,x
23346,D,1105,x
23351,C,1084,x
23353,B,1307,x
23354,C,1179,x
23359,A,1865,x
23364,B,1254,x
23366,B,1606,x
23371,B,1446,x
23372,D,1776,x
23373,B,1513,x
23378,D,1604,x
23379,C,1324,x
23380,D,1757,x
23381,B,1108,x
23382,C,1633,x
23388,C,1537,x
23392,D,1769,x
23393,C,1130,x
23394,D,1416,x
23397,B,1430,x
23398,B,1952,x
23399,A,1919,x
23400,C,1596,x
23401,C,1433,x
23404,B,1539,x
23406,B,1698,x
23407,B,1505,x
23408,C,1581,x
23409,B,1624,x
23411,D,1757,x
23415,C,1975,x
23421,D,1784,x
23424,C,1837,x
23425,D,1741,x
23426,C,1346,x
23430,A,1946,x
23432,A,1406,x
23434,A,1333,x
23435,C,1161,x
23437,A,1782,x
23438,A,1225,x
23440,D,1949,x
23441,C,1645,x
23442,C,1918,x
23444,B,1296,x
23449,C,1204,x
23450,A,1002,x
23452,D,1922,x
23453,C,1889,x
23454,B,1916,x
23455,A,1906,x
23456,A,1518,x
23457,C,1111,x
23458,D,1952,x
23461,D,1644,x
23465,C,1803,x
23466,B,1664,x
23467,C,1311,x
23468,C,1658,x
23470,D,1895,x
23471,B,1206,x
23476,D,1758,x
23478,B,1763,x
23479,A,1857,x
23480,A,1024,x
23481,D,1771,x
23482,A,1842,x
23485,D,1038,x
23487,C,1011,x
23488,A,1232,x
23489,A,1548,x
23490,A,1873,x
23491,B,1608,x
23494,C,1231,x
23495,D,1182,x
23496,B,1798,x
23497,C,1220,x
23498,D,1205,x
23501,D,1519,x
23502,D,1450,x
23505,A,1264,x
23506,B,1136,x
23507,D,1747,x
23508,D,1543,x
23510,C,1827,x
23511,B,1648,x
23514,A,1388,x
23516,A,1305,x
23519,B,1178,x
23521,D,1291,x
23522,A,1706,x
23523,D,1603,x
23524,D,1153,x
23525,D,1859,x
23526,A,1541,x
23527,D,1117,x
23528,A,1382,x
23532,D,1812,x
23534,B,1763,x
23537,B,1220,x
23540,D,1571,x
23541,B,1191,x
23544,D,1740,x
23545,A,1539,x
23546,A,1379,x
23550,A,1860,x
23553,D,1741,x
23554,D,1974,x
23556,C,1829,x
23557,B,1127,x
23558,A,1779,x
23559,B,1724,x
23561,B,1136,x
23565,D,1983,x
23568,B,1790,x
23570,C,1950,x
23572,B,1042,x
23574,C,1054,x
23577,A,1751,x
23581,C,1245,x
23583,A,1334,x
23584,A,1049,x
23588,B,1706,x
23589,D,1665,x
23591,B,1703,x
23598,D,1902,x
23601,C,1151,x
23604,C,1075,x
23606,C,1530,x
23608,D,1639,x
23610,D,1385,x
23611,C,1037,x
23612,C,1913,x
23616,A,1453,x
23617,A,1743,x
23622,B,1647,x
23624,C,1896,x
23625,B,1286,x
23628,C,1257,x
23631,C,1186,x
23632,B,1233,x
23636,A,1122,x
23637,A,1338,x
23638,B,1091,x
23640,B,1605,x
23643,C,1259,x
23644,B,1649,x
23646,C,1857,x
23647,A,1767,x
23648,B,1985,x
23650,B,1581,x
23651,D,1421,x
23652,C,1667,x
23654,D,1114,x
23656,D,1273,x
23660,B,1494,x
23662,B,1951,x
23663,A,1309,x
23665,B,1378,x
23666,A,1272,x
23670,A,1547,x
23672,A,1014,x
23673,B,1190,x
23675,B,1996,x
23676,D,1482,x
23678,A,1923,x
23680,D,1349,x
23682,B,1909,x
23684,D,1339,x
23689,A,1444,x
23691,D,1888,x
23692,D,1774,x
23694,D,1567,x
23695,B,1077,x
23699,C,1288,x
23706,D,1507,x
23712,A,1913,x
23716,A,1225,x
23718,B,1847,x
23722,C,1748,x
23723,C,1225,x
23724,C,1962,x
23725,B,1064,x
23726,D,1151,x
23729,C,1068,x
23730,D,1761,x
23733,A,1380,x
23734,A,1649,x
23735,C,1529,x
23739,B,1220,x
23740,D,1907,x
23741,D,1152,x
23744,A,1807,x
23745,D,1033,x
23746,A,1929,x
23751,C,1186,x
23753,D,1654,x
23754,D,1135,x
23755,A,1331,x
23758,A,1865,x
23760,B,1297,x
23764,B,1625,x
23765,D,1666,x
23766,D,1698,x
23768,C,1985,x
23769,A,1340,x
23771,B,1154,x
23772,A,1297,x
23774,D,1720,x
23775,D,1538,x
23777,D,1237,x
23778,B,1174,x
23779,B,1664,x
23781,C,1989,x
23782,A,1742,x
23783,D,1787,x
23784,C,1153,x
23786,A,1500,x
23787,C,1503,x
23788,D,1763,x
23789,C,1339,x
23790,B,1979,x
23792,C,1215,x
23793,D,1246,x
23796,D,1200,x
23797,C,1446,x
23798,D,1576,x
23799,C,1268,x
23802,A,1160,x
23804,B,1340,x
23809,A,1097,x
23811,B,1988,x
23815,B,1283,x
23816,D,1518,x
23818,D,1536,x
23820,D,1347,x
23824,C,1069,x
23825,B,1032,x
23826,A,1961,x
23827,A,1962,x
23830,B,1643,x
23832,A,1652,x
23833,D,1718,x
23836,B,1228,x
23839,D,1891,x
23840,B,1917,x
23841,C,1242,x
23842,B,1192,x
23843,B,1074,x
23845,C,1737,x
23847,B,1295,x
23852,B,1981,x
23854,D,1220,x
23857,A,1570,x
23859,B,1405,x
23860,D,1435,x
23861,C,1018,x
23862,C,1083,x
23866,C,1866,x
23867,B,1081,x
23868,D,1064,x
23869,D,1823,x
23871,A,1935,x
23877,C,1940,x
23879,D,1210,x
23880,A,1246,x
23881,B,1832,x
23883,C,1456,x
23885,A,1628,x
23886,D,1004,x
23887,D,1477,x
23888,A,1554,x
23890,C,1018,x
23891,D,1875,x
23892,B,1095,x
23893,A,1648,x
23896,A,1028,x
23899,D,1744,x
23900,A,1963,x
23902,A,1446,x
23903,A,1476,x
23905,A,1100,x
23908,C,1123,x
23914,B,1180,x
23915,C,1975,x
23916,C,1828,x
23917,D,1678,x
23919,C,1459,x
23921,A,1306,x
23922,C,1005,x
23923,B,1133,x
23925,C,1624,x
23927,A,1416,x
23928,C,1383,x
23931,C,1275,x
23932,D,1882,x
23937,C,1072,x
23938,C,1070,x
23941,D,1486,x
23942,D,1933,x
23948,C,1519,x
23952,D,1801,x
23953,A,1675,x
23954,B,1879,x
23957,C,1433,x
23958,B,1044,x
23961,D,1154,x
23965,B,1896,x
23966,B,1347,x
23967,A,1441,x
23969,C,1790,x
23970,C,1182,x
23971,D,1338,x
23974,B,1214,x
23975,A,1200,x
23978,D,1848,x
23979,B,1484,x
23980,A,1077,x
23984,C,1436,x
23985,C,1051,x
23987,A,1941,x
23989,C,1146,x
23990,A,1191,x
23994,C,1336,x
23995,C,1900,x
23996,A,1958,x
23999,D,1494,x
24000,D,1177,x
24001,C,1247,x
24003,A,1551,x
24005,B,1781,x
24006,D,1168,x
24007,B,1982,x
24008,C,1863,x
24009,A,1243,x
24012,C,1846,x
24013,C,1953,x
24014,C,1753,x
24016,B,1669,x
24019,C,1099,x
24021,B,1030,x
24022,B,1437,x
24025,C,1292,x
24026,A,1695,x
24031,D,1921,x
24032,A,1856,x
24034,B,1970,x
24036,B,1484,x
24037,C,1169,x
24041,A,1397,x
24042,A,1733,x
24043,A,1135,x
24044,D,1607,x
24047,C,1200,x
24050,D,1906,x
24051,A,1948,x
24053,B,1903,x
24056,B,1724,x
24057,D,1677,x
24064,C,1684,x
24065,C,1890,x
24067,A,1725,x
24068,C,1434,x
24070,B,1330,x
24073,A,1195,x
24074,B,1032,x
24075,A,1252,x
24076,C,1285,x
24078,D,1186,x
24079,B,1869,x
24080,B,1210,x
24083,C,1794,x
24089,D,1556,x
24091,A,1168,x
24095,A,1953,x
24096,D,1848,x
24102,C,1723,x
24103,C,1561,x
24106,B,1395,x
24107,A,1259,x
24108,B,1942,x
24109,C,1600,x
24113,B,1162,x
24114,B,1388,x
24120,A,1192,x
24125,D,1058,x
24128,A,1595,x
24129,C,1644,x
24131,C,1007,x
24134,C,1185,x
24135,A,1621,x
24136,A,1155,x
24138,A,1260,x
24139,D,1728,x
24141,A,1375,x
24142,C,1112,x
24143,A,1672,x
24145,D,1457,x
24147,B,1202,x
24149,D,1619,x
24151,C,1812,x
24153,A,1975,x
24157,B,1885,x
24158,B,1301,x
24165,C,1832,x
24168,A,1508,x
24170,A,1455,x
24172,D,1472,x
24173,B,1339,x
24174,D,1402,x
24177,C,1508,x
24182,C,1058,x
24183,B,1071,x
24185,B,1248,x
24186,D,1648,x
24187,D,1565,x
24189,C,1840,x
24190,A,1374,x
24192,A,1691,x
24196,B,1463,x
24197,C,1099,x
24198,D,1338,x
24199,C,1766,x
24202,C,1498,x
24203,C,1022,x
24207,D,1412,x
24208,A,1346,x
24210,D,1982,x
24211,A,1159,x
24213,D,1944,x
24215,B,1930,x
24217,B,1026,x
24218,D,1199,x
24219,B,1572,x
24226,D,1025,x
24229,C,1917,x
24232,C,1418,x
24233,A,1743,x
24236,C,1538,x
24237,B,1572,x
24240,D,1485,x
24242,B,1640,x
24244,B,1386,x
24245,C,1397,x
24249,D,1471,x
24251,B,1603,x
24253,D,1857,x
24256,D,1325,x
24257,D,1919,x
24258,A,1868,x
24259,C,1542,x
24262,C,1051,x
24266,C,1647,x
24273,C,1480,x
24275,A,1781,x
24277,D,1203,x
24278,D,1050,x
24282,A,1521,x
24285,A,1243,x
24287,A,1078,x
24288,B,1667,x
24290,D,1287,x
24291,C,1051,x
24294,D,1031,x
24295,B,1870,x
24298,D,1341,x
24299,D,1047,x
24300,B,1911,x
24302,C,1363,x
24304,C,1330,x
24306,D,1492,x
24307,D,1204,x
24312,A,1167,x
24313,D,1466,x
24315,B,1258,x
24317,B,1727,x
24318,B,1885,x
24320,B,1584,x
24321,B,1699,x
24323,A,1857,x
24324,D,1672,x
24327,C,1902,x
24329,D,1423,x
24330,A,1406,x
24334,D,1798,x
24335,C,1468,x
24341,A,1873,x
24342,C,1493,x
24344,A,1693,x
24348,A,1058,x
24350,C,1644,x
24351,B,1578,x
24352,B,1541,x
24353,A,1053,x
24354,D,1692,x
24356,C,1079,x
24357,D,1503,x
24359,C,1259,x
24360,A,1286,x
24362,A,1355,x
24364,A,1518,x
24365,A,1573,x
24368,B,1768,x
24369,D,1463,x
24371,D,1509,x
24372,B,1374,x
24374,C,1997,x
24377,D,1671,x
24379,B,1083,x
24380,C,1968,x
24381,B,1815,x
24383,A,1855,x
24384,C,1375,x
24386,D,1546,x
24388,C,1838,x
24389,C,1434,x
24391,C,1520,x
24392,A,1899,x
24393,A,1426,x
24394,D,1279,x
24395,D,1696,x
24396,D,1584,x
24397,D,1300,x
24398,B,1553,x
24399,C,1262,x
24400,A,1264,x
24402,A,1689,x
24403,A,1151,x
24405,B,1460,x
24407,A,1897,x
24408,D,1467,x
24409,D,1748,x
24411,D,1855,x
24413,D,1122,x
24414,A,1090,x
24415,D,1462,x
24416,B,1815,x
24418,C,1795,x
24419,B,1705,x
24420,A,1999,x
24421,C,1658,x
24424,D,1736,x
24425,D,1064,x
24426,A,1576,x
24428,A,1553,x
24430,B,1227,x
24431,B,1910,x
24432,A,1482,x
24434,D,1186,x
24435,A,1352,x
24440,C,1992,x
24441,B,1696,x
24442,B,1208,x
24443,A,1931,x
24444,A,1898,x
24445,D,1377,x
24447,C,1599,x
24449,D,1656,x
24453,C,1933,x
24454,A,1313,x
24456,C,1331,x
24458,A,1722,x
24459,D,1009,x
24460,B,1902,x
24461,D,1894,x
24462,A,1322,x
24465,B,1981,x
24466,C,1690,x
24467,D,1566,x
24468,C,1702,x
24472,C,1951,x
24473,D,1916,x
24475,B,1518,x
24477,C,1373,x
24479,B,1320,x
24480,A,1560,x
24482,C,1007,x
24485,C,1705,x
24488,A,1067,x
24490,A,1872,x
24496,B,1240,x
24497,A,1017,x
24499,A,1418,x
24500,A,1147,x
24501,C,1654,x
24503,D,1140,x
24508,C,1372,x
24509,C,1057,x
24510,D,1690,x
24511,B,1890,x
24512,D,1054,x
24513,A,1579,x
24514,B,1488,x
24516,B,1787,x
24519,A,1219,x
24521,D,1206,x
24522,A,1991,x
24526,C,1511,x
24527,C,1550,x
24529,A,1113,x
24530,C,1331,x
24532,A,1585,x
24533,A,1847,x
24534,B,1524,x
24539,B,1520,x
24540,D,1675,x
24541,A,1021,x
24542,A,1574,x
24543,A,1377,x
24545,C,1430,x
24547,A,1837,x
24548,A,1195,x
24550,B,1811,x
24557,B,1310,x
24559,B,1309,x
24561,C,1148,x
24562,A,1593,x
24568,D,1545,x
24569,B,1117,x
24570,B,1543,x
24571,D,1652,x
24572,C,1963,x
24574,A,1127,x
24575,C,1765,x
24578,A,1279,x
24579,D,1490,x
24583,D,1178,x
24584,B,1136,x
24585,A,1471,x
24586,B,1968,x
24590,D,1238,x
24594,C,1769,x
24597,C,1382,x
24599,B,1601,x
24600,A,1970,x
24602,B,1074,x
24604,A,1614,x
24606,A,1770,x
24609,A,1052,x
24610,A,1677,x
24612,B,1759,x
24614,D,1253,x
24615,D,1317,x
24617,A,1428,x
24619,D,1168,x
24621,B,1372,x
24622,A,1612,x
24623,D,1086,x
24624,B,1643,x
24628,C,1451,x
24630,D,1909,x
24631,B,1331,x
24636,C,1435,x
24637,D,1786,x
24638,C,1111,x
24640,C,1443,x
24643,B,1759,x
24644,A,1739,x
24646,D,1203,x
24648,B,1144,x
24651,A,1773,x
24653,D,1107,x
24658,B,1395,x
24663,B,1567,x
24664,A,1524,x
24665,C,1505,x
24666,D,1018,x
24668,D,1510,x
24669,B,1482,x
24672,C,1137,x
24673,C,1777,x
24674,B,1898,x
24676,A,1392,x
24679,C,1741,x
24681,C,1060,x
24684,A,1887,x
24686,C,1202,x
24690,D,1677,x
24691,A,1037,x
24692,D,1646,x
24696,B,1923,x
24697,D,1360,x
24698,B,1807,x
24699,D,1594,x
24700,A,1474,x
24701,C,1952,x
24702,D,1646,x
24703,A,1292,x
24704,C,1913,x
24705,B,1821,x
24707,A,1384,x
24709,C,1163,x
24710,B,1059,x
24711,C,1714,x
24718,C,1831,x
24720,B,1689,x
24722,B,1959,x
24723,B,1188,x
24727,B,1442,x
24728,D,1556,x
24729,A,1183,x
24730,A,1464,x
24734,C,1045,x
24736,B,1928,x
24740,C,1285,x
24741,B,1449,x
24742,B,1492,x
24747,C,1964,x
24748,B,1554,x
24750,C,1348,x
24755,A,1148,x
24756,A,1661,x
24758,B,1563,x
24759,B,1370,x
24760,B,1576,x
24761,B,1610,x
24762,D,1452,x
24765,D,1315,x
24766,A,1872,x
24767,D,1381,x
24768,A,1847,x
24769,B,1339,x
24771,C,1182,x
24775,B,1133,x
24781,C,1973,x
24782,A,1253,x
24785,A,1194,x
24788,A,1779,x
24790,B,1329,x
24791,D,1730,x
24798,A,1659,x
24799,D,1901,x
24800,B,1551,x
24807,A,1325,x
24809,C,1367,x
24810,D,1031,x
24812,B,1734,x
24816,D,1152,x
24817,C,1301,x
24820,A,1331,x
24822,D,1556,x
24827,C,1118,x
24828,B,1023,x
24831,A,1281,x
24832,A,1878,x
24839,A,1372,x
24841,C,1828,x
24845,A,1006,x
24847,A,1820,x
24848,B,1754,x
24849,B,1945,x
24850,C,1253,x
24851,D,1584,x
24856,A,1371,x
24857,A,1328,x
24859,C,1877,x
24860,D,1496,x
24861,C,1229,x
24862,D,1141,x
24863,D,1404,x
24864,D,1811,x
24865,B,1334,x
24868,A,1404,x
24869,C,1490,x
24871,B,1466,x
24872,D,1334,x
24873,C,1773,x
24875,A,1577,x
24879,B,1799,x
24880,A,1501,x
24881,A,1112,x
24885,B,1571,x
24886,A,1360,x
24887,C,1769,x
24890,A,1391,x
24892,D,1688,x
24893,C,1808,x
24894,D,1491,x
24896,B,1191,x
24899,B,1166,x
24902,B,1722,x
24903,B,1504,x
24905,B,1622,x
24906,D,1012,x
24913,C,1844,x
24916,A,1414,x
24917,C,1954,x
24919,A,1294,x
24920,B,1596,x
24921,D,1385,x
24922,A,1890,x
24923,C,1639,x
24924,A,1879,x
24926,B,1178,x
24928,D,1202,x
24929,C,1204,x
24931,B,1549,x
24934,C,1619,x
24935,C,1990,x
24937,D,1610,x
24938,C,1898,x
24940,C,1571,x
24947,A,1886,x
24948,B,1173,x
24949,C,1260,x
24953,B,1089,x
24955,B,1307,x
24959,D,1312,x
24963,D,1775,x
24964,C,1522,x
24965,C,1867,x
24966,C,1852,x
24967,D,1761,x
24970,A,1064,x
24973,A,1264,x
24978,A,1108,x
24981,D,1357,x
24982,C,1207,x
24983,A,1616,x
24984,B,1308,x
24985,C,1352,x
24986,C,1584,x
24989,B,1994,x
24992,D,1088,x
24993,A,1413,x
24994,B,1107,x
24995,A,1610,x
24996,D,1162,x
24998,C,1340,x
24999,D,1372,x
25000,D,1605,x
25002,B,1509,x
25004,D,1525,x
25006,C,1120,x
25007,A,1163,x
25009,C,1237,x
25011,C,1867,x
25012,D,1569,x
25014,B,1120,x
25018,A,1854,x
25019,B,1685,x
25020,D,1826,x
25021,A,1928,x
25022,B,1435,x
25026,D,1201,x
25030,A,1245,x
25032,B,1368,x
25036,D,1128,x
25038,B,1471,x
25039,B,1891,x
25040,C,1616,x
25044,B,1559,x
25045,B,1310,x
25047,D,1364,x
25048,A,1136,x
25049,C,1504,x
25050,A,1381,x
25055,A,1377,x
25056,D,1687,x
25057,D,1088,x
25058,D,1005,x
25061,D,1432,x
25063,C,1057,x
25064,D,1952,x
25065,C,1991,x
25066,A,1517,x
25067,D,1683,x
25073,D,1613,x
25077,A,1670,x
25079,A,1257,x
25080,B,1365,x
25081,D,1512,x
25087,B,1719,x
25090,C,1661,x
25091,B,1125,x
25092,C,1700,x
25094,A,1958,x
25095,A,1383,x
25096,B,1769,x
25097,C,1276,x
25098,D,1655,x
25099,B,1952,x
25102,D,1107,x
25103,C,1014,x
25105,A,1917,x
25106,B,1881,x
25107,B,1366,x
25108,B,1621,x
25109,D,1686,x
25111,A,1655,x
25117,A,1032,x
25118,C,1317,x
25119,C,1100,x
25120,D,1977,x
25123,D,1779,x
25124,B,1693,x
25126,B,1991,x
25128,C,1345,x
25129,A,1017,x
25130,A,1955,x
25132,D,1183,x
25134,C,1671,x
25135,D,1492,x
25137,B,1249,x
25138,B,1934,x
25139,C,1840,x
25143,A,1599,x
25144,A,1729,x
25145,D,1869,x
25148,C,1258,x
25149,C,1733,x
25151,C,1544,x
25156,A,1189,x
25157,B,1658,x
25158,B,1151,x
25161,D,1771,x
25164,D,1722,x
25167,C,1491,x
25168,D,1702,x
25169,D,1530,x
25171,D,1719,x
25172,B,1037,x
25173,B,1597,x
25175,C,1777,x
25177,A,1119,x
25179,C,1759,x
25180,D,1022,x
25181,B,1832,x
25184,D,1295,x
25185,D,1452,x
25190,D,1850,x
25196,B,1835,x
25197,C,1839,x
25200,A,1687,x
25204,B,1497,x
25205,A,1298,x
25206,A,1858,x
25209,D,1879,x
25211,C,1153,x
25212,B,1836,x
25217,A,1449,x
25221,C,1202,x
25222,D,1450,x
25223,B,1767,x
25226,B,1679,x
25227,B,1052,x
25228,C,1684,x
25230,C,1328,x
25232,D,1024,x
25234,B,1381,x
25235,C,1936,x
25237,D,1640,x
25238,D,1278,x
25239,D,1056,x
25240,C,1176,x
25241,A,1686,x
25242,C,1332,x
25245,D,1369,x
25248,A,1017,x
25251,D,1163,x
25252,D,1347,x
25254,B,1825,x
25256,B,1856,x
25260,A,1799,x
25261,B,1075,x
25262,A,1053,x
25263,A,1744,x
25266,D,1282,x
25268,A,1263,x
25269,B,1224,x
25270,B,1008,x
25271,B,1644,x
25272,D,1487,x
25273,D,1956,x
25275,B,1179,x
25277,B,1691,x
25278,D,1301,x
25279,A,1089,x
25282,D,1193,x
25284,B,1142,x
25286,D,1687,x
25289,B,1297,x
25291,A,1988,x
25293,C,1754,x
25298,B,1714,x
25299,A,1138,x
25301,A,1719,x
25305,D,1506,x
25308,C,1594,x
25309,D,1419,x
25311,C,1754,x
25312,B,1925,x
25315,D,1672,x
25316,C,1583,x
25317,C,1661,x
25320,B,1383,x
25321,C,1933,x
25322,C,1501,x
25327,B,1875,x
25328,C,1155,x
25329,A,1325,x
25330,B,1228,x
25331,D,1648,x
25332,B,1595,x
25339,A,1479,x
25344,C,1170,x
25346,D,1088,x
25347,C,1812,x
25348,D,1349,x
25349,A,1698,x
25350,A,1236,x
25355,B,1330,x
25356,C,1049,x
25357,A,1347,x
25358,A,1948,x
25361,C,1816,x
25362,B,1136,x
25373,C,1988,x
25374,A,1869,x
25377,D,1470,x
25378,D,1687,x
25382,C,1244,x
25383,D,1679,x
25385,D,1914,x
25386,A,1277,x
25388,B,1061,x
25389,A,1626,x
25393,C,1308,x
25395,C,1832,x
25397,A,1193,x
25399,A,1302,x
25402,D,1395,x
25404,A,1816,x
25407,A,1299,x
25410,D,1681,x
25414,A,1997,x
25423,A,1024,x
25426,C,1106,x
25427,A,1402,x
25428,D,1529,x
25429,D,1422,x
25430,D,1425,x
25431,D,1613,x
25434,B,1948,x
25439,C,1611,x
25440,A,1541,x
25442,C,1961,x
25444,A,1408,x
25445,B,1842,x
25446,D,1731,x
25448,A,1779,x
25449,D,1445,x
25450,C,1891,x
25451,C,1571,x
25452,D,1044,x
25455,D,1347,x
25456,D,1290,x
25457,D,1634,x
25460,A,1465,x
25463,A,1897,x
25464,C,1289,x
25465,B,1692,x
25469,B,1841,x
25470,B,1955,x
25471,B,1082,x
25472,D,1848,x
25473,A,1824,x
25475,C,1040,x
25476,A,1136,x
25479,D,1078,x
25480,C,1880,x
25481,C,1152,x
25484,B,1680,x
25485,A,1723,x
25487,D,1384,x
25488,C,1009,x
25489,C,1547,x
25492,C,1431,x
25493,A,1530,x
25495,B,1713,x
25496,C,1752,x
25497,B,1739,x
25501,C,1019,x
25505,B,1202,x
25507,C,1610,x
25508,B,1573,x
25511,B,1010,x
25512,B,1913,x
25514,D,1320,x
25518,C,1098,x
25520,A,1737,x
25522,B,1764,x
25526,A,1809,x
25527,D,1387,x
25530,D,1582,x
25531,D,1709,x
25532,D,1133,x
25534,B,1522,x
25536,B,1899,x
25538,A,1601,x
25540,A,1873,x
25541,D,1730,x
25543,B,1124,x
25544,B,1340,x
25546,C,1611,x
25549,B,1176,x
25550,C,1577,x
25551,B,1709,x
25553,B,1053,x
25556,C,1944,x
25559,A,1467,x
25562,D,1657,x
25566,C,1512,x
25569,A,1912,x
25571,A,1772,x
25572,A,1180,x
25573,D,1319,x
25574,C,1970,x
25575,D,1854,x
25576,D,1758,x
25577,A,1743,x
25580,A,1878,x
25582,B,1614,x
25583,B,1902,x
25584,D,1303,x
25586,B,1803,x
25589,B,1290,x
25590,A,1307,x
25591,A,1972,x
25592,C,1932,x
25598,A,1440,x
25601,C,1260,x
25602,C,1342,x
25605,A,1254,x
25608,C,1533,x
25610,B,1943,x
25612,B,1448,x
25615,D,1611,x
25617,C,1502,x
25618,C,1214,x
25619,D,1946,x
25620,D,1736,x
25621,C,1716,x
25623,C,1817,x
25627,D,1415,x
25628,A,1159,x
25631,A,1056,x
25633,A,1028,x
25634,C,1235,x
25635,A,1270,x
25639,D,1737,x
25640,D,1094,x
25642,D,1793,x
25644,A,1134,x
25646,D,1180,x
25648,A,1666,x
25652,B,1098,x
25653,B,1398,x
25654,B,1657,x
25655,B,1911,x
25656,D,1414,x
25657,C,1862,x
25662,A,1880,x
25663,B,1916,x
25666,D,1810,x
25667,B,1360,x
25668,C,1444,x
25669,A,1567,x
25670,A,1445,x
25675,B,1664,x
25676,D,1385,x
25677,D,1011,x
25678,D,1727,x
25679,B,1821,x
25681,A,1109,x
25682,D,1501,x
25688,A,1055,x
25689,C,1858,x
25691,D,1415,x
25692,D,1943,x
25693,A,1767,x
25694,C,1822,x
25695,D,1866,x
25696,C,1745,x
25700,C,1750,x
25704,C,1716,x
25706,A,1974,x
25708,D,1805,x
25710,C,1076,x
25712,D,1953,x
25713,A,1506,x
25714,B,1292,x
25717,B,1066,x
25723,B,1647,x
25726,A,1273,x
25727,C,1833,x
25730,A,1433,x
25732,C,1296,x
25736,D,1009,x
25737,B,1960,x
25738,C,1997,x
25740,D,1541,x
25745,B,1938,x
25748,A,1727,x
25749,B,1628,x
25751,B,1401,x
25753,B,1365,x
25754,B,1280,x
25756,C,1606,x
25757,B,1795,x
25758,D,1868,x
25759,A,1138,x
25760,C,1823,x
25761,D,1602,x
25762,D,1384,x
25763,B,1816,x
25765,B,1512,x
25767,C,1102,x
25769,A,1923,x
25770,B,1900,x
25773,C,1926,x
25774,B,1942,x
25776,D,1077,x
25781,A,1465,x
25782,A,1871,x
25783,D,1756,x
25784,A,1475,x
25787,C,1587,x
25788,D,1246,x
25791,C,1144,x
25792,D,1563,x
25793,A,1494,x
25795,A,1728,x
25796,D,1140,x
25797,C,1853,x
25799,A,1610,x
25805,D,1786,x
25806,A,1632,x
25807,A,1162,x
25808,C,1656,x
25812,D,1885,x
25815,D,1529,x
25816,C,1189,x
25818,D,1951,x
25821,D,1695,x
25822,D,1169,x
25823,D,1993,x
25824,D,1806,x
25831,B,1393,x
25832,C,1818,x
25833,B,1547,x
25834,D,1661,x
25836,B,1729,x
25837,B,1753,x
25838,A,1846,x
25840,A,1631,x
25841,C,1790,x
25842,A,1571,x
25843,D,1880,x
25844,C,1637,x
25845,B,1394,x
25848,B,1439,x
25851,D,1312,x
25852,D,1111,x
25855,C,1310,x
25856,B,1717,x
25857,B,1507,x
25858,B,1412,x
25859,D,1942,x
25861,D,1464,x
25862,C,1278,x
25864,C,1251,x
25867,C,1690,x
25868,C,1144,x
25870,A,1120,x
25871,B,1780,x
25872,C,1817,x
25873,A,1573,x
25874,B,1690,x
25875,A,1192,x
25876,C,1627,x
25878,A,1684,x
25879,A,1809,x
25881,B,1390,x
25882,A,1997,x
25883,D,1086,x
25886,D,1952,x
25887,D,1333,x
25888,A,1662,x
25889,B,1951,x
25893,D,1559,x
25894,C,1892,x
25898,B,1536,x
25900,B,1464,x
25903,D,1368,x
25905,B,1909,x
25911,B,1919,x
25913,C,1608,x
25914,B,1393,x
25915,C,1929,x
25917,C,1704,x
25918,C,1295,x
25919,A,1705,x
25921,C,1782,x
25922,B,1734,x
25923,C,1680,x
25927,C,1358,x
25928,D,1342,x
25933,D,1752,x
25934,A,1656,x
25935,A,1316,x
25937,D,1132,x
25938,B,1850,x
25939,A,1570,x
25941,B,1845,x
25943,B,1087,x
25944,A,1737,x
25945,C,1822,x
25947,C,1288,x
25950,D,1982,x
25956,C,1820,x
25957,B,1005,x
25958,A,1872,x
25961,C,1326,x
25962,A,1284,x
25963,D,1776,x
25965,B,1666,x
25971,A,1273,x
25972,D,1345,x
25978,B,1282,x
25979,A,1858,x
25981,C,1663,x
25982,D,1494,x
25986,B,1963,x
25988,C,1563,x
25990,D,1512,x
25993,B,1581,x
25994,C,1173,x
25997,B,1530,x
25999,A,1411,x
26004,A,1963,x
26005,C,1120,x
26006,A,1214,x
26007,C,1939,x
26008,B,1082,x
26011,B,1396,x
26012,D,1537,x
26013,D,1183,x
26015,A,1599,x
26016,A,1268,x
26018,B,1618,x
26022,A,1513,x
26023,D,1188,x
26024,B,1897,x
26025,C,1661,x
26027,C,1092,x
26028,B,1314,x
26030,C,1104,x
26032,B,1051,x
26035,D,1859,x
26036,D,1919,x
26037,D,1497,x
26040,A,1523,x
26041,C,1430,x
26043,A,1797,x
26046,B,1786,x
26047,C,1853,x
26050,B,1838,x
26053,B,1208,x
26054,B,1774,x
26055,D,1018,x
26059,D,1216,x
26060,B,1490,x
26061,D,1328,x
26063,B,1966,x
26066,D,1402,x
26069,B,1758,x
26071,C,1902,x
26072,B,1565,x
26073,C,1565,x
26075,C,1772,x
26077,A,1340,x
26080,B,1574,x
26083,C,1217,x
26086,C,1856,x
26087,B,1826,x
26088,C,1189,x
26091,A,1863,x
26092,D,1206,x
26093,D,1474,x
26096,A,1378,x
26097,D,1326,x
26099,C,1259,x
26104,A,1079,x
26107,C,1806,x
26110,A,1095,x
26112,C,1767,x
26115,C,1568,x
26116,A,1883,x
26120,C,1685,x
26121,C,1056,x
26123,C,1052,x
26125,B,1667,x
26126,B,1934,x
26127,C,1417,x
26128,C,1362,x
26129,A,1534,x
26133,C,1892,x
26134,C,1134,x
26136,D,1189,x
26139,B,1738,x
26140,C,1214,x
26141,A,1671,x
26142,D,1905,x
26143,C,1995,x
26144,A,1651,x
26145,A,1276,x
26149,B,1088,x
26155,C,1035,x
26156,C,1807,x
26159,B,1930,x
26163,D,1012,x
26164,B,1959,x
26165,D,1768,x
26166,C,1303,x
26168,D,1673,x
26169,B,1137,x
26170,A,1506,x
26171,B,1380,x
26172,C,1725,x
26173,C,1492,x
26174,A,1678,x
26176,D,1712,x
26177,C,1505,x
26180,B,1645,x
26182,A,1970,x
26183,D,1925,x
26185,A,1371,x
26188,B,1993,x
26189,B,1604,x
26190,C,1176,x
26191,B,1180,x
26193,C,1637,x
26198,B,1603,x
26199,C,1042,x
26200,A,1412,x
26202,B,1682,x
26204,A,1850,x
26205,D,1797,x
26207,D,1672,x
26209,B,1755,x
26212,B,1154,x
26213,D,1928,x
26215,A,1466,x
26217,B,1180,x
26225,A,1465,x
26226,C,1147,x
26228,D,1364,x
26234,B,1753,x
26235,D,1684,x
26236,B,1385,x
26237,D,1385,x
26241,B,1011,x
26243,C,1332,x
26244,C,1877,x
26245,B,1686,x
26248,C,1559,x
26252,B,1589,x
26253,D,1656,x
26254,B,1475,x
26256,B,1751,x
26257,C,1502,x
26258,D,1688,x
26260,C,1904,x
26261,A,1880,x
26262,A,1598,x
26264,B,1302,x
26265,B,1231,x
26266,B,1660,x
26267,A,1057,x
26270,B,1298,x
26274,D,1074,x
26276,D,1057,x
26280,D,1069,x
26281,B,1720,x
26284,B,1882,x
26286,A,1605,x
26287,D,1819,x
26289,D,1553,x
26290,D,1188,x
26291,C,1941,x
26293,C,1991,x
26297,B,1830,x
26298,B,1805,x
26300,B,1562,x
26301,B,1359,x
26303,D,1264,x
26306,B,1078,x
26307,C,1115,x
26308,C,1709,x
26309,B,1385,x
26310,A,1973,x
26317,D,1200,x
26318,D,1355,x
26321,D,1527,x
26322,A,1805,x
26325,D,1746,x
26331,D,1951,x
26334,C,1819,x
26335,B,1052,x
26336,B,1854,x
26337,C,1944,x
26338,D,1122,x
26344,B,1463,x
26346,B,1284,x
26349,A,1025,x
26352,C,1140,x
26355,B,1386,x
26358,B,1570,x
26359,B,1862,x
26360,C,1448,x
26361,A,1437,x
26366,B,1126,x
26368,C,1139,x
26369,D,1106,x
26372,A,1745,x
26373,D,1910,x
26374,A,1125,x
26375,B,1646,x
26377,A,1483,x
26379,B,1044,x
26381,B,1491,x
26382,C,1661,x
26383,D,1917,x
26386,A,1973,x
26387,B,1590,x
26388,D,1775,x
26389,C,1948,x
26390,D,1620,x
26393,D,1517,x
26396,C,1160,x
26397,D,1644,x
26398,D,1945,x
26399,A,1619,x
26401,B,1936,x
26402,A,1319,x
26404,B,1863,x
26406,C,1017,x
26407,A,1454,x
26412,A,1468,x
26413,C,1994,x
26418,A,1212,x
26425,B,1398,x
26426,B,1272,x
26430,D,1053,x
26435,D,1906,x
26436,B,1432,x
26437,D,1063,x
26440,A,1941,x
26441,D,1990,x
26442,C,1802,x
26443,B,1442,x
26446,B,1656,x
26447,D,1972,x
26448,B,1920,x
26452,D,1190,x
26453,D,1720,x
26457,C,1489,x
26458,B,1421,x
26459,D,1799,x
26460,D,1009,x
26463,D,1997,x
26464,D,1210,x
26466,D,1265,x
26468,C,1913,x
26469,A,1438,x
26473,C,1723,x
26475,D,1376,x
26480,B,1204,x
26481,C,1190,x
26483,C,1027,x
26485,C,1806,x
26488,B,1202,x
26489,B,1627,x
26491,A,1161,x
26492,B,1220,x
26494,C,1188,x
26496,D,1618,x
26497,A,1043,x
26498,B,1749,x
26499,A,1762,x
26500,C,1110,x
26501,C,1325,x
26502,C,1614,x
26503,D,1092,x
26506,C,1658,x
26507,B,1961,x
26508,C,1829,x
26511,D,1793,x
26512,C,1899,x
26513,B,1508,x
26515,A,1284,x
26517,B,1951,x
26519,C,1473,x
26520,A,1195,x
26521,B,1081,x
26523,A,1260,x
26524,D,1314,x
26526,A,1122,x
26529,B,1522,x
26531,C,1319,x
26532,C,1786,x
26533,D,1088,x
26534,A,1042,x
26537,C,1267,x
26538,A,1867,x
26540,D,1292,x
26546,A,1169,x
26549,D,1598,x
26550,A,1501,x
26557,D,1755,x
26561,C,1139,x
26562,B,1909,x
26563,B,1381,x
26565,C,1440,x
26567,D,1708,x
26568,D,1376,x
26569,D,1918,x
26570,C,1437,x
26571,A,1936,x
26572,D,1540,x
26576,D,1496,x
26577,C,1224,x
26580,D,1937,x
26581,A,1469,x
26582,A,1991,x
26583,B,1033,x
26585,A,1625,x
26586,B,1184,x
26587,A,1273,x
26588,D,1888,x
26589,D,1019,x
26594,C,1413,x
26598,C,1283,x
26599,B,1607,x
26600,C,1880,x
26601,D,1418,x
26604,D,1884,x
26605,B,1827,x
26607,B,1031,x
26609,A,1122,x
26610,C,1520,x
26612,B,1991,x
26613,B,1601,x
26614,B,1414,x
26615,B,1884,x
26616,C,1033,x
26623,C,1949,x
26624,A,1283,x
26625,A,1478,x
26626,B,1642,x
26628,C,1927,x
26629,D,1708,x
26632,A,1837,x
26633,B,1233,x
26635,B,1996,x
26637,B,1331,x
26641,C,1391,x
26646,A,1714,x
26648,D,1929,x
26649,C,1151,x
26650,B,1951,x
26651,D,1701,x
26654,A,1915,x
26655,C,1011,x
26659,B,1451,x
26660,C,1206,x
26661,C,1626,x
26663,C,1989,x
26665,B,1114,x
26666,B,1188,x
26667,C,1232,x
26670,B,1079,x
26672,A,1163,x
26675,A,1626,x
26677,A,1851,x
26679,D,1910,x
26682,B,1750,x
26684,A,1134,x
26690,D,1871,x
26691,B,1588,x
26692,A,1661,x
26693,C,1839,x
26694,C,1146,x
26695,D,1671,x
26696,C,1559,x
26697,A,1074,x
26698,A,1073,x
26700,B,1062,x
26703,A,1131,x
26705,A,1478,x
26709,B,1197,x
26710,A,1238,x
26711,D,1092,x
26712,C,1841,x
26713,B,1538,x
26714,B,1833,x
26715,B,1462,x
26720,D,1323,x
26721,B,1582,x
26724,D,1015,x
26725,D,1758,x
26726,A,1522,x
26728,A,1980,x
26731,B,1300,x
26733,C,1776,x
26734,A,1973,x
26736,A,1545,x
26741,C,1848,x
26742,B,1575,x
26745,D,1312,x
26747,C,1778,x
26751,D,1672,x
26752,A,1768,x
26753,B,1835,x
26754,D,1683,x
26756,A,1786,x
26762,A,1259,x
26764,A,1554,x
26767,A,1994,x
26769,A,1574,x
26770,A,1884,x
26772,B,1226,x
26774,C,1309,x
26777,C,1530,x
26779,A,1095,x
26780,D,1801,x
26781,B,1338,x
26784,B,1541,x
26786,C,1229,x
26787,A,1003,x
26788,A,1933,x
26789,B,1493,x
26790,A,1211,x
26792,B,1185,x
26793,A,1276,x
26795,D,1277,x
26797,B,1322,x
26799,A,1968,x
26801,C,1689,x
26803,D,1636,x
26804,D,1672,x
26807,B,1143,x
26810,C,1247,x
26811,A,1288,x
26812,C,1739,x
26813,B,1523,x
26814,D,1877,x
26815,B,1847,x
26816,B,1895,x
26817,D,1455,x
26818,A,1148,x
26819,B,1984,x
26820,B,1275,x
26821,A,1121,x
26824,C,1469,x
26825,D,1222,x
26827,B,1139,x
26828,B,1590,x
26831,A,1748,x
26832,A,1145,x
26833,C,1720,x
26834,D,1008,x
26835,A,1434,x
26836,D,1158,x
26838,C,1207,x
26839,A,1111,x
26841,C,1075,x
26843,B,1603,x
26845,C,1538,x
26846,D,1565,x
26848,A,1222,x
26855,D,1433,x
26857,D,1160,x
26859,A,1448,x
26860,A,1923,x
26861,B,1331,x
26862,C,1794,x
26863,B,1067,x
26866,C,1216,x
26869,C,1278,x
26872,D,1867,x
26873,C,1864,x
26876,A,1278,x
26877,A,1532,x
26879,B,1404,x
26883,C,1957,x
26884,C,1209,x
26885,A,1091,x
26892,B,1739,x
26893,B,1656,x
26896,B,1744,x
26899,C,1137,x
26904,B,1044,x
26905,C,1665,x
26906,A,1019,x
26910,B,1480,x
26913,C,1916,x
26914,C,1322,x
26915,D,1370,x
26916,A,1997,x
26918,B,1306,x
26922,D,1982,x
26923,A,1954,x
26925,B,1530,x
26926,B,1718,x
26929,D,1123,x
26931,C,1848,x
26932,D,1903,x
26933,D,1759,x
26935,D,1679,x
26938,A,1055,x
26940,D,1871,x
26943,B,1677,x
26944,B,1685,x
26946,C,1462,x
26951,A,1567,x
26952,C,1665,x
26957,B,1551,x
26958,D,1968,x
26962,C,1684,x
26967,B,1235,x
26968,A,1064,x
26969,D,1499,x
26971,A,1075,x
26972,C,1891,x
26974,C,1020,x
26976,A,1955,x
26977,B,1830,x
26979,C,1571,x
26980,C,1382,x
26985,A,1184,x
26986,A,1465,x
26991,A,1258,x
26994,C,1088,x
26996,B,1424,x
26997,D,1077,x
27000,C,1506,x
27002,C,1988,x
27005,A,1146,x
27007,C,1668,x
27008,D,1245,x
27011,D,1740,x
27012,C,1368,x
27017,A,1639,x
27018,C,1887,x
27023,B,1316,x
27024,A,1438,x
27027,D,1005,x
27030,B,1016,x
27033,C,1501,x
27034,D,1915,x
27036,A,1293,x
27038,D,1832,x
27042,C,1462,x
27043,A,1955,x
27045,D,1842,x
27047,C,1327,x
27049,C,1607,x
27050,A,1823,x
27051,D,1012,x
27052,A,1760,x
27055,C,1982,x
27060,D,1410,x
27061,C,1209,x
27064,B,1545,x
27066,D,1554,x
27071,D,1150,x
27072,D,1439,x
27074,B,1406,x
27075,A,1429,x
27076,A,1407,x
27077,D,1839,x
27078,A,1381,x
27079,A,1797,x
27080,C,1541,x
27081,A,1964,x
27088,B,1391,x
27090,A,1806,x
27092,D,1302,x
27093,A,1194,x
27095,A,1120,x
27099,D,1058,x
27106,C,1653,x
27108,D,1158,x
27109,D,1467,x
27113,C,1515,x
27116,C,1938,x
27117,A,1110,x
27118,A,1339,x
27121,B,1013,x
27122,D,1182,x
27124,B,1985,x
27128,D,1334,x
27130,D,1204,x
27133,C,1705,x
27134,C,1127,x
27136,A,1782,x
27139,C,1260,x
27144,B,1349,x
27147,C,1056,x
27148,D,1289,x
27149,B,1487,x
27150,C,1398,x
27151,D,1220,x
27154,B,1615,x
27155,D,1655,x
27156,B,1322,x
27158,B,1988,x
27160,D,1101,x
27162,A,1369,x
27164,A,1017,x
27166,A,1305,x
27167,D,1480,x
27171,A,1267,x
27172,D,1900,x
27173,B,1147,x
27174,A,1585,x
27175,B,1426,x
27176,C,1926,x
27177,B,1023,x
27179,D,1939,x
27182,A,1766,x
27184,B,1301,x
27185,A,1431,x
27186,C,1459,x
27188,A,1596,x
27190,D,1872,x
27193,B,1182,x
27195,C,1349,x
27199,D,1951,x
27200,D,1616,x
27201,A,1564,x
27202,C,1237,x
27203,D,1234,x
27205,B,1031,x
27209,C,1629,x
27210,C,1986,x
27211,A,1172,x
27212,A,1856,x
27215,B,1388,x
27216,A,1667,x
27217,B,1414,x
27219,B,1432,x
27220,C,1731,x
27221,D,1328,x
27226,A,1076,x
27227,D,1639,x
27229,D,1633,x
27230,B,1658,x
27231,C,1727,x
27233,C,1839,x
27236,D,1654,x
27238,C,1701,x
27240,A,1534,x
27242,C,1454,x
27243,B,1148,x
27244,D,1866,x
27245,D,1204,x
27247,D,1317,x
27248,B,1992,x
27249,A,1374,x
27253,C,1636,x
27256,B,1058,x
27257,B,1658,x
27258,B,1748,x
27259,D,1562,x
27261,B,1670,x
27262,C,1947,x
27264,C,1642,x
27266,D,1660,x
27270,B,1749,x
27271,B,1136,x
27274,D,1536,x
27276,C,1298,x
27277,B,1715,x
27278,A,1991,x
27284,D,1162,x
27290,C,1191,x
27293,A,1420,x
27294,A,1782,x
27297,A,1351,x
27298,C,1799,x
27299,D,1850,x
27302,D,1763,x
27303,C,1337,x
27305,C,1193,x
27306,C,1346,x
27308,D,1439,x
27309,D,1521,x
27310,D,1021,x
27313,A,1144,x
27316,B,1823,x
27317,B,1736,x
27318,C,1606,x
27321,D,1424,x
27323,C,1494,x
27324,A,1525,x
27326,B,1112,x
27329,C,1666,x
27332,A,1878,x
27333,D,1787,x
27338,A,1618,x
27339,D,1193,x
27342,B,1157,x
27344,A,1232,x
27346,A,1617,x
27351,B,1693,x
27352,C,1681,x
27354,D,1842,x
27355,D,1512,x
27356,C,1974,x
27358,C,1606,x
27359,A,1274,x
27360,D,1026,x
27363,C,1445,x
27366,C,1123,x
27367,B,1238,x
27369,C,1073,x
27374,C,1752,x
27378,C,1065,x
27384,C,1780,x
27387,C,1836,x
27389,A,1652,x
27391,B,1795,x
27392,D,1558,x
27394,C,1495,x
27396,D,1801,x
27398,A,1539,x
27399,D,1043,x
27402,C,1688,x
27404,C,1356,x
27405,D,1696,x
27406,C,1826,x
27409,B,1983,x
27410,B,1545,x
27414,D,1529,x
27418,A,1776,x
27419,A,1530,x
27421,D,1844,x
27422,D,1274,x
27425,D,1885,x
27427,B,1442,x
27430,C,1354,x
27434,B,1710,x
27438,A,1258,x
27442,B,1882,x
27445,A,1694,x
27448,A,1958,x
27449,C,1783,x
27450,B,1771,x
27452,A,1776,x
27453,C,1200,x
27458,B,1460,x
27462,B,1669,x
27463,B,1637,x
27466,B,1679,x
27469,A,1857,x
27474,A,1774,x
27475,B,1833,x
27477,A,1805,x
27478,D,1617,x
27480,C,1662,x
27481,D,1059,x
27482,C,1826,x
27483,C,1134,x
27486,D,1252,x
27487,D,1184,x
27489,C,1265,x
27492,A,1064,x
27496,A,1164,x
27499,D,1366,x
27500,A,1865,x
27501,C,1864,x
27503,D,1759,x
27504,B,1204,x
27507,D,1800,x
27508,A,1810,x
27511,C,1237,x
27513,B,1100,x
27515,A,1324,x
27516,D,1144,x
27519,D,1065,x
27520,A,1618,x
27523,D,1009,x
27525,A,1035,x
27527,B,1117,x
27530,D,1291,x
27531,C,1872,x
27532,A,1948,x
27534,D,1939,x
27536,A,1223,x
27538,B,1265,x
27539,B,1464,x
27540,B,1623,x
27541,C,1992,x
27543,B,1932,x
27546,C,1983,x
27547,D,1507,x
27548,C,1936,x
27552,B,1802,x
27555,A,1284,x
27557,C,1992,x
27560,A,1808,x
27561,B,1996,x
27562,C,1072,x
27563,D,1693,x
27566,A,1333,x
27567,B,1293,x
27571,B,1824,x
27573,B,1493,x
27574,C,1526,x
27575,A,1938,x
27581,C,1542,x
27584,A,1561,x
27586,C,1550,x
27588,A,1677,x
27589,D,1484,x
27590,C,1797,x
27592,B,1053,x
27594,A,1866,x
27595,A,1116,x
27598,C,1302,x
27599,C,1123,x
27601,B,1990,x
27604,A,1004,x
27606,C,1007,x
27609,A,1417,x
27610,A,1498,x
27612,A,1752,x
27614,A,1173,x
27615,A,1278,x
27618,B,1740,x
27619,D,1955,x
27620,D,1958,x
27621,A,1595,x
27625,C,1251,x
27627,D,1865,x
27628,C,1301,x
27629,D,1175,x
27630,D,1938,x
27631,C,1684,x
27633,C,1923,x
27634,D,1362,x
27637,C,1989,x
27641,C,1345,x
27642,D,1172,x
27643,B,1749,x
27645,B,1539,x
27646,C,1675,x
27647,A,1789,x
27649,C,1374,x
27652,B,1615,x
27653,C,1485,x
27658,B,1363,x
27659,D,1386,x
27664,A,1396,x
27665,B,1861,x
27670,D,1308,x
27671,B,1002,x
27673,D,1242,x
27675,A,1996,x
27677,A,1157,x
27678,D,1215,x
27681,C,1335,x
27682,D,1205,x
27683,C,1068,x
27686,D,1882,x
27687,B,1899,x
27688,A,1897,x
27689,B,1288,x
27691,D,1958,x
27693,B,1712,x
27695,C,1299,x
27701,B,1417,x
27705,C,1752,x
27706,B,1886,x
27707,B,1628,x
27708,C,1369,x
27709,B,1299,x
27710,A,1692,x
27712,C,1131,x
27713,D,1415,x
27714,D,1574,x
27716,C,1196,x
27717,D,1507,x
27719,D,1017,x
27723,A,1625,x
27724,A,1019,x
27727,C,1455,x
27729,C,1106,x
27736,B,1828,x
27738,D,1160,x
27739,B,1844,x
27740,D,1809,x
27743,C,1866,x
27745,B,1941,x
27746,C,1672,x
27749,C,1667,x
27750,B,1661,x
27754,D,1427,x
27755,A,1195,x
27759,B,1954,x
27761,C,1302,x
27762,C,1539,x
27764,C,1907,x
27765,C,1630,x
27768,B,1955,x
27770,A,1443,x
27772,B,1324,x
27776,B,1858,x
27778,C,1004,x
27779,B,1152,x
27781,D,1609,x
27782,D,1692,x
27784,C,1994,x
27785,C,1862,x
27787,D,1009,x
27791,C,1249,x
27792,A,1461,x
27793,A,1452,x
27795,C,1910,x
27796,A,1044,x
27798,C,1743,x
27799,C,1677,x
27800,D,1595,x
27802,C,1135,x
27806,C,1891,x
27807,C,1534,x
27808,D,1979,x
27810,B,1667,x
27812,D,1335,x
27813,D,1562,x
27816,D,1777,x
27818,C,1917,x
27819,B,1955,x
27822,D,1148,x
27823,C,1073,x
27825,B,1736,x
27826,C,1096,x
27827,D,1332,x
27829,D,1289,x
27830,B,1953,x
27834,A,1488,x
27837,A,1956,x
27839,A,1389,x
27841,C,1274,x
27842,A,1780,x
27843,D,1691,x
27844,A,1867,x
27846,A,1606,x
27847,C,1854,x
27850,B,1596,x
27851,C,1759,x
27854,A,1313,x
27855,D,1516,x
27857,B,1978,x
27859,C,1120,x
27863,C,1988,x
27865,C,1539,x
27867,B,1889,x
27868,A,1581,x
27869,D,1433,x
27870,C,1699,x
27873,D,1565,x
27875,B,1124,x
27879,A,1646,x
27882,D,1986,x
27884,A,1169,x
27887,B,1530,x
27888,D,1869,x
27891,D,1352,x
27895,D,1585,x
27896,B,1475,x
27898,B,1065,x
27906,C,1053,x
27908,C,1696,x
27909,D,1643,x
27911,D,1882,x
27915,C,1823,x
27917,C,1986,x
27918,B,1672,x
27922,B,1118,x
27924,C,1675,x
27927,D,1459,x
27931,C,1297,x
27934,C,1404,x
27936,C,1200,x
27937,C,1349,x
27938,C,1974,x
27939,A,1591,x
27940,D,1944,x
27942,A,1509,x
27944,A,1780,x
27946,C,1906,x
27947,B,1145,x
27948,C,1903,x
27949,A,1095,x
27950,B,1713,x
27951,C,1758,x
27952,D,1034,x
27953,A,1817,x
27955,D,1393,x
27958,A,1665,x
27960,B,1626,x
27961,A,1688,x
27963,B,1099,x
27964,C,1891,x
27965,D,1879,x
27967,A,1816,x
27968,C,1496,x
27969,C,1549,x
27970,A,1525,x
27971,D,1312,x
27972,A,1718,x
27973,A,1434,x
27974,B,1652,x
27975,D,1004,x
27976,C,1102,x
27977,D,1237,x
27979,C,1168,x
27981,D,1676,x
27983,D,1818,x
27987,B,1979,x
27989,C,1862,x
27990,D,1069,x
27992,C,1587,x
27993,A,1056,x
27994,B,1073,x
27996,B,1863,x
28002,D,1957,x
28007,B,1966,x
28008,C,1687,x
28009,D,1872,x
28010,D,1734,x
28012,A,1680,x
28013,A,1841,x
28014,C,1464,x
28015,A,1447,x
28016,B,1075,x
28021,C,1198,x
28023,C,1621,x
28024,C,1914,x
28027,A,1217,x
28028,C,1967,x
28030,B,1002,x
28031,C,1123,x
28032,C,1454,x
28034,B,1132,x
28036,D,1066,x
28037,A,1424,x
28039,D,1879,x
28043,D,1525,x
28044,B,1890,x
28046,A,1299,x
28047,D,1664,x
28048,B,1989,x
28049,A,1117,x
28050,B,1957,x
28054,B,1205,x
28059,D,1801,x
28060,B,1259,x
28061,C,1441,x
28062,A,1390,x
28063,C,1632,x
28065,D,1964,x
28067,B,1581,x
28069,A,1299,x
28071,C,1593,x
28073,D,1106,x
28077,A,1226,x
28078,C,1269,x
28081,A,1536,x
28083,D,1201,x
28084,D,1393,x
28085,B,1844,x
28091,C,1325,x
28093,D,1237,x
28094,D,1576,x
28096,A,1743,x
28097,D,1527,x
28098,B,1802,x
28099,C,1017,x
28100,A,1856,x
28101,C,1737,x
28102,B,1858,x
28103,D,1525,x
28104,B,1058,x
28105,D,1522,x
28106,A,1199,x
28107,B,1930,x
28108,D,1542,x
28110,A,1947,x
28113,A,1716,x
28115,C,1432,x
28118,C,1007,x
28120,C,1056,x
28122,A,1418,x
28124,D,1321,x
28125,A,1356,x
28126,B,1245,x
28127,D,1710,x
28129,B,1646,x
28130,B,1863,x
28132,B,1342,x
28136,B,1559,x
28137,C,1523,x
28140,A,1878,x
28141,D,1897,x
28145,C,1848,x
28152,C,1618,x
28153,A,1556,x
28154,B,1782,x
28155,A,1390,x
28156,A,1800,x
28157,C,1157,x
28158,D,1105,x
28159,C,1303,x
28160,D,1761,x
28162,D,1821,x
28163,D,1080,x
28165,B,1991,x
28166,B,1922,x
28167,C,1205,x
28169,C,1384,x
28171,A,1957,x
28174,C,1575,x
28179,D,1700,x
28180,A,1265,x
28183,C,1961,x
28184,B,1170,x
28187,C,1606,x
28188,A,1774,x
28191,C,1127,x
28192,D,1386,x
28193,C,1370,x
28194,D,1002,x
28196,D,1428,x
28197,D,1071,x
28200,B,1685,x
28202,C,1395,x
28204,D,1958,x
28206,C,1225,x
28207,C,1121,x
28208,B,1893,x
28209,D,1688,x
28211,C,1129,x
28214,B,1062,x
28218,B,1346,x
28219,B,1403,x
28220,B,1201,x
28221,A,1932,x
28222,C,1541,x
28223,A,1452,x
28224,D,1860,x
28225,A,1362,x
28226,D,1173,x
28230,B,1104,x
28232,B,1150,x
28233,D,1483,x
28234,D,1288,x
28236,D,1460,x
28239,B,1804,x
28240,A,1827,x
28242,C,1157,x
28243,A,1152,x
28244,B,1943,x
28247,D,1269,x
28249,A,1211,x
28250,C,1237,x
28251,D,1555,x
28254,C,1446,x
28255,C,1476,x
28258,C,1991,x
28260,C,1386,x
28263,C,1736,x
28264,B,1472,x
28266,B,1044,x
28268,C,1988,x
28270,D,1542,x
28274,C,1733,x
28277,A,1252,x
28278,D,1858,x
28279,C,1935,x
28280,B,1961,x
28283,B,1719,x
28284,C,1791,x
28285,D,1996,x
28286,B,1963,x
28287,D,1742,x
28293,C,1754,x
28294,C,1685,x
28298,A,1352,x
28301,A,1690,x
28302,C,1450,x
28305,C,1476,x
28306,C,1678,x
28309,B,1841,x
28310,A,1224,x
28311,A,1203,x
28312,D,1168,x
28313,D,1853,x
28316,D,1766,x
28317,A,1824,x
28323,A,1952,x
28324,A,1049,x
28325,C,1887,x
28327,D,1569,x
28328,A,1994,x
28340,A,1847,x
28342,C,1283,x
28343,D,1875,x
28344,B,1290,x
28345,B,1399,x
28346,D,1516,x
28352,B,1493,x
28354,D,1904,x
28355,D,1781,x
28356,C,1935,x
28359,D,1291,x
28362,C,1147,x
28371,B,1838,x
28374,A,1958,x
28375,C,1010,x
28377,A,1639,x
28380,A,1117,x
28385,C,1127,x
28388,D,1489,x
28389,A,1769,x
28391,C,1383,x
28392,B,1833,x
28394,B,1451,x
28397,C,1515,x
28398,C,1113,x
28399,B,1578,x
28403,D,1835,x
28405,C,1057,x
28406,D,1533,x
28407,A,1649,x
28408,D,1359,x
28409,A,1809,x
28414,C,1314,x
28417,D,1203,x
28418,B,1698,x
28420,B,1930,x
28423,A,1628,x
28424,D,1632,x
28426,D,1826,x
28428,B,1822,x
28430,C,1984,x
28432,A,1963,x
28433,A,1781,x
28436,A,1072,x
28438,D,1201,x
28439,A,1856,x
28441,A,1393,x
28442,B,1073,x
28444,D,1819,x
28445,C,1717,x
28446,C,1804,x
28447,D,1988,x
28448,D,1238,x
28450,D,1760,x
28451,D,1873,x
28457,D,1318,x
28460,D,1686,x
28461,A,1966,x
28462,C,1231,x
28463,C,1238,x
28472,B,1045,x
28473,B,1486,x
28476,C,1687,x
28477,A,1078,x
28478,D,1212,x
28479,D,1806,x
28480,A,1548,x
28481,D,1261,x
28482,B,1751,x
28484,D,1347,x
28489,C,1545,x
28491,A,1933,x
28492,B,1747,x
28495,C,1186,x
28497,B,1387,x
28501,D,1754,x
28504,D,1814,x
28511,A,1828,x
28515,D,1572,x
28516,A,1580,x
28518,D,1812,x
28519,D,1742,x
28521,C,1583,x
28522,B,1444,x
28528,C,1065,x
28529,B,1579,x
28532,C,1352,x
28533,B,1454,x
28535,A,1033,x
28537,A,1657,x
28540,A,1196,x
28541,A,1972,x
28544,B,1566,x
28545,A,1574,x
28548,A,1509,x
28549,B,1445,x
28551,C,1438,x
28555,A,1672,x
28557,C,1282,x
28559,C,1775,x
28560,A,1860,x
28561,C,1097,x
28562,A,1571,x
28563,D,1734,x
28568,A,1745,x
28569,C,1578,x
28571,D,1186,x
28575,B,1117,x
28576,A,1607,x
28577,D,1779,x
28578,C,1240,x
28581,A,1457,x
28582,B,1766,x
28583,B,1076,x
28584,D,1686,x
28587,A,1652,x
28589,B,1106,x
28590,B,1143,x
28591,D,1341,x
28593,B,1151,x
28594,C,1357,x
28599,C,1510,x
28601,B,1086,x
28605,B,1194,x
28606,B,1187,x
28609,C,1663,x
28610,D,1730,x
28611,D,1766,x
28613,A,1097,x
28617,D,1634,x
28618,D,1813,x
28619,D,1223,x
28624,B,1256,x
28626,D,1442,x
28628,D,1032,x
28630,B,1966,x
28632,A,1537,x
28633,D,1207,x
28634,A,1946,x
28637,D,1676,x
28639,A,1523,x
28640,D,1759,x
28641,D,1567,x
28642,D,1892,x
28645,B,1147,x
28646,C,1741,x
28647,B,1373,x
28648,D,1559,x
28649,C,1645,x
28652,D,1580,x
28653,C,1616,x
28654,C,1796,x
28655,B,1809,x
28656,A,1290,x
28659,C,1824,x
28661,A,1685,x
28662,A,1563,x
28667,D,1832,x
28669,D,1184,x
28670,B,1387,x
28672,A,1716,x
28674,D,1029,x
28675,D,1965,x
28678,D,1009,x
28684,B,1800,x
28686,B,1497,x
28688,D,1038,x
28689,B,1665,x
28692,D,1949,x
28697,B,1702,x
28699,C,1039,x
28704,D,1754,x
28705,A,1902,x
28706,B,1939,x
28707,A,1214,x
28709,B,1503,x
28711,D,1048,x
28712,A,1594,x
28715,D,1908,x
28716,A,1188,x
28719,B,1809,x
28722,B,1894,x
28725,C,1145,x
28730,C,1966,x
28733,B,1463,x
28736,D,1245,x
28737,D,1462,x
28738,D,1124,x
28739,C,1104,x
28740,C,1688,x
28741,D,1391,x
28742,D,1056,x
28743,D,1905,x
28745,C,1714,x
28746,C,1156,x
28748,C,1383,x
28751,C,1318,x
28753,A,1626,x
28754,B,1347,x
28756,B,1054,x
28757,B,1271,x
28758,B,1128,x
28761,B,1885,x
28763,B,1331,x
28764,D,1991,x
28766,B,1966,x
28769,B,1628,x
28770,D,1319,x
28771,B,1514,x
28772,B,1120,x
28774,A,1711,x
28777,A,1171,x
28778,C,1904,x
28780,A,1228,x
28783,B,1895,x
28785,B,1144,x
28786,D,1807,x
28787,C,1034,x
28788,D,1718,x
28789,D,1060,x
28790,D,1715,x
28791,D,1894,x
28792,D,1821,x
28795,D,1643,x
28796,D,1257,x
28797,A,1258,x
28798,D,1042,x
28802,B,1596,x
28805,C,1396,x
28807,C,1936,x
28809,D,1564,x
28810,B,1512,x
28814,A,1602,x
28817,B,1814,x
28818,A,1922,x
28821,A,1555,x
28823,A,1384,x
28824,C,1442,x
28825,A,1136,x
28826,D,1197,x
28828,A,1527,x
28832,A,1702,x
28834,B,1176,x
28836,B,1299,x
28837,B,1376,x
28839,A,1925,x
28844,B,1031,x
28847,A,1078,x
28848,C,1019,x
28849,D,1954,x
28850,B,1135,x
28852,A,1742,x
28856,A,1072,x
28859,A,1428,x
28860,D,1330,x
28861,B,1335,x
28863,A,1625,x
28864,D,1640,x
28866,D,1006,x
28868,C,1455,x
28870,A,1059,x
28871,C,1812,x
28872,C,1247,x
28874,D,1859,x
28876,D,1191,x
28881,C,1235,x
28882,C,1977,x
28883,C,1677,x
28884,C,1839,x
28886,C,1261,x
28894,D,1149,x
28897,B,1804,x
28898,C,1626,x
28899,B,1507,x
28901,C,1244,x
28904,B,1013,x
28905,D,1289,x
28907,A,1561,x
28909,B,1174,x
28911,C,1917,x
28912,D,1963,x
28916,D,1375,x
28917,B,1986,x
28918,C,1632,x
28919,B,1242,x
28920,B,1472,x
28922,A,1103,x
28923,A,1013,x
28924,A,1818,x
28925,A,1874,x
28927,C,1871,x
28928,D,1011,x
28929,A,1501,x
28930,A,1853,x
28934,D,1074,x
28935,A,1636,x
28936,D,1611,x
28940,A,1720,x
28942,B,1068,x
28944,B,1678,x
28946,B,1475,x
28948,B,1881,x
28949,A,1215,x
28950,D,1064,x
28952,C,1333,x
28953,C,1461,x
28954,B,1279,x
28958,D,1506,x
28961,C,1079,x
28962,B,1384,x
28963,A,1451,x
28964,A,1214,x
28966,D,1184,x
28967,A,1927,x
28972,B,1748,x
28976,A,1775,x
28978,D,1336,x
28981,B,1728,x
28982,A,1271,x
28983,B,1816,x
28984,D,1489,x
28985,A,1576,x
28986,A,1330,x
28988,D,1628,x
28990,B,1256,x
28991,A,1450,x
28993,B,1239,x
28995,B,1208,x
28997,B,1496,x
28998,A,1781,x
29000,B,1907,x
29009,D,1912,x
29010,D,1873,x
29013,C,1817,x
29014,A,1876,x
29015,C,1700,x
29020,D,1896,x
29022,A,1568,x
29023,C,1812,x
29027,D,1616,x
29029,C,1432,x
29034,B,1125,x
29035,B,1028,x
29039,C,1901,x
29041,A,1284,x
29042,D,1794,x
29043,B,1079,x
29049,C,1725,x
29051,D,1728,x
29052,D,1592,x
29056,A,1445,x
29057,C,1183,x
29058,D,1065,x
29059,D,1462,x
29060,D,1914,x
29061,A,1294,x
29063,C,1953,x
29067,D,1461,x
29068,B,1140,x
29069,A,1442,x
29071,A,1287,x
29072,A,1381,x
29073,A,1661,x
29075,D,1566,x
29078,A,1177,x
29080,A,1058,x
29081,C,1518,x
29082,A,1529,x
29083,D,1236,x
29087,B,1237,x
29088,C,1426,x
29089,D,1476,x
29090,D,1066,x
29091,C,1462,x
29093,A,1591,x
29094,B,1624,x
29098,D,1867,x
29099,C,1829,x
29100,D,1090,x
29101,B,1389,x
29102,C,1846,x
29104,C,1330,x
29106,C,1550,x
29107,C,1604,x
29108,D,1364,x
29113,C,1551,x
29115,C,1260,x
29119,D,1815,x
29120,C,1298,x
29122,C,1502,x
29125,D,1039,x
29129,C,1696,x
29132,A,1494,x
29135,C,1785,x
29137,A,1320,x
29139,C,1222,x
29140,A,1287,x
29143,B,1880,x
29144,C,1602,x
29145,D,1277,x
29146,D,1112,x
29148,C,1166,x
29153,A,1007,x
29154,B,1349,x
29161,A,1441,x
29163,A,1453,x
29166,A,1409,x
29167,C,1511,x
29169,B,1508,x
29170,D,1096,x
29171,D,1497,x
29174,C,1861,x
29177,A,1382,x
29178,C,1640,x
29179,A,1102,x
29181,C,1880,x
29185,A,1720,x
29186,D,1525,x
29188,A,1319,x
29189,C,1637,x
29190,A,1421,x
29191,B,1658,x
29193,A,1310,x
29194,B,1036,x
29195,C,1259,x
29198,B,1447,x
29199,B,1425,x
29202,B,1857,x
29203,B,1155,x
29204,B,1122,x
29205,D,1161,x
29206,A,1455,x
29207,D,1754,x
29208,D,1741,x
29209,B,1911,x
29210,B,1983,x
29211,D,1835,x
29214,D,1425,x
29217,C,1741,x
29218,C,1312,x
29219,B,1367,x
29220,C,1783,x
29221,C,1180,x
29222,C,1676,x
29226,A,1804,x
29227,A,1722,x
29228,A,1813,x
29230,D,1834,x
29234,C,1627,x
29235,D,1885,x
29237,B,1950,x
29238,A,1929,x
29240,B,1868,x
29241,D,1120,x
29243,C,1784,x
29244,C,1699,x
29246,B,1975,x
29247,D,1190,x
29248,C,1619,x
29250,B,1248,x
29251,C,1118,x
29253,D,1579,x
29255,C,1721,x
29258,C,1547,x
29259,B,1477,x
29262,D,1585,x
29266,A,1876,x
29267,D,1062,x
29271,C,1413,x
29277,A,1330,x
29278,D,1656,x
29281,C,1534,x
29282,D,1440,x
29283,A,1978,x
29284,B,1280,x
29285,D,1588,x
29287,A,1536,x
29289,D,1818,x
29293,A,1708,x
29296,D,1520,x
29298,D,1291,x
29301,B,1646,x
29302,B,1068,x
29304,C,1316,x
29305,D,1177,x
29306,B,1434,x
29307,C,1455,x
29311,C,1705,x
29312,C,1075,x
29314,C,1647,x
29317,A,1590,x
29319,B,1427,x
29321,C,1381,x
29322,C,1804,x
29324,C,1614,x
29325,B,1414,x
29326,A,1199,x
29327,C,1637,x
29328,D,1118,x
29329,C,1016,x
29337,A,1370,x
29338,B,1667,x
29339,B,1066,x
29342,C,1465,x
29343,A,1514,x
29344,A,1412,x
29345,B,1441,x
29347,A,1701,x
29348,C,1226,x
29350,D,1692,x
29352,A,1469,x
29353,D,1960,x
29354,A,1247,x
29356,D,1023,x
29357,D,1318,x
29362,B,1568,x
29365,B,1101,x
29366,D,1643,x
29369,C,1444,x
29370,A,1774,x
29373,C,1830,x
29375,D,1340,x
29376,A,1363,x
29378,B,1175,x
29382,B,1535,x
29383,C,1601,x
29385,A,1543,x
29387,B,1057,x
29389,C,1308,x
29390,A,1639,x
29391,D,1811,x
29394,C,1417,x
29395,A,1336,x
29399,C,1167,x
29401,C,1920,x
29402,A,1171,x
29404,D,1967,x
29405,C,1321,x
29406,A,1857,x
29407,D,1964,x
29408,A,1651,x
29409,A,1175,x
29410,B,1924,x
29413,A,1599,x
29418,D,1111,x
29419,A,1930,x
29424,C,1955,x
29430,C,1192,x
29433,A,1826,x
29435,A,1536,x
29436,B,1836,x
29437,B,1062,x
29439,A,1826,x
29441,B,1685,x
29443,C,1041,x
29444,D,1421,x
29445,D,1669,x
29447,A,1753,x
29448,D,1800,x
29449,B,1149,x
29450,D,1491,x
29451,B,1396,x
29452,C,1209,x
29453,D,1296,x
29455,D,1800,x
29456,A,1038,x
29458,B,1894,x
29460,A,1088,x
29461,C,1009,x
29462,A,1433,x
29464,A,1472,x
29465,D,1350,x
29466,D,1628,x
29468,A,1107,x
29469,D,1146,x
29471,A,1420,x
29472,D,1743,x
29473,B,1787,x
29474,D,1616,x
29476,A,1165,x
29477,A,1205,x
29478,B,1909,x
29479,D,1872,x
29480,C,1221,x
29481,A,1035,x
29482,A,1445,x
29485,A,1788,x
29486,A,1189,x
29487,B,1271,x
29488,C,1344,x
29489,B,1769,x
29490,C,1976,x
29492,A,1963,x
29495,B,1746,x
29498,C,1092,x
29499,D,1956,x
29502,C,1763,x
29504,D,1618,x
29506,A,1036,x
29507,C,1072,x
29510,B,1253,x
29512,B,1450,x
29513,D,1509,x
29514,C,1597,x
29516,A,1563,x
29518,C,1332,x
29522,A,1355,x
29526,C,1654,x
29527,C,1400,x
29528,D,1396,x
29530,C,1583,x
29532,B,1755,x
29534,D,1291,x
29536,D,1157,x
29539,A,1212,x
29541,A,1987,x
29542,A,1747,x
29543,D,1650,x
29544,A,1731,x
29545,D,1119,x
29547,D,1385,x
29549,A,1957,x
29550,B,1878,x
29551,A,1352,x
29554,B,1325,x
29555,B,1571,x
29556,A,1980,x
29558,A,1536,x
29559,D,1114,x
29561,B,1765,x
29562,B,1398,x
29563,C,1017,x
29565,A,1683,x
29567,C,1403,x
29572,B,1726,x
29574,B,1361,x
29575,A,1101,x
29576,B,1588,x
29578,A,1366,x
29579,D,1754,x
29582,C,1731,x
29583,A,1125,x
29585,A,1917,x
29592,D,1022,x
29593,B,1971,x
29594,D,1281,x
29595,B,1503,x
29600,B,1080,x
29602,D,1072,x
29603,C,1063,x
29604,D,1142,x
29607,B,1315,x
29608,A,1132,x
29609,D,1496,x
29610,D,1262,x
29611,A,1827,x
29614,A,1860,x
29615,B,1459,x
29616,A,1492,x
29617,B,1803,x
29619,D,1581,x
29622,C,1278,x
29630,B,1331,x
29631,D,1023,x
29632,A,1723,x
29634,C,1039,x
29642,B,1214,x
29644,B,1770,x
29647,D,1859,x
29649,B,1499,x
29652,A,1340,x
29653,A,1188,x
29656,C,1010,x
29659,B,1997,x
29663,A,1428,x
29668,C,1552,x
29673,D,1258,x
29674,D,1802,x
29677,C,1485,x
29678,A,1871,x
29679,B,1211,x
29681,D,1596,x
29682,A,1439,x
29685,B,1462,x
29687,B,1539,x
29689,B,1606,x
29691,C,1037,x
29692,A,1111,x
29694,D,1677,x
29695,A,1306,x
29696,B,1545,x
29703,B,1089,x
29704,C,1501,x
29705,D,1430,x
29707,C,1907,x
29708,C,1408,x
29711,C,1556,x
29713,A,1451,x
29714,C,1513,x
29715,B,1407,x
29717,C,1747,x
29718,D,1525,x
29721,B,1995,x
29722,C,1781,x
29723,B,1178,x
29725,D,1192,x
29728,A,1530,x
29730,A,1726,x
29732,B,1626,x
29734,C,1854,x
29735,B,1839,x
29736,D,1039,x
29737,A,1457,x
29738,D,1099,x
29739,B,1950,x
29740,C,1543,x
29741,A,1145,x
29743,C,1221,x
29749,C,1196,x
29752,B,1167,x
29753,C,1455,x
29756,C,1866,x
29757,A,1023,x
29758,B,1490,x
29760,A,1421,x
29761,C,1250,x
29764,A,1559,x
29765,A,1209,x
29767,A,1568,x
29770,B,1772,x
29771,D,1862,x
29772,B,1419,x
29773,C,1305,x
29774,A,1902,x
29775,C,1283,x
29776,D,1906,x
29778,A,1825,x
29779,D,1912,x
29780,C,1063,x
29781,C,1608,x
29782,A,1260,x
29789,B,1220,x
29791,A,1414,x
29798,D,1654,x
29800,B,1481,x
29801,D,1685,x
29803,D,1035,x
29805,D,1268,x
29806,C,1873,x
29807,A,1022,x
29808,B,1532,x
29811,A,1497,x
29812,D,1368,x
29815,A,1720,x
29816,A,1656,x
29819,D,1270,x
29820,B,1134,x
29821,A,1949,x
29822,C,1556,x
29823,D,1122,x
29824,C,1337,x
29825,A,1186,x
29827,B,1697,x
29829,B,1722,x
29831,B,1827,x
29832,A,1554,x
29833,A,1953,x
29834,C,1308,x
29835,D,1651,x
29836,D,1143,x
29838,C,1145,x
29840,D,1278,x
29841,C,1765,x
29842,A,1525,x
29843,A,1165,x
29844,D,1452,x
29845,B,1559,x
29849,D,1369,x
29850,C,1919,x
29851,D,1544,x
29854,B,1821,x
29859,A,1872,x
29862,A,1623,x
29863,A,1196,x
29864,A,1859,x
29865,A,1264,x
29866,A,1036,x
29867,A,1265,x
29868,B,1216,x
29869,C,1242,x
29872,D,1996,x
29873,B,1967,x
29880,A,1353,x
29881,B,1248,x
29882,B,1543,x
29883,D,1903,x
29884,B,1119,x
29885,D,1575,x
29886,D,1963,x
29888,A,1992,x
29889,B,1115,x
29890,B,1535,x
29891,B,1421,x
29892,B,1419,x
29894,B,1602,x
29895,D,1865,x
29896,A,1053,x
29899,A,1795,x
29900,B,1105,x
29903,D,1239,x
29905,B,1876,x
29908,C,1228,x
29909,B,1569,x
29910,D,1999,x
29912,B,1157,x
29913,B,1359,x
29914,B,1600,x
29915,C,1924,x
29917,D,1253,x
29918,C,1969,x
29919,D,1666,x
29921,C,1683,x
29923,B,1229,x
29924,D,1416,x
29925,D,1432,x
29926,C,1566,x
29928,B,1330,x
29929,C,1434,x
29930,C,1844,x
29933,C,1687,x
29935,B,1140,x
29937,C,1029,x
29942,C,1787,x
29945,B,1147,x
29946,A,1037,x
29951,A,1375,x
29952,C,1639,x
29953,B,1452,x
29954,D,1313,x
29955,A,1491,x
29957,A,1883,x
29958,A,1468,x
29959,B,1991,x
29960,B,1341,x
29961,A,1322,x
29962,A,1562,x
29963,A,1894,x
29964,A,1966,x
29965,C,1108,x
29969,C,1212,x
29974,A,1673,x
29979,C,1179,x
29983,C,1169,x
29984,C,1568,x
29985,C,1057,x
29986,C,1831,x
29987,B,1211,x
29988,C,1712,x
29991,D,1014,x
29992,A,1356,x
29994,A,1207,x
29995,B,1970,x
29996,D,1697,x
29997,D,1407,x
29999,B,1966,x
30004,A,1566,x
30006,A,1611,x
30008,B,1530,x
30012,A,1001,x
30013,D,1683,x
30015,C,1217,x
30016,C,1007,x
30017,C,1717,x
30018,C,1710,x
30021,A,1425,x
30022,A,1846,x
30023,C,1561,x
30024,D,1091,x
30025,D,1585,x
30026,B,1720,x
30027,C,1679,x
30029,A,1755,x
30030,D,1715,x
30033,C,1816,x
30034,B,1698,x
30040,C,1757,x
30041,D,1833,x
30045,C,1183,x
30051,D,1362,x
30054,C,1554,x
30059,A,1400,x
30062,B,1999,x
30063,A,1280,x
30065,C,1736,x
30067,C,1440,x
30068,A,1473,x
30069,C,1903,x
30072,A,1717,x
30075,B,1936,x
30076,A,1992,x
30077,C,1397,x
30082,A,1599,x
30084,C,1227,x
30085,A,1633,x
30088,A,1199,x
30094,B,1674,x
30096,B,1312,x
30098,C,1316,x
30099,D,1918,x
30102,C,1124,x
30103,C,1814,x
30105,D,1775,x
30106,A,1366,x
30107,A,1786,x
30109,C,1851,x
30118,C,1182,x
30119,A,1820,x
30122,B,1501,x
30125,D,1412,x
30126,B,1924,x
30127,C,1482,x
30129,D,1354,x
30130,C,1973,x
30131,D,1593,x
30133,B,1258,x
30135,D,1709,x
30139,B,1886,x
30140,A,1755,x
30141,A,1203,x
30142,A,1036,x
30145,D,1263,x
30146,B,1841,x
30150,C,1462,x
30151,D,1432,x
30152,D,1022,x
30153,D,1881,x
30155,D,1125,x
30158,D,1662,x
30160,A,1540,x
30161,B,1853,x
30162,C,1323,x
30163,B,1340,x
30164,C,1260,x
30165,C,1630,x
30166,C,1700,x
30168,A,1196,x
30170,B,1703,x
30174,A,1696,x
30175,D,1580,x
30176,C,1613,x
30177,D,1472,x
30179,B,1729,x
30181,D,1108,x
30184,C,1093,x
30185,C,1347,x
30187,D,1648,x
30188,A,1609,x
30192,B,1365,x
30193,B,1011,x
30195,D,1087,x
30196,A,1339,x
30197,A,1369,x
30201,C,1626,x
30203,B,1143,x
30206,A,1092,x
30207,D,1639,x
30209,B,1884,x
30211,A,1022,x
30213,D,1061,x
30214,A,1320,x
30215,D,1003,x
30216,A,1152,x
30217,C,1448,x
30218,A,1739,x
30219,D,1443,x
30220,A,1837,x
30221,B,1509,x
30222,C,1591,x
30224,D,1507,x
30227,C,1163,x
30228,B,1570,x
30230,A,1304,x
30237,D,1573,x
30238,B,1891,x
30240,C,1843,x
30241,B,1553,x
30242,C,1692,x
30245,B,1992,x
30248,B,1151,x
30250,C,1808,x
30255,D,1641,x
30256,D,1542,x
30258,C,1890,x
30260,D,1795,x
30262,B,1754,x
30263,D,1571,x
30265,C,1884,x
30266,C,1800,x
30268,A,1953,x
30269,D,1994,x
30273,D,1693,x
30274,B,1737,x
30275,C,1805,x
30276,D,1449,x
30279,A,1796,x
30286,C,1161,x
30289,D,1333,x
30290,D,1812,x
30292,D,1925,x
30293,B,1276,x
30294,C,1384,x
30295,C,1077,x
30296,B,1729,x
30297,B,1131,x
30300,C,1196,x
30301,A,1002,x
30302,C,1161,x
30306,D,1899,x
30308,C,1174,x
30310,D,1498,x
30315,D,1561,x
30316,D,1366,x
30318,A,1760,x
30319,D,1956,x
30322,C,1752,x
30326,A,1685,x
30328,D,1142,x
30333,D,1067,x
30335,A,1800,x
30336,B,1995,x
30338,A,1443,x
30339,D,1959,x
30340,B,1064,x
30342,C,1930,x
30343,C,1135,x
30350,B,1973,x
30352,A,1421,x
30355,D,1802,x
30356,D,1494,x
30359,C,1803,x
30362,C,1188,x
30365,D,1114,x
30367,C,1705,x
30369,D,1692,x
30370,C,1574,x
30371,D,1708,x
30372,D,1227,x
30374,A,1392,x
30377,B,1044,x
30378,A,1774,x
30379,C,1819,x
30381,C,1765,x
30383,D,1474,x
30388,B,1416,x
30389,B,1510,x
30390,D,1078,x
30391,B,1744,x
30394,A,1124,x
30395,D,1725,x
30398,B,1931,x
30399,B,1112,x
30402,C,1613,x
30403,B,1717,x
30404,C,1442,x
30407,A,1342,x
30409,D,1236,x
30410,D,1573,x
30412,C,1458,x
30420,C,1381,x
30422,A,1618,x
30425,D,1308,x
30427,A,1625,x
30428,C,1820,x
30429,C,1232,x
30430,D,1832,x
30435,D,1659,x
30437,B,1183,x
30441,B,1906,x
30442,D,1954,x
30444,A,1661,x
30446,C,1318,x
30448,B,1263,x
30453,B,1665,x
30455,B,1975,x
30456,D,1011,x
30457,D,1395,x
30458,B,1448,x
30462,D,1589,x
30463,D,1630,x
30465,C,1205,x
30468,B,1793,x
30470,D,1690,x
30472,D,1638,x
30474,D,1568,x
30475,C,1834,x
30476,D,1169,x
30477,B,1644,x
30478,B,1675,x
30482,D,1681,x
30483,D,1304,x
30484,A,1641,x
30486,C,1942,x
30487,C,1821,x
30488,B,1368,x
30489,A,1202,x
30490,B,1980,x
30492,C,1258,x
30493,B,1856,x
30495,B,1477,x
30496,B,1928,x
30497,D,1599,x
30502,A,1281,x
30504,A,1790,x
30505,A,1396,x
30508,C,1253,x
30510,B,1853,x
30512,D,1511,x
30518,B,1802,x
30519,C,1702,x
30526,D,1691,x
30538,C,1452,x
30539,C,1208,x
30540,A,1917,x
30541,C,1800,x
30543,C,1069,x
30546,C,1576,x
30547,C,1996,x
30549,B,1222,x
30550,C,1205,x
30551,D,1435,x
30552,D,1726,x
30554,D,1232,x
30556,A,1847,x
30557,B,1995,x
30559,B,1793,x
30566,C,1996,x
30571,B,1001,x
30573,B,1449,x
30575,A,1284,x
30581,A,1894,x
30582,A,1451,x
30586,A,1326,x
30587,A,1886,x
30590,C,1395,x
30593,C,1848,x
30594,A,1556,x
30597,B,1565,x
30598,D,1247,x
30600,B,1501,x
30601,B,1983,x
30602,C,1355,x
30603,C,1198,x
30606,C,1429,x
30608,A,1888,x
30610,A,1733,x
30614,D,1697,x
30615,C,1451,x
30616,B,1302,x
30617,C,1834,x
30619,A,1841,x
30620,A,1142,x
30621,C,1382,x
30622,A,1134,x
30626,A,1227,x
30627,A,1059,x
30629,A,1821,x
30631,B,1322,x
30632,B,1725,x
30635,A,1165,x
30636,A,1966,x
30637,A,1668,x
30639,B,1797,x
30640,A,1869,x
30641,B,1638,x
30642,A,1463,x
30643,A,1865,x
30645,A,1642,x
30647,B,1519,x
30648,B,1711,x
30653,C,1547,x
30654,D,1356,x
30656,D,1173,x
30657,C,1290,x
30658,C,1664,x
30662,B,1143,x
30663,A,1920,x
30664,B,1108,x
30665,D,1691,x
30666,A,1622,x
30668,D,1978,x
30669,D,1144,x
30670,C,1538,x
30671,A,1798,x
30675,C,1133,x
30676,A,1754,x
30678,C,1031,x
30679,A,1660,x
30680,C,1990,x
30681,B,1085,x
30685,B,1149,x
30686,B,1732,x
30687,C,1378,x
30689,A,1052,x
30690,D,1027,x
30691,C,1905,x
30693,C,1877,x
30696,B,1353,x
30697,A,1568,x
30698,B,1373,x
30699,C,1812,x
30703,D,1391,x
30705,C,1823,x
30706,C,1845,x
30708,A,1879,x
30710,D,1945,x
30711,B,1549,x
30716,B,1802,x
30719,B,1202,x
30720,C,1449,x
30721,D,1257,x
30722,B,1795,x
30724,B,1392,x
30725,D,1626,x
30726,A,1736,x
30735,A,1820,x
30736,D,1843,x
30744,C,1008,x
30746,D,1746,x
30747,B,1119,x
30748,C,1150,x
30749,A,1284,x
30750,B,1002,x
30751,A,1910,x
30753,B,1500,x
30760,C,1289,x
30761,D,1953,x
30763,A,1629,x
30764,B,1064,x
30765,C,1608,x
30767,C,1238,x
30769,C,1197,x
30771,D,1072,x
30772,C,1702,x
30773,A,1336,x
30775,B,1577,x
30776,B,1642,x
30777,C,1204,x
30778,B,1267,x
30779,C,1841,x
30781,A,1128,x
30782,C,1930,x
30785,C,1265,x
30786,D,1186,x
30788,B,1123,x
30790,B,1191,x
30792,B,1310,x
30793,B,1721,x
30794,B,1357,x
30795,D,1872,x
30804,B,1365,x
30806,A,1182,x
30807,D,1416,x
30810,B,1050,x
30812,D,1819,x
30813,B,1179,x
30814,C,1123,x
30815,A,1796,x
30816,B,1644,x
30819,C,1735,x
30820,B,1707,x
30821,A,1053,x
30822,C,1775,x
30823,B,1069,x
30825,B,1079,x
30826,A,1161,x
30827,B,1316,x
30828,B,1091,x
30829,A,1153,x
30830,A,1832,x
30832,A,1431,x
30833,C,1893,x
30838,C,1893,x
30841,A,1281,x
30844,A,1155,x
30846,A,1028,x
30850,A,1751,x
30854,C,1528,x
30860,D,1580,x
30864,C,1293,x
30865,A,1148,x
30866,B,1599,x
30869,D,1550,x
30876,A,1592,x
30877,B,1279,x
30878,D,1616,x
30881,A,1547,x
30883,D,1128,x
30884,D,1270,x
30885,C,1438,x
30886,A,1192,x
30887,D,1660,x
30888,C,1961,x
30891,C,1314,x
30892,C,1925,x
30893,D,1004,x
30895,C,1728,x
30898,A,1247,x
30900,B,1065,x
30901,D,1135,x
30902,B,1001,x
30906,B,1569,x
30909,A,1437,x
30910,B,1895,x
30912,A,1359,x
30914,A,1084,x
30915,D,1484,x
30916,C,1966,x
30918,B,1841,x
30919,D,1797,x
30925,D,1520,x
30927,D,1169,x
30929,A,1696,x
30930,D,1599,x
30935,D,1657,x
30937,C,1034,x
30939,D,1345,x
30941,C,1588,x
30942,D,1467,x
30944,B,1937,x
30945,D,1328,x
30948,C,1435,x
30949,C,1029,x
30950,D,1795,x
30951,A,1699,x
30952,C,1636,x
30953,B,1305,x
30954,D,1403,x
30956,A,1789,x
30958,D,1644,x
30959,A,1829,x
30963,B,1201,x
30965,C,1789,x
30966,D,1361,x
30967,D,1394,x
30969,B,1339,x
30970,B,1776,x
30971,C,1542,x
30975,C,1728,x
30978,D,1843,x
30979,B,1390,x
30982,B,1287,x
30983,D,1527,x
30985,C,1778,x
30986,D,1290,x
30992,C,1979,x
30993,C,1755,x
30995,D,1427,x
30996,A,1594,x
30997,A,1492,x
30998,A,1844,x
30999,A,1249,x
31000,D,1961,x
31004,D,1126,x
31005,B,1946,x
31006,D,1355,x
31008,A,1534,x
31011,B,1603,x
31013,B,1356,x
31014,D,1216,x
31016,C,1690,x
31019,A,1146,x
31020,A,1515,x
31021,B,1553,x
31022,B,1276,x
31025,C,1714,x
31026,D,1479,x
31027,C,1442,x
31029,D,1136,x
31030,B,1677,x
31033,B,1234,x
31034,C,1207,x
31035,C,1840,x
31036,B,1913,x
31037,C,1967,x
31039,B,1455,x
31040,B,1370,x
31041,D,1340,x
31042,C,1460,x
31043,D,1789,x
31044,C,1579,x
31045,D,1193,x
31047,A,1779,x
31050,B,1751,x
31051,C,1396,x
31052,C,1279,x
31053,D,1957,x
31056,C,1400,x
31067,A,1542,x
31070,C,1399,x
31072,B,1196,x
31073,D,1349,x
31074,D,1363,x
31075,A,1262,x
31076,A,1440,x
31079,B,1927,x
31081,D,1889,x
31082,C,1322,x
31084,D,1023,x
31086,C,1500,x
31087,D,1984,x
31088,D,1315,x
31089,B,1510,x
31091,C,1303,x
31095,C,1598,x
31099,B,1166,x
31103,D,1981,x
31104,C,1243,x
31107,C,1657,x
31108,C,1455,x
31109,B,1525,x
31110,C,1486,x
31111,D,1953,x
31112,C,1939,x
31114,C,1643,x
31115,C,1508,x
31116,A,1732,x
31117,D,1560,x
31119,A,1628,x
31120,B,1480,x
31121,C,1086,x
31123,C,1040,x
31124,D,1486,x
31126,A,1136,x
31127,C,1135,x
31128,C,1306,x
31134,A,1529,x
31135,C,1464,x
31138,B,1012,x
31139,B,1022,x
31142,A,1549,x
31145,C,1847,x
31149,A,1035,x
31151,B,1222,x
31155,B,1091,x
31156,D,1258,x
31157,C,1619,x
31160,D,1183,x
31161,A,1304,x
31163,A,1519,x
31164,B,1912,x
31165,D,1050,x
31166,D,1371,x
31167,B,1552,x
31168,D,1595,x
31169,B,1142,x
31170,B,1466,x
31172,B,1362,x
31177,C,1862,x
31178,D,1837,x
31179,B,1880,x
31181,A,1608,x
31183,A,1629,x
31189,D,1920,x
31192,D,1007,x
31193,A,1837,x
31196,B,1974,x
31197,D,1005,x
31198,D,1770,x
31202,C,1595,x
31204,A,1945,x
31206,D,1058,x
31207,A,1673,x
31210,C,1051,x
31212,C,1143,x
31213,C,1101,x
31216,B,1192,x
31217,D,1134,x
31220,B,1800,x
31221,B,1152,x
31222,B,1714,x
31228,B,1858,x
31231,D,1113,x
31232,B,1664,x
31236,B,1257,x
31237,B,1200,x
31240,C,1349,x
31243,A,1104,x
31246,B,1312,x
31247,B,1813,x
31248,D,1552,x
31249,C,1861,x
31258,C,1063,x
31261,D,1713,x
31263,A,1554,x
31264,D,1333,x
31266,B,1626,x
31267,D,1454,x
31272,D,1942,x
31275,B,1762,x
31277,D,1987,x
31279,C,1411,x
31284,C,1011,x
31285,B,1565,x
31286,A,1704,x
31287,C,1479,x
31289,C,1750,x
31292,B,1206,x
31293,C,1327,x
31298,A,1059,x
31300,A,1894,x
31302,D,1845,x
31304,A,1464,x
31306,D,1410,x
31307,C,1168,x
31308,D,1055,x
31312,C,1245,x
31313,B,1045,x
31314,D,1786,x
31315,B,1882,x
31318,D,1187,x
31319,C,1054,x
31321,A,1872,x
31324,D,1836,x
31327,B,1496,x
31329,B,1730,x
31330,B,1810,x
31332,D,1920,x
31333,A,1277,x
31334,D,1500,x
31335,A,1608,x
31337,A,1351,x
31338,C,1338,x
31340,C,1371,x
31341,B,1217,x
31343,A,1493,x
31346,A,1251,x
31348,D,1005,x
31349,B,1639,x
31350,A,1442,x
31352,A,1816,x
31353,C,1167,x
31354,A,1431,x
31355,A,1688,x
31357,B,1878,x
31359,C,1921,x
31361,B,1653,x
31363,C,1612,x
31364,C,1882,x
31366,C,1290,x
31367,C,1257,x
31370,D,1508,x
31372,B,1390,x
31374,B,1899,x
31375,A,1712,x
31378,D,1097,x
31381,A,1113,x
31382,D,1756,x
31383,D,1122,x
31384,D,1077,x
31386,B,1217,x
31388,C,1730,x
31389,D,1740,x
31390,B,1901,x
31392,B,1570,x
31393,B,1150,x
31394,A,1837,x
31395,D,1856,x
31396,D,1854,x
31397,A,1965,x
31398,D,1249,x
31402,D,1694,x
31405,B,1981,x
31408,A,1740,x
31409,A,1209,x
31411,B,1299,x
31415,B,1927,x
31417,D,1344,x
31421,C,1796,x
31423,D,1117,x
31424,D,1563,x
31425,D,1255,x
31426,D,1191,x
31427,A,1507,x
31430,B,1026,x
31431,D,1474,x
31433,D,1159,x
31434,C,1128,x
31435,D,1978,x
31439,A,1689,x
31440,B,1949,x
31441,A,1664,x
31442,A,1468,x
31444,D,1617,x
31445,D,1752,x
31446,B,1955,x
31447,A,1744,x
31450,A,1423,x
31452,B,1651,x
31453,D,1934,x
31457,D,1136,x
31458,D,1171,x
31459,D,1360,x
31461,B,1664,x
31462,D,1343,x
31464,C,1490,x
31468,B,1877,x
31472,A,1568,x
31477,C,1401,x
31478,C,1777,x
31479,D,1777,x
31480,A,1086,x
31482,C,1474,x
31483,B,1645,x
31485,D,1835,x
31486,D,1012,x
31487,D,1729,x
31488,B,1130,x
31489,D,1092,x
31490,D,1291,x
31491,C,1288,x
31492,A,1832,x
31494,C,1333,x
31495,D,1891,x
31496,A,1888,x
31498,A,1898,x
31499,A,1119,x
31501,D,1732,x
31502,A,1327,x
31503,D,1758,x
31504,B,1804,x
31505,A,1519,x
31507,A,1160,x
31508,D,1631,x
31511,C,1800,x
31514,B,1936,x
31515,B,1034,x
31517,B,1669,x
31518,D,1499,x
31519,C,1238,x
31521,D,1112,x
31522,D,1462,x
31524,B,1299,x
31525,B,1034,x
31529,D,1136,x
31531,B,1207,x
31532,C,1503,x
31534,B,1543,x
31535,D,1116,x
31539,B,1305,x
31542,A,1114,x
31543,A,1218,x
31547,D,1603,x
31553,D,1659,x
31555,A,1263,x
31556,A,1543,x
31557,D,1521,x
31558,D,1334,x
31560,D,1553,x
31563,B,1394,x
31565,A,1721,x
31566,B,1786,x
31575,B,1855,x
31576,B,1646,x
31577,D,1934,x
31578,A,1739,x
31581,A,1440,x
31584,A,1181,x
31585,A,1130,x
31586,B,1990,x
31587,D,1718,x
31588,A,1698,x
31590,A,1907,x
31592,A,1250,x
31594,C,1037,x
31596,C,1768,x
31599,A,1141,x
31600,B,1483,x
31601,A,1376,x
31604,C,1800,x
31605,C,1419,x
31606,C,1607,x
31607,B,1140,x
31609,A,1557,x
31610,A,1813,x
31612,A,1151,x
31613,B,1689,x
31614,B,1932,x
31615,C,1515,x
31616,B,1786,x
31617,A,1910,x
31620,A,1981,x
31624,B,1291,x
31625,C,1764,x
31626,B,1517,x
31630,A,1996,x
31631,B,1191,x
31632,B,1674,x
31633,C,1170,x
31635,D,1938,x
31636,A,1225,x
31638,A,1269,x
31639,D,1216,x
31640,A,1614,x
31641,C,1124,x
31642,D,1339,x
31643,B,1297,x
31644,C,1111,x
31647,A,1153,x
31653,A,1480,x
31654,C,1299,x
31655,D,1633,x
31656,D,1296,x
31657,B,1510,x
31660,A,1611,x
31661,B,1556,x
31663,C,1385,x
31666,B,1500,x
31669,B,1569,x
31670,B,1216,x
31672,C,1861,x
31679,D,1749,x
31684,C,1181,x
31686,A,1241,x
31692,C,1024,x
31697,B,1428,x
31701,C,1749,x
31704,B,1315,x
31705,B,1714,x
31706,A,1669,x
31707,D,1850,x
31710,D,1359,x
31712,A,1033,x
31714,D,1588,x
31716,C,1559,x
31717,B,1260,x
31720,A,1587,x
31721,A,1720,x
31723,C,1532,x
31724,D,1355,x
31725,C,1099,x
31726,A,1094,x
31728,A,1990,x
31731,D,1218,x
31734,B,1503,x
31735,B,1540,x
31737,D,1422,x
31743,C,1246,x
31744,C,1238,x
31745,B,1384,x
31746,A,1117,x
31747,B,1649,x
31749,B,1210,x
31753,A,1916,x
31756,C,1926,x
31763,C,1044,x
31765,C,1425,x
31768,D,1802,x
31769,A,1042,x
31770,B,1759,x
31771,C,1460,x
31773,B,1719,x
31775,D,1939,x
31776,C,1324,x
31777,C,1736,x
31778,B,1440,x
31781,C,1978,x
31782,D,1164,x
31783,C,1736,x
31786,C,1309,x
31789,B,1111,x
31790,D,1161,x
31791,C,1432,x
31792,B,1794,x
31794,C,1643,x
31796,A,1431,x
31797,A,1448,x
31798,D,1118,x
31799,C,1894,x
31800,B,1125,x
31801,D,1497,x
31802,A,1211,x
31804,A,1347,x
31806,B,1395,x
31808,A,1426,x
31810,C,1229,x
31811,D,1132,x
31813,A,1749,x
31818,B,1957,x
31821,A,1628,x
31823,C,1223,x
31826,D,1811,x
31828,D,1421,x
31830,A,1372,x
31831,D,1764,x
31833,A,1944,x
31835,B,1329,x
31839,C,1444,x
31840,C,1363,x
31842,D,1816,x
31846,B,1616,x
31849,D,1262,x
31851,D,1114,x
31856,D,1126,x
31857,D,1845,x
31862,D,1180,x
31864,A,1737,x
31865,B,1237,x
31871,D,1280,x
31872,D,1740,x
31873,A,1491,x
31874,B,1858,x
31875,A,1396,x
31876,A,1341,x
31877,D,1275,x
31881,D,1920,x
31883,D,1770,x
31885,B,1122,x
31886,A,1977,x
31887,B,1073,x
31888,B,1993,x
31891,C,1386,x
31894,B,1704,x
31895,B,1423,x
31896,B,1312,x
31897,D,1665,x
31900,A,1555,x
31902,C,1259,x
31905,D,1711,x
31908,D,1266,x
31914,A,1656,x
31915,D,1508,x
31917,B,1627,x
31919,A,1834,x
31921,D,1964,x
31923,B,1361,x
31926,D,1908,x
31928,C,1475,x
31929,A,1262,x
31930,C,1716,x
31937,D,1829,x
31941,D,1089,x
31944,D,1901,x
31946,A,1255,x
31948,D,1287,x
31949,A,1262,x
31950,B,1193,x
31953,D,1431,x
31954,C,1639,x
31957,B,1258,x
31962,C,1594,x
31963,A,1892,x
31970,D,1571,x
31971,D,1641,x
31973,B,1875,x
31975,C,1126,x
31979,A,1480,x
31981,D,1226,x
31985,C,1964,x
31986,B,1163,x
31988,D,1811,x
31989,B,1410,x
31990,A,1511,x
31992,C,1091,x
31993,A,1149,x
31994,C,1679,x
31995,C,1923,x
31997,A,1486,x
32000,A,1324,x
32002,C,1381,x
32003,C,1758,x
32004,C,1528,x
32010,D,1318,x
32015,D,1406,x
32016,D,1122,x
32017,C,1219,x
32019,A,1099,x
32020,A,1462,x
32023,B,1459,x
32027,A,1195,x
32028,C,1360,x
32029,D,1848,x
32030,C,1638,x
32032,A,1635,x
32033,D,1902,x
32034,C,1226,x
32035,B,1737,x
32038,D,1624,x
32039,D,1111,x
32041,A,1840,x
32042,A,1204,x
32046,C,1802,x
32048,D,1829,x
32050,B,1552,x
32051,A,1232,x
32052,C,1140,x
32055,C,1540,x
32056,C,1601,x
32058,C,1935,x
32059,C,1740,x
32063,B,1031,x
32064,D,1456,x
32066,D,1293,x
32067,A,1639,x
32069,D,1928,x
32072,C,1136,x
32074,B,1922,x
32075,D,1990,x
32077,B,1078,x
32078,C,1543,x
32081,B,1271,x
32083,D,1055,x
32084,C,1129,x
32085,B,1889,x
32088,C,1622,x
32089,B,1347,x
32091,A,1617,x
32092,D,1616,x
32093,B,1193,x
32100,D,1586,x
32101,B,1764,x
32103,A,1370,x
32104,B,1019,x
32106,D,1744,x
32107,B,1686,x
32108,A,1112,x
32113,B,1732,x
32114,C,1151,x
32115,A,1679,x
32116,D,1685,x
32117,B,1142,x
32119,A,1337,x
32121,D,1970,x
32122,B,1118,x
32127,C,1265,x
32130,A,1716,x
32131,D,1035,x
32132,A,1446,x
32133,D,1438,x
32138,C,1272,x
32139,B,1881,x
32140,A,1969,x
32143,B,1789,x
32144,D,1491,x
32145,B,1973,x
32146,B,1063,x
32149,A,1729,x
32150,A,1218,x
32151,D,1987,x
32153,D,1856,x
32155,C,1245,x
32157,A,1503,x
32159,D,1820,x
32160,B,1680,x
32162,A,1714,x
32164,D,1322,x
32165,B,1317,x
32167,B,1791,x
32168,A,1491,x
32171,A,1747,x
32172,B,1872,x
32174,C,1963,x
32176,B,1211,x
32177,C,1790,x
32179,B,1553,x
32182,A,1186,x
32183,B,1066,x
32184,B,1999,x
32185,A,1125,x
32190,D,1206,x
32201,B,1394,x
32202,B,1424,x
32204,B,1744,x
32207,C,1714,x
32209,A,1644,x
32211,C,1128,x
32212,C,1234,x
32214,A,1612,x
32217,C,1247,x
32218,B,1833,x
32219,C,1385,x
32221,C,1309,x
32224,D,1492,x
32227,C,1408,x
32228,C,1950,x
32230,B,1649,x
32231,C,1211,x
32233,A,1945,x
32237,C,1626,x
32238,C,1471,x
32240,C,1873,x
32242,A,1721,x
32243,B,1378,x
32244,B,1319,x
32245,B,1945,x
32248,D,1857,x
32250,B,1845,x
32251,B,1329,x
32252,B,1820,x
32253,D,1434,x
32254,C,1921,x
32255,D,1451,x
32257,D,1404,x
32258,D,1677,x
32259,D,1879,x
32260,A,1599,x
32262,C,1956,x
32265,D,1203,x
32266,B,1151,x
32269,A,1989,x
32270,D,1651,x
32278,A,1308,x
32280,D,1827,x
32286,B,1875,x
32289,D,1981,x
32290,C,1293,x
32291,C,1944,x
32293,B,1253,x
32294,B,1657,x
32295,D,1354,x
32296,B,1251,x
32298,A,1312,x
32299,C,1336,x
32300,C,1349,x
32301,A,1569,x
32303,B,1567,x
32306,D,1240,x
32309,A,1156,x
32310,D,1989,x
32311,C,1558,x
32313,D,1789,x
32315,C,1307,x
32316,D,1106,x
32319,A,1684,x
32321,B,1968,x
32322,C,1161,x
32323,A,1770,x
32324,B,1424,x
32328,A,1899,x
32329,D,1102,x
32334,D,1959,x
32335,A,1302,x
32337,A,1167,x
32338,B,1498,x
32339,B,1609,x
32340,D,1733,x
32344,C,1423,x
32346,B,1469,x
32349,D,1916,x
32351,A,1487,x
32357,B,1315,x
32358,A,1306,x
32359,C,1721,x
32361,C,1537,x
32362,A,1478,x
32363,B,1292,x
32365,A,1601,x
32366,B,1024,x
32367,D,1498,x
32370,B,1690,x
32374,A,1317,x
32377,D,1025,x
32378,A,1066,x
32379,A,1055,x
32381,A,1866,x
32384,B,1739,x
32385,B,1751,x
32388,B,1648,x
32390,C,1468,x
32393,D,1437,x
32394,C,1098,x
32396,D,1615,x
32397,B,1596,x
32399,D,1666,x
32400,A,1847,x
32404,C,1396,x
32405,C,1112,x
32406,D,1284,x
32407,D,1962,x
32408,B,1364,x
32410,C,1346,x
32411,D,1281,x
32413,D,1939,x
32414,B,1007,x
32416,C,1568,x
32417,B,1318,x
32418,B,1911,x
32422,D,1038,x
32423,B,1323,x
32424,C,1837,x
32425,A,1877,x
32426,B,1480,x
32427,A,1658,x
32428,A,1415,x
32429,B,1497,x
32432,A,1132,x
32435,C,1664,x
32437,C,1561,x
32441,A,1423,x
32442,A,1494,x
32444,C,1574,x
32446,A,1011,x
32447,D,1109,x
32449,D,1858,x
32450,D,1346,x
32451,A,1069,x
32454,A,1305,x
32455,B,1677,x
32459,D,1167,x
32460,D,1068,x
32462,C,1760,x
32464,C,1030,x
32465,A,1764,x
32466,A,1991,x
32467,C,1838,x
32468,C,1430,x
32470,B,1671,x
32471,A,1999,x
32472,A,1943,x
32473,A,1930,x
32476,D,1029,x
32477,C,1081,x
32478,C,1782,x
32479,A,1291,x
32481,A,1009,x
32484,A,1526,x
32486,D,1824,x
32487,B,1822,x
32488,D,1329,x
32491,A,1140,x
32494,B,1680,x
32495,A,1296,x
32498,A,1098,x
32500,B,1880,x
32501,D,1426,x
32505,B,1464,x
32506,A,1484,x
32507,A,1042,x
32508,B,1088,x
32510,C,1565,x
32512,D,1633,x
32513,A,1130,x
32516,D,1540,x
32517,B,1689,x
32521,C,1966,x
32523,D,1838,x
32525,C,1624,x
32526,A,1922,x
32527,B,1332,x
32531,B,1116,x
32532,B,1379,x
32533,C,1524,x
32536,A,1059,x
32537,D,1613,x
32539,D,1500,x
32540,C,1503,x
32541,A,1065,x
32543,C,1487,x
32544,B,1990,x
32545,B,1796,x
32547,B,1459,x
32548,A,1989,x
32556,A,1529,x
32557,B,1534,x
32562,A,1419,x
32564,A,1672,x
32566,B,1588,x
32568,D,1173,x
32570,B,1951,x
32572,C,1490,x
32573,A,1669,x
32574,D,1471,x
32576,B,1281,x
32577,A,1935,x
32579,D,1746,x
32582,A,1201,x
32586,A,1162,x
32587,B,1148,x
32592,D,1096,x
32596,B,1074,x
32600,B,1459,x
32605,A,1172,x
32607,C,1455,x
32608,D,1556,x
32611,A,1210,x
32612,C,1428,x
32616,A,1176,x
32619,D,1762,x
32620,A,1654,x
32621,C,1519,x
32622,B,1375,x
32623,B,1389,x
32624,A,1263,x
32627,B,1209,x
32628,A,1297,x
32629,D,1953,x
32630,D,1467,x
32631,C,1726,x
32632,C,1908,x
32633,A,1850,x
32635,C,1849,x
32637,C,1607,x
32638,A,1395,x
32640,B,1541,x
32643,A,1641,x
32645,A,1593,x
32646,C,1861,x
32648,B,1218,x
32649,B,1548,x
32650,D,1648,x
32653,A,1059,x
32654,A,1175,x
32656,B,1068,x
32657,B,1155,x
32658,B,1746,x
32660,D,1565,x
32662,A,1055,x
32663,D,1756,x
32664,D,1896,x
32668,A,1124,x
32671,B,1307,x
32672,A,1527,x
32673,A,1859,x
32674,A,1814,x
32675,B,1450,x
32676,C,1785,x
32682,C,1450,x
32683,D,1241,x
32684,A,1610,x
32685,D,1040,x
32689,C,1731,x
32690,D,1933,x
32691,B,1299,x
32692,C,1453,x
32693,C,1107,x
32695,A,1265,x
32698,A,1663,x
32701,D,1705,x
32703,C,1644,x
32704,D,1540,x
32706,C,1861,x
32709,B,1374,x
32710,C,1261,x
32715,C,1457,x
32717,C,1154,x
32719,D,1916,x
32721,A,1538,x
32722,A,1144,x
32723,B,1089,x
32724,C,1371,x
32725,B,1387,x
32726,B,1852,x
32727,A,1319,x
32733,C,1063,x
32736,C,1021,x
32740,C,1844,x
32743,D,1064,x
32744,D,1220,x
32745,D,1923,x
32746,C,1200,x
32747,C,1337,x
32752,A,1806,x
32755,A,1396,x
32756,B,1793,x
32758,B,1764,x
32760,D,1428,x
32761,C,1527,x
32763,C,1665,x
32764,C,1593,x
32765,C,1925,x
32766,B,1613,x
32770,D,1462,x
32771,A,1331,x
32772,C,1453,x
32775,D,1585,x
32776,C,1288,x
32779,D,1584,x
32780,A,1672,x
32781,D,1013,x
32782,B,1404,x
32789,A,1281,x
32790,D,1811,x
32792,C,1545,x
32793,D,1522,x
32794,C,1278,x
32796,B,1649,x
32801,B,1070,x
32802,C,1441,x
32803,B,1597,x
32804,B,1661,x
32806,B,1600,x
32807,B,1388,x
32808,A,1791,x
32810,C,1291,x
32812,C,1597,x
32816,A,1939,x
32817,A,1476,x
32819,B,1203,x
32821,A,1588,x
32822,A,1131,x
32823,C,1302,x
32826,D,1347,x
32827,C,1644,x
32829,A,1824,x
32830,D,1465,x
32833,C,1429,x
32836,A,1404,x
32837,C,1483,x
32838,C,1856,x
32839,B,1393,x
32840,A,1151,x
32842,D,1545,x
32844,B,1478,x
32845,D,1979,x
32846,C,1644,x
32847,A,1337,x
32848,A,1417,x
32849,C,1097,x
32852,A,1067,x
32853,C,1307,x
32854,D,1508,x
32856,B,1365,x
32857,D,1620,x
32858,B,1932,x
32860,D,1699,x
32863,A,1736,x
32867,C,1036,x
32872,B,1201,x
32873,A,1779,x
32875,C,1509,x
32876,D,1877,x
32877,D,1973,x
32878,D,1925,x
32880,D,1610,x
32881,D,1885,x
32887,C,1655,x
32888,A,1587,x
32889,B,1401,x
32890,C,1607,x
32891,B,1783,x
32893,B,1194,x
32894,C,1926,x
32896,D,1167,x
32899,A,1632,x
32905,C,1102,x
32910,A,1415,x
32911,A,1378,x
32915,B,1485,x
32916,C,1203,x
32919,B,1754,x
32921,B,1233,x
32922,A,1931,x
32926,D,1827,x
32927,C,1668,x
32929,B,1164,x
32930,B,1579,x
32934,C,1393,x
32938,A,1069,x
32939,D,1147,x
32942,D,1235,x
32943,C,1538,x
32944,C,1186,x
32945,B,1039,x
32946,C,1041,x
32948,A,1231,x
32950,C,1608,x
32951,B,1815,x
32955,D,1644,x
32956,B,1704,x
32957,D,1599,x
32965,A,1708,x
32966,B,1276,x
32969,A,1065,x
32970,D,1514,x
32974,B,1185,x
32975,C,1747,x
32976,A,1831,x
32977,B,1864,x
32979,A,1019,x
32980,A,1711,x
32981,D,1798,x
32982,B,1656,x
32983,A,1421,x
32984,B,1079,x
32985,B,1697,x
32987,C,1362,x
32989,B,1456,x
32991,C,1447,x
32993,D,1422,x
32996,D,1451,x
32997,A,1883,x
32998,A,1239,x
33000,B,1943,x
33002,A,1282,x
33003,D,1893,x
33004,B,1011,x
33007,A,1258,x
33009,C,1915,x
33010,B,1497,x
33011,A,1303,x
33012,A,1954,x
33015,A,1840,x
33017,D,1931,x
33018,D,1395,x
33019,D,1033,x
33021,A,1476,x
33023,A,1008,x
33025,D,1151,x
33026,C,1490,x
33027,D,1032,x
33030,A,1873,x
33037,A,1286,x
33039,A,1750,x
33040,B,1938,x
33045,B,1604,x
33046,B,1481,x
33048,B,1916,x
33049,C,1297,x
33052,A,1339,x
33053,D,1482,x
33054,D,1547,x
33060,A,1759,x
33061,B,1861,x
33065,C,1177,x
33066,D,1233,x
33067,B,1723,x
33068,B,1707,x
33069,D,1423,x
33070,A,1699,x
33073,D,1166,x
33075,B,1093,x
33076,B,1836,x
33077,B,1090,x
33080,A,1523,x
33082,B,1371,x
33083,D,1119,x
33085,D,1403,x
33088,D,1250,x
33089,C,1603,x
33090,B,1252,x
33091,D,1765,x
33092,B,1746,x
33094,B,1735,x
33096,C,1785,x
33097,A,1383,x
33099,D,1905,x
33100,A,1009,x
33102,A,1241,x
33103,C,1281,x
33104,A,1390,x
33105,D,1773,x
33107,C,1703,x
33108,A,1493,x
33110,A,1924,x
33111,D,1088,x
33114,D,1049,x
33117,D,1790,x
33119,B,1096,x
33120,A,1124,x
33127,C,1300,x
33128,D,1181,x
33129,C,1149,x
33133,B,1135,x
33137,A,1160,x
33138,A,1583,x
33139,C,1689,x
33140,B,1175,x
33141,D,1882,x
33146,A,1159,x
33147,A,1794,x
33148,D,1143,x
33149,A,1493,x
33150,C,1432,x
33151,C,1810,x
33152,A,1549,x
33153,A,1428,x
33154,B,1347,x
33156,B,1666,x
33160,B,1515,x
33162,C,1010,x
33168,C,1168,x
33170,D,1613,x
33172,D,1929,x
33178,C,1326,x
33179,B,1742,x
33180,D,1737,x
33182,C,1342,x
33184,B,1719,x
33188,A,1734,x
33191,D,1826,x
33193,A,1065,x
33195,B,1802,x
33196,A,1369,x
33197,B,1158,x
33201,A,1792,x
33202,B,1590,x
33203,A,1721,x
33204,A,1455,x
33206,D,1663,x
33207,D,1246,x
33209,A,1646,x
33212,B,1363,x
33213,B,1704,x
33214,C,1674,x
33215,B,1777,x
33220,D,1836,x
33221,D,1671,x
33227,A,1238,x
33232,B,1183,x
33233,B,1807,x
33234,D,1935,x
33236,C,1920,x
33237,D,1116,x
33243,C,1212,x
33246,D,1620,x
33247,B,1116,x
33248,C,1481,x
33250,C,1913,x
33254,A,1447,x
33256,A,1882,x
33260,D,1657,x
33261,B,1748,x
33262,D,1814,x
33263,B,1977,x
33264,B,1385,x
33268,D,1239,x
33270,C,1307,x
33272,A,1757,x
33273,B,1994,x
33275,A,1189,x
33277,A,1781,x
33278,B,1777,x
33282,C,1034,x
33284,A,1191,x
33285,D,1641,x
33289,C,1718,x
33290,D,1451,x
33291,D,1941,x
33292,D,1216,x
33293,D,1180,x
33295,C,1767,x
33296,C,1655,x
33297,C,1254,x
33299,D,1597,x
33301,C,1463,x
33302,D,1682,x
33303,B,1661,x
33304,A,1913,x
33307,A,1262,x
33309,B,1574,x
33311,C,1866,x
33314,A,1308,x
33318,B,1450,x
33321,B,1032,x
33322,C,1672,x
33324,D,1087,x
33326,D,1966,x
33327,A,1742,x
33328,C,1659,x
33331,B,1947,x
33341,B,1337,x
33345,A,1180,x
33347,C,1982,x
33348,C,1830,x
33349,B,1906,x
33350,B,1851,x
33352,C,1513,x
33358,B,1596,x
33361,D,1248,x
33363,D,1297,x
33369,B,1251,x
33370,C,1012,x
33371,D,1418,x
33377,D,1944,x
33378,D,1588,x
33379,D,1209,x
33381,A,1252,x
33384,A,1426,x
33385,D,1670,x
33388,C,1609,x
33389,D,1837,x
33390,C,1616,x
33395,B,1117,x
33396,A,1560,x
33398,D,1812,x
33401,D,1766,x
33402,D,1888,x
33404,A,1811,x
33405,B,1784,x
33408,C,1175,x
33409,C,1405,x
33411,D,1756,x
33413,D,1600,x
33415,C,1546,x
33418,B,1135,x
33420,D,1781,x
33421,A,1943,x
33423,C,1336,x
33424,B,1040,x
33425,C,1049,x
33426,C,1317,x
33427,C,1989,x
33433,C,1929,x
33435,B,1381,x
33436,D,1628,x
33437,D,1815,x
33439,D,1726,x
33442,C,1469,x
33444,D,1429,x
33445,D,1052,x
33446,B,1250,x
33449,B,1146,x
33451,D,1962,x
33459,B,1377,x
33461,D,1947,x
33466,D,1189,x
33467,C,1553,x
33468,B,1150,x
33473,B,1682,x
33474,A,1185,x
33477,D,1606,x
33479,B,1880,x
33480,D,1965,x
33489,B,1469,x
33491,B,1967,x
33492,A,1463,x
33493,D,1969,x
33496,D,1958,x
33497,D,1457,x
33498,D,1252,x
33499,D,1762,x
33500,C,1760,x
33501,B,1591,x
33502,B,1442,x
33503,B,1472,x
33504,D,1778,x
33510,B,1593,x
33512,D,1230,x
33514,D,1657,x
33515,D,1633,x
33516,C,1944,x
33517,D,1637,x
33518,D,1708,x
33523,B,1280,x
33524,C,1359,x
33527,B,1099,x
33530,A,1999,x
33532,A,1071,x
33534,B,1638,x
33539,A,1035,x
33541,C,1946,x
33542,A,1667,x
33544,A,1291,x
33545,A,1182,x
33546,A,1542,x
33547,C,1554,x
33550,A,1984,x
33552,B,1585,x
33553,C,1002,x
33554,D,1424,x
33561,A,1032,x
33562,B,1990,x
33564,D,1441,x
33565,D,1893,x
33567,B,1224,x
33568,D,1016,x
33569,D,1436,x
33570,D,1319,x
33575,C,1270,x
33580,A,1863,x
33582,A,1304,x
33583,D,1339,x
33584,B,1206,x
33587,D,1213,x
33590,A,1426,x
33592,A,1975,x
33593,A,1809,x
33595,A,1261,x
33596,B,1516,x
33600,C,1221,x
33603,C,1322,x
33604,C,1436,x
33611,B,1887,x
33616,A,1763,x
33617,C,1863,x
33618,D,1402,x
33621,B,1146,x
33623,A,1684,x
33628,C,1149,x
33630,C,1447,x
33635,C,1170,x
33637,D,1489,x
33638,C,1699,x
33640,A,1476,x
33642,A,1705,x
33644,B,1798,x
33646,B,1169,x
33647,D,1017,x
33649,D,1665,x
33650,B,1094,x
33652,A,1502,x
33653,A,1177,x
33657,B,1848,x
33661,B,1676,x
33663,A,1945,x
33667,C,1225,x
33668,D,1780,x
33671,C,1619,x
33672,D,1631,x
33673,A,1070,x
33676,A,1616,x
33678,D,1757,x
33681,B,1594,x
33685,B,1516,x
33686,D,1236,x
33687,C,1909,x
33689,D,1340,x
33691,A,1754,x
33694,D,1816,x
33698,D,1991,x
33699,B,1039,x
33701,B,1446,x
33702,C,1750,x
33711,D,1799,x
33712,C,1157,x
33713,C,1837,x
33717,A,1400,x
33720,B,1116,x
33721,B,1198,x
33722,C,1531,x
33723,B,1271,x
33729,D,1898,x
33730,C,1101,x
33731,C,1204,x
33732,D,1535,x
33733,B,1233,x
33734,B,1226,x
33735,B,1838,x
33736,D,1456,x
33737,B,1932,x
33738,C,1144,x
33740,C,1749,x
33742,D,1946,x
33745,C,1850,x
33746,B,1588,x
33747,C,1552,x
33749,B,1412,x
33751,A,1899,x
33756,D,1923,x
33759,A,1292,x
33760,A,1429,x
33761,D,1831,x
33763,B,1676,x
33764,A,1012,x
33765,D,1236,x
33766,B,1354,x
33767,D,1672,x
33771,A,1851,x
33772,C,1244,x
33773,A,1053,x
33775,C,1627,x
33776,C,1067,x
33782,B,1592,x
33784,A,1123,x
33786,A,1561,x
33787,D,1148,x
33788,B,1486,x
33789,B,1863,x
33790,C,1103,x
33792,A,1593,x
33793,B,1411,x
33794,C,1354,x
33796,B,1469,x
33797,C,1874,x
33799,B,1055,x
33800,B,1029,x
33801,B,1453,x
33802,B,1926,x
33803,D,1437,x
33806,B,1726,x
33809,A,1725,x
33810,B,1366,x
33811,A,1571,x
33814,A,1638,x
33815,D,1145,x
33817,B,1833,x
33826,D,1233,x
33830,A,1820,x
33832,B,1875,x
33833,C,1448,x
33834,C,1105,x
33836,B,1774,x
33837,C,1124,x
33838,B,1813,x
33839,C,1182,x
33840,A,1452,x
33845,C,1894,x
33846,C,1093,x
33850,B,1136,x
33851,B,1857,x
33852,D,1608,x
33859,C,1104,x
33862,A,1089,x
33863,C,1863,x
33865,B,1893,x
33866,A,1686,x
33868,A,1729,x
33869,B,1099,x
33870,A,1692,x
33871,C,1911,x
33872,A,1667,x
33874,A,1687,x
33875,D,1374,x
33877,D,1924,x
33878,D,1061,x
33881,C,1448,x
33882,D,1902,x
33884,D,1792,x
33889,B,1316,x
33893,C,1070,x
33896,D,1382,x
33898,B,1168,x
33899,D,1670,x
33902,B,1932,x
33904,C,1883,x
33907,A,1626,x
33908,D,1600,x
33912,C,1148,x
33913,B,1512,x
33919,A,1522,x
33927,C,1970,x
33932,D,1662,x
33934,D,1241,x
33935,C,1458,x
33940,D,1153,x
33947,B,1473,x
33949,C,1122,x
33950,D,1573,x
33951,C,1215,x
33953,B,1871,x
33954,B,1121,x
33956,B,1538,x
33957,A,1118,x
33958,A,1073,x
33959,B,1089,x
33960,A,1921,x
33961,A,1384,x
33964,B,1158,x
33965,C,1751,x
33967,D,1497,x
33969,A,1247,x
33970,A,1196,x
33974,D,1045,x
33979,D,1890,x
33980,A,1978,x
33982,C,1403,x
33984,C,1960,x
33985,B,1874,x
33988,B,1820,x
33989,D,1060,x
33991,B,1387,x
33992,D,1940,x
33993,D,1895,x
33996,B,1207,x
33999,A,1586,x
34000,D,1778,x
34001,D,1687,x
34002,A,1599,x
34003,C,1262,x
34005,A,1690,x
34006,C,1635,x
34013,D,1396,x
34017,C,1307,x
34018,C,1759,x
34019,D,1263,x
34020,D,1411,x
34021,C,1353,x
34024,A,1186,x
34029,C,1890,x
34030,C,1365,x
34031,C,1471,x
34032,A,1059,x
34033,A,1378,x
34036,A,1220,x
34039,D,1717,x
34040,B,1511,x
34041,A,1822,x
34042,D,1990,x
34043,A,1489,x
34044,B,1077,x
34045,C,1432,x
34051,D,1475,x
34052,B,1934,x
34053,B,1411,x
34055,C,1284,x
34059,A,1728,x
34062,A,1953,x
34065,B,1702,x
34071,A,1296,x
34072,A,1588,x
34074,A,1706,x
34076,D,1398,x
34077,A,1872,x
34080,D,1893,x
34081,D,1259,x
34083,B,1145,x
34084,A,1166,x
34085,D,1411,x
34087,A,1173,x
34088,C,1912,x
34089,C,1841,x
34091,C,1808,x
34093,C,1269,x
34094,D,1147,x
34095,A,1058,x
34096,C,1810,x
34100,B,1185,x
34102,B,1490,x
34104,A,1446,x
34105,D,1792,x
34107,B,1016,x
34108,B,1085,x
34109,B,1549,x
34110,B,1980,x
34113,A,1772,x
34114,C,1748,x
34117,B,1326,x
34119,A,1065,x
34121,C,1015,x
34122,A,1316,x
34123,C,1846,x
34124,A,1126,x
34125,A,1437,x
34128,B,1576,x
34132,C,1089,x
34136,A,1480,x
34140,C,1075,x
34144,C,1053,x
34145,C,1852,x
34148,A,1341,x
34151,A,1064,x
34152,D,1707,x
34157,B,1695,x
34161,D,1676,x
34163,D,1625,x
34164,C,1997,x
34165,A,1089,x
34168,D,1817,x
34169,B,1196,x
34170,C,1999,x
34171,C,1525,x
34175,B,1363,x
34178,C,1599,x
34179,A,1769,x
34180,A,1635,x
34182,A,1295,x
34183,D,1117,x
34184,A,1931,x
34185,C,1369,x
34186,D,1391,x
34189,B,1312,x
34193,A,1639,x
34194,A,1428,x
34195,A,1213,x
34199,C,1355,x
34200,B,1394,x
34201,A,1004,x
34202,C,1867,x
34203,C,1366,x
34205,B,1210,x
34206,C,1404,x
34208,D,1056,x
34209,C,1242,x
34210,B,1509,x
34211,A,1943,x
34212,B,1835,x
34213,C,1934,x
34215,A,1272,x
34216,C,1245,x
34219,B,1613,x
34220,B,1224,x
34221,C,1725,x
34225,C,1980,x
34231,C,1870,x
34233,A,1649,x
34238,A,1809,x
34239,C,1985,x
34243,A,1759,x
34245,C,1731,x
34247,C,1032,x
34250,B,1318,x
34251,C,1895,x
34254,D,1960,x
34255,B,1981,x
34259,B,1566,x
34260,D,1297,x
34261,B,1493,x
34263,A,1997,x
34264,A,1054,x
34265,B,1653,x
34267,C,1264,x
34271,A,1800,x
34272,D,1654,x
34273,A,1243,x
34275,A,1211,x
34277,B,1131,x
34280,A,1488,x
34283,B,1208,x
34285,A,1270,x
34286,A,1557,x
34291,A,1799,x
34296,C,1099,x
34298,A,1442,x
34299,D,1056,x
34301,B,1696,x
34302,D,1228,x
34303,D,1252,x
34306,B,1655,x
34307,C,1233,x
34308,B,1803,x
34309,A,1412,x
34312,B,1132,x
34314,B,1656,x
34315,C,1306,x
34322,A,1460,x
34323,A,1561,x
34324,C,1418,x
34325,A,1151,x
34327,B,1027,x
34329,A,1226,x
34332,D,1790,x
34335,A,1464,x
34337,A,1286,x
34340,C,1066,x
34341,C,1076,x
34344,D,1863,x
34345,A,1606,x
34346,B,1519,x
34347,D,1889,x
34348,D,1262,x
34352,C,1709,x
34353,C,1323,x
34356,C,1252,x
34357,A,1334,x
34360,A,1130,x
34361,A,1138,x
34362,B,1506,x
34363,C,1078,x
34364,C,1566,x
34366,D,1123,x
34367,B,1864,x
34368,B,1275,x
34371,C,1102,x
34374,C,1252,x
34375,D,1213,x
34378,D,1067,x
34380,B,1943,x
34383,C,1078,x
34385,A,1974,x
34387,C,1054,x
34389,D,1915,x
34390,B,1322,x
34392,A,1976,x
34395,B,1941,x
34396,B,1084,x
34397,D,1107,x
34398,B,1461,x
34399,A,1818,x
34402,D,1258,x
34404,A,1419,x
34408,B,1918,x
34410,D,1938,x
34412,A,1051,x
34413,C,1551,x
34416,D,1467,x
34417,D,1015,x
34420,D,1960,x
34421,B,1828,x
34422,D,1756,x
34423,D,1880,x
34426,B,1268,x
34427,A,1268,x
34434,A,1383,x
34435,B,1790,x
34437,D,1579,x
34438,A,1579,x
34444,B,1495,x
34445,C,1901,x
34446,C,1896,x
34447,D,1465,x
34449,A,1356,x
34450,A,1037,x
34451,C,1978,x
34454,B,1482,x
34455,D,1927,x
34456,A,1990,x
34461,D,1652,x
34463,B,1894,x
34464,D,1128,x
34467,A,1351,x
34470,B,1681,x
34472,D,1523,x
34473,A,1676,x
34475,C,1821,x
34479,C,1562,x
34480,D,1742,x
34482,B,1244,x
34483,D,1395,x
34484,C,1375,x
34486,C,1556,x
34488,D,1079,x
34490,A,1048,x
34492,B,1256,x
34493,B,1096,x
34494,B,1204,x
34495,B,1965,x
34496,C,1083,x
34498,A,1941,x
34501,A,1127,x
34502,B,1898,x
34503,D,1513,x
34504,A,1845,x
34511,C,1161,x
34518,A,1119,x
34519,A,1895,x
34521,A,1160,x
34523,C,1752,x
34526,A,1957,x
34528,A,1208,x
34529,B,1826,x
34537,B,1429,x
34539,C,1578,x
34541,C,1766,x
34544,C,1196,x
34546,B,1239,x
34547,B,1372,x
34550,A,1101,x
34551,B,1929,x
34554,B,1867,x
34556,C,1932,x
34558,A,1475,x
34559,B,1437,x
34561,B,1893,x
34564,A,1853,x
34566,D,1326,x
34567,A,1958,x
34569,D,1815,x
34571,C,1526,x
34572,A,1784,x
34581,D,1366,x
34582,D,1857,x
34583,B,1211,x
34584,B,1787,x
34585,D,1996,x
34586,B,1488,x
34587,B,1304,x
34590,C,1619,x
34591,B,1934,x
34592,C,1143,x
34597,C,1144,x
34598,A,1563,x
34599,C,1891,x
34601,B,1045,x
34602,C,1531,x
34603,C,1426,x
34605,B,1680,x
34606,C,1836,x
34608,C,1694,x
34611,B,1415,x
34612,C,1032,x
34616,C,1621,x
34617,B,1119,x
34619,A,1735,x
34627,B,1218,x
34634,D,1638,x
34635,B,1909,x
34637,B,1273,x
34639,B,1707,x
34640,D,1082,x
34641,A,1705,x
34645,A,1179,x
34646,A,1366,x
34649,B,1376,x
34650,A,1246,x
34651,B,1397,x
34652,B,1303,x
34656,A,1551,x
34657,B,1127,x
34658,A,1060,x
34660,A,1523,x
34661,A,1079,x
34663,C,1683,x
34665,B,1196,x
34668,B,1299,x
34673,C,1912,x
34675,C,1353,x
34676,C,1018,x
34677,B,1696,x
34678,A,1896,x
34679,C,1796,x
34681,B,1328,x
34689,D,1093,x
34691,A,1303,x
34692,C,1809,x
34693,D,1872,x
34694,D,1345,x
34695,C,1937,x
34696,B,1361,x
34698,B,1882,x
34699,D,1855,x
34700,C,1936,x
34702,D,1069,x
34703,B,1839,x
34705,A,1841,x
34708,C,1167,x
34711,A,1574,x
34712,D,1578,x
34714,D,1699,x
34715,B,1717,x
34716,A,1947,x
34717,D,1053,x
34718,D,1030,x
34721,A,1422,x
34724,B,1267,x
34728,A,1266,x
34731,C,1296,x
34733,D,1860,x
34737,D,1980,x
34739,D,1130,x
34741,B,1920,x
34742,B,1249,x
34743,D,1549,x
34744,A,1611,x
34751,A,1226,x
34752,A,1398,x
34757,C,1747,x
34759,A,1054,x
34760,B,1941,x
34761,B,1662,x
34764,D,1328,x
34765,D,1730,x
34766,B,1863,x
34772,B,1204,x
34775,B,1303,x
34777,D,1726,x
34779,B,1748,x
34781,C,1533,x
34786,C,1665,x
34787,A,1465,x
34788,D,1577,x
34789,B,1767,x
34790,B,1446,x
34791,A,1659,x
34793,A,1199,x
34794,D,1743,x
34796,D,1558,x
34798,D,1069,x
34804,A,1223,x
34805,D,1785,x
34806,B,1336,x
34807,B,1294,x
34809,B,1773,x
34810,D,1629,x
34811,B,1956,x
34813,A,1925,x
34814,D,1056,x
34816,D,1195,x
34817,C,1633,x
34820,A,1771,x
34822,D,1191,x
34825,B,1441,x
34826,C,1863,x
34827,C,1559,x
34830,D,1363,x
34831,D,1635,x
34832,B,1662,x
34834,A,1861,x
34835,C,1907,x
34837,C,1401,x
34839,D,1968,x
34840,A,1635,x
34841,C,1003,x
34844,B,1459,x
34845,C,1110,x
34847,B,1347,x
34849,B,1440,x
34850,A,1778,x
34854,A,1990,x
34857,D,1549,x
34858,A,1700,x
34859,C,1359,x
34864,D,1905,x
34865,C,1152,x
34868,B,1894,x
34869,D,1568,x
34871,C,1779,x
34872,A,1282,x
34877,C,1205,x
34879,B,1726,x
34880,A,1496,x
34882,C,1051,x
34884,C,1730,x
34886,D,1222,x
34887,B,1286,x
34888,D,1245,x
34892,D,1068,x
34893,B,1707,x
34897,D,1734,x
34898,B,1071,x
34899,C,1321,x
34900,C,1416,x
34901,B,1005,x
34902,B,1042,x
34904,D,1645,x
34908,B,1011,x
34911,C,1940,x
34919,B,1735,x
34921,B,1536,x
34923,D,1090,x
34925,D,1771,x
34927,D,1759,x
34928,D,1279,x
34929,A,1131,x
34930,B,1542,x
34933,C,1175,x
34935,C,1671,x
34936,D,1138,x
34947,D,1284,x
34949,D,1413,x
34951,A,1660,x
34952,C,1403,x
34954,C,1576,x
34957,D,1279,x
34958,C,1114,x
34959,A,1777,x
34961,A,1185,x
34962,C,1238,x
34963,B,1606,x
34964,B,1048,x
34966,D,1225,x
34967,B,1543,x
34969,C,1670,x
34970,D,1118,x
34973,C,1488,x
34975,C,1030,x
34976,C,1656,x
34977,D,1336,x
34978,D,1153,x
34979,C,1848,x
34981,B,1294,x
34984,C,1088,x
34986,B,1966,x
34988,C,1555,x
34991,A,1038,x
34992,D,1952,x
34993,B,1454,x
34994,D,1803,x
34995,C,1200,x
34997,D,1387,x
34998,A,1247,x
35002,B,1812,x
35006,D,1726,x
35008,C,1191,x
35009,B,1211,x
35012,C,1371,x
35013,B,1911,x
35022,A,1478,x
35026,A,1005,x
35032,A,1433,x
35034,A,1106,x
35035,B,1256,x
35037,C,1254,x
35039,A,1981,x
35040,D,1517,x
35042,A,1012,x
35043,D,1240,x
35047,A,1682,x
35052,C,1508,x
35053,C,1414,x
35056,D,1145,x
35057,A,1424,x
35060,D,1117,x
35061,D,1009,x
35062,C,1115,x
35064,D,1114,x
35065,A,1348,x
35066,C,1710,x
35069,A,1441,x
35070,D,1343,x
35073,B,1392,x
35075,D,1219,x
35076,A,1407,x
35078,C,1703,x
35081,C,1319,x
35082,B,1916,x
35083,D,1411,x
35087,D,1872,x
35088,B,1777,x
35089,D,1799,x
35091,C,1979,x
35093,D,1181,x
35096,D,1706,x
35097,B,1459,x
35100,D,1091,x
35102,B,1071,x
35104,B,1433,x
35109,C,1430,x
35110,A,1954,x
35111,B,1304,x
35115,D,1665,x
35116,C,1433,x
35119,D,1174,x
35120,B,1006,x
35121,D,1834,x
35122,D,1753,x
35124,C,1189,x
35125,B,1868,x
35128,A,1043,x
35129,C,1732,x
35133,D,1225,x
35135,A,1975,x
35136,C,1001,x
35138,C,1149,x
35139,C,1687,x
35144,A,1793,x
35145,B,1668,x
35146,C,1140,x
35149,D,1387,x
35150,D,1044,x
35151,B,1147,x
35153,B,1999,x
35154,A,1255,x
35155,A,1960,x
35156,D,1028,x
35157,A,1792,x
35158,A,1832,x
35160,D,1112,x
35162,D,1338,x
35167,C,1273,x
35168,B,1203,x
35169,D,1642,x
35170,A,1145,x
35171,C,1991,x
35173,A,1850,x
35174,C,1030,x
35175,D,1967,x
35176,D,1634,x
35177,C,1360,x
35180,A,1823,x
35182,A,1520,x
35185,B,1330,x
35194,D,1667,x
35196,C,1550,x
35197,D,1741,x
35198,D,1282,x
35204,B,1746,x
35205,B,1887,x
35206,C,1439,x
35209,B,1145,x
35212,A,1840,x
35213,B,1304,x
35214,A,1275,x
35215,A,1440,x
35216,B,1963,x
35217,C,1322,x
35218,D,1974,x
35221,D,1216,x
35222,D,1810,x
35224,C,1186,x
35226,C,1254,x
35227,D,1781,x
35228,C,1967,x
35230,C,1247,x
35231,C,1057,x
35233,B,1316,x
35234,D,1902,x
35235,C,1534,x
35236,D,1270,x
35237,C,1818,x
35238,D,1457,x
35239,A,1176,x
35242,D,1662,x
35249,D,1092,x
35251,B,1297,x
35252,B,1934,x
35253,A,1431,x
35255,C,1163,x
35256,D,1357,x
35259,C,1636,x
35262,D,1439,x
35264,C,1254,x
35265,D,1710,x
35267,A,1408,x
35268,C,1031,x
35269,B,1842,x
35273,C,1610,x
35274,C,1522,x
35275,A,1854,x
35276,A,1086,x
35284,C,1231,x
35286,A,1169,x
35287,C,1774,x
35292,A,1332,x
35293,C,1031,x
35295,A,1407,x
35299,A,1700,x
35300,C,1674,x
35301,D,1689,x
35302,C,1736,x
35304,D,1004,x
35306,B,1127,x
35307,B,1228,x
35313,B,1235,x
35315,C,1914,x
35318,B,1675,x
35319,A,1027,x
35320,B,1372,x
35322,C,1250,x
35323,C,1738,x
35325,C,1732,x
35327,A,1526,x
35330,A,1777,x
35332,B,1911,x
35334,D,1203,x
35335,D,1294,x
35341,A,1812,x
35343,C,1938,x
35345,A,1989,x
35351,C,1102,x
35353,C,1799,x
35354,B,1533,x
35355,D,1794,x
35356,C,1291,x
35357,C,1908,x
35358,C,1536,x
35359,A,1890,x
35360,D,1856,x
35362,C,1773,x
35366,B,1160,x
35368,A,1686,x
35370,C,1192,x
35373,A,1461,x
35375,C,1973,x
35376,C,1855,x
35382,D,1377,x
35383,B,1902,x
35387,B,1653,x
35388,C,1894,x
35391,C,1301,x
35392,A,1727,x
35395,D,1067,x
35401,A,1664,x
35405,A,1508,x
35406,C,1359,x
35412,A,1533,x
35413,C,1370,x
35414,B,1950,x
35415,A,1798,x
35423,D,1342,x
35424,B,1070,x
35425,B,1113,x
35427,D,1900,x
35428,B,1653,x
35430,B,1757,x
35432,A,1444,x
35436,C,1304,x
35437,C,1938,x
35438,B,1106,x
35439,D,1527,x
35440,C,1901,x
35441,D,1141,x
35442,D,1247,x
35444,C,1721,x
35445,D,1495,x
35446,C,1802,x
35450,D,1961,x
35451,B,1642,x
35452,B,1707,x
35454,B,1611,x
35455,B,1390,x
35456,D,1180,x
35457,D,1475,x
35460,C,1036,x
35462,C,1829,x
35463,C,1777,x
35467,D,1435,x
35469,D,1139,x
35475,C,1136,x
35477,A,1823,x
35482,A,1927,x
35483,C,1892,x
35488,A,1084,x
35489,D,1207,x
35490,B,1596,x
35494,C,1082,x
35496,B,1553,x
35498,B,1752,x
35499,D,1622,x
35500,D,1032,x
35502,D,1760,x
35503,D,1086,x
35504,A,1592,x
35505,A,1301,x
35507,C,1965,x
35510,D,1939,x
35516,D,1063,x
35517,D,1536,x
35519,A,1505,x
35522,D,1094,x
35523,B,1773,x
35524,C,1965,x
35525,B,1249,x
35526,C,1543,x
35527,C,1571,x
35531,B,1229,x
35532,C,1926,x
35534,D,1607,x
35536,D,1170,x
35537,B,1651,x
35538,B,1732,x
35541,B,1828,x
35542,C,1083,x
35545,A,1719,x
35547,C,1398,x
35549,A,1232,x
35550,B,1210,x
35553,C,1688,x
35555,D,1144,x
35557,C,1992,x
35558,A,1606,x
35559,C,1869,x
35562,A,1092,x
35563,A,1227,x
35565,A,1243,x
35566,A,1994,x
35569,B,1269,x
35574,D,1985,x
35575,C,1780,x
35578,C,1063,x
35581,C,1647,x
35584,C,1221,x
35592,C,1325,x
35594,A,1472,x
35596,D,1462,x
35599,B,1427,x
35600,B,1008,x
35601,A,1452,x
35603,C,1287,x
35604,A,1831,x
35605,C,1050,x
35606,A,1432,x
35607,C,1978,x
35608,B,1577,x
35609,B,1241,x
35610,B,1978,x
35611,D,1162,x
35612,D,1519,x
35613,A,1894,x
35614,B,1489,x
35616,D,1585,x
35618,A,1895,x
35619,C,1039,x
35620,C,1652,x
35622,B,1594,x
35623,C,1740,x
35624,B,1738,x
35626,D,1878,x
35628,C,1190,x
35630,A,1835,x
35635,B,1625,x
35636,C,1110,x
35637,A,1960,x
35641,B,1744,x
35642,D,1361,x
35643,A,1859,x
35645,B,1945,x
35646,B,1859,x
35647,B,1379,x
35650,D,1667,x
35652,A,1972,x
35654,B,1872,x
35655,A,1656,x
35656,B,1864,x
35657,D,1269,x
35660,B,1187,x
35661,D,1192,x
35666,C,1425,x
35667,B,1469,x
35668,A,1169,x
35671,A,1999,x
35672,A,1725,x
35674,B,1510,x
35675,C,1609,x
35676,A,1193,x
35679,A,1912,x
35680,B,1148,x
35682,D,1658,x
35684,D,1755,x
35685,C,1133,x
35687,C,1692,x
35689,D,1149,x
35691,D,1678,x
35692,D,1457,x
35694,B,1642,x
35695,A,1420,x
35698,B,1491,x
35700,A,1323,x
35702,B,1311,x
35704,B,1480,x
35706,A,1890,x
35709,C,1754,x
35710,B,1419,x
35711,C,1289,x
35713,A,1271,x
35714,C,1841,x
35715,A,1088,x
35716,B,1501,x
35717,D,1979,x
35718,B,1045,x
35720,A,1431,x
35724,D,1667,x
35726,D,1938,x
35727,B,1143,x
35728,A,1833,x
35729,A,1107,x
35731,D,1155,x
35734,A,1161,x
35735,B,1182,x
35737,C,1177,x
35741,D,1617,x
35744,C,1491,x
35745,A,1792,x
35746,D,1391,x
35747,B,1840,x
35750,B,1179,x
35754,A,1073,x
35755,D,1917,x
35757,B,1572,x
35758,A,1999,x
35767,B,1548,x
35768,A,1533,x
35769,A,1318,x
35771,D,1365,x
35772,A,1100,x
35776,D,1732,x
35779,D,1321,x
35780,C,1893,x
35781,A,1097,x
35783,D,1623,x
35784,D,1304,x
35785,A,1338,x
35786,D,1613,x
35787,D,1827,x
35789,A,1065,x
35790,A,1888,x
35792,C,1843,x
35796,D,1840,x
35801,C,1687,x
35802,A,1304,x
35804,D,1428,x
35806,D,1612,x
35807,D,1870,x
35808,B,1179,x
35809,C,1803,x
35810,C,1998,x
35811,C,1493,x
35812,B,1895,x
35813,C,1001,x
35814,D,1668,x
35815,A,1751,x
35817,A,1327,x
35820,A,1406,x
35824,C,1303,x
35827,B,1796,x
35828,A,1788,x
35829,D,1617,x
35830,A,1878,x
35831,C,1152,x
35834,D,1362,x
35836,C,1193,x
35839,A,1317,x
35840,B,1264,x
35842,A,1543,x
35848,B,1775,x
35849,A,1771,x
35850,B,1463,x
35851,B,1707,x
35853,A,1297,x
35854,B,1637,x
35856,D,1025,x
35859,B,1203,x
35861,C,1301,x
35862,B,1590,x
35865,B,1686,x
35867,A,1322,x
35871,C,1320,x
35872,C,1511,x
35874,A,1362,x
35877,D,1005,x
35878,C,1371,x
35880,C,1871,x
35884,D,1178,x
35885,A,1721,x
35887,D,1355,x
35889,C,1303,x
35890,B,1698,x
35892,B,1743,x
35893,B,1564,x
35895,B,1742,x
35898,C,1299,x
35899,A,1525,x
35903,D,1417,x
35904,D,1026,x
35905,C,1678,x
35906,B,1327,x
35907,A,1952,x
35910,B,1725,x
35911,D,1255,x
35913,D,1119,x
35918,A,1760,x
35920,B,1881,x
35923,A,1526,x
35924,A,1104,x
35926,A,1134,x
35930,C,1978,x
35932,A,1392,x
35934,D,1243,x
35935,B,1964,x
35936,A,1423,x
35938,C,1450,x
35940,A,1457,x
35941,D,1526,x
35946,A,1037,x
35947,A,1575,x
35949,B,1224,x
35950,C,1604,x
35952,D,1225,x
35955,A,1671,x
35956,D,1356,x
35957,A,1204,x
35959,D,1018,x
35960,B,1174,x
35962,D,1964,x
35963,D,1988,x
35966,B,1324,x
35967,C,1831,x
35968,C,1793,x
35969,A,1549,x
35970,D,1500,x
35971,C,1006,x
35977,B,1350,x
35980,C,1514,x
35983,B,1528,x
35985,A,1943,x
35986,B,1758,x
35989,D,1025,x
35991,D,1613,x
35992,D,1671,x
35993,A,1361,x
35998,B,1310,x
36001,A,1772,x
36006,D,1335,x
36010,B,1076,x
36011,D,1104,x
36012,A,1055,x
36016,A,1212,x
36017,B,1146,x
36018,A,1915,x
36019,C,1775,x
36021,B,1149,x
36022,D,1410,x
36024,B,1531,x
36025,C,1620,x
36027,C,1542,x
36028,C,1199,x
36029,A,1131,x
36031,A,1348,x
36035,A,1573,x
36037,C,1650,x
36038,D,1036,x
36040,C,1412,x
36042,A,1988,x
36043,D,1476,x
36045,B,1951,x
36050,B,1124,x
36051,A,1635,x
36053,D,1450,x
36056,A,1280,x
36058,B,1779,x
36059,C,1619,x
36060,A,1164,x
36064,C,1562,x
36065,D,1987,x
36067,C,1583,x
36069,B,1852,x
36072,D,1073,x
36073,D,1495,x
36075,A,1434,x
36078,A,1806,x
36080,D,1247,x
36083,B,1321,x
36084,B,1653,x
36085,B,1002,x
36091,C,1900,x
36092,A,1210,x
36094,A,1996,x
36096,D,1380,x
36100,D,1394,x
36101,D,1864,x
36102,A,1515,x
36103,A,1292,x
36106,A,1893,x
36107,D,1604,x
36108,B,1456,x
36110,A,1994,x
36111,C,1226,x
36114,D,1677,x
36117,D,1116,x
36119,D,1450,x
36120,B,1144,x
36121,D,1885,x
36122,B,1730,x
36123,B,1750,x
36124,C,1178,x
36125,B,1917,x
36127,A,1327,x
36128,B,1606,x
36129,C,1424,x
36132,B,1831,x
36133,C,1144,x
36135,B,1013,x
36136,C,1321,x
36139,A,1844,x
36141,B,1369,x
36143,D,1249,x
36146,B,1995,x
36147,C,1484,x
36148,A,1679,x
36150,C,1320,x
36151,B,1087,x
36152,D,1361,x
36154,B,1474,x
36156,A,1985,x
36157,D,1341,x
36160,B,1950,x
36164,A,1517,x
36165,A,1277,x
36167,A,1791,x
36170,B,1765,x
36171,B,1030,x
36175,C,1764,x
36179,A,1635,x
36180,A,1453,x
36183,C,1952,x
36186,D,1398,x
36188,C,1915,x
36189,C,1158,x
36190,B,1846,x
36193,C,1364,x
36196,B,1304,x
36197,C,1492,x
36198,A,1610,x
36199,D,1969,x
36201,B,1819,x
36206,B,1479,x
36207,C,1264,x
36208,A,1075,x
36209,A,1195,x
36214,B,1742,x
36221,D,1438,x
36224,D,1401,x
36225,D,1525,x
36226,B,1803,x
36227,A,1887,x
36228,D,1429,x
36230,C,1972,x
36231,D,1331,x
36233,B,1791,x
36234,D,1170,x
36239,A,1652,x
36240,C,1351,x
36243,B,1584,x
36244,A,1062,x
36245,A,1093,x
36249,D,1168,x
36251,A,1347,x
36253,C,1990,x
36255,A,1759,x
36256,D,1831,x
36257,C,1141,x
36266,B,1305,x
36269,C,1342,x
36270,B,1790,x
36271,D,1254,x
36272,C,1302,x
36274,D,1879,x
36275,B,1212,x
36276,A,1016,x
36279,C,1103,x
36280,C,1616,x
36281,C,1406,x
36285,D,1591,x
36287,B,1161,x
36288,B,1749,x
36289,D,1029,x
36291,C,1801,x
36292,C,1020,x
36293,B,1713,x
36294,B,1070,x
36297,D,1758,x
36299,D,1750,x
36302,A,1556,x
36304,A,1246,x
36305,B,1557,x
36306,B,1093,x
36311,B,1779,x
36312,C,1355,x
36313,C,1796,x
36315,B,1796,x
36318,A,1643,x
36319,C,1624,x
36321,A,1640,x
36322,D,1101,x
36323,C,1150,x
36325,C,1798,x
36326,B,1198,x
36328,B,1567,x
36329,C,1592,x
36330,B,1286,x
36334,D,1362,x
36335,D,1293,x
36336,C,1915,x
36341,D,1067,x
36342,D,1371,x
36343,B,1228,x
36345,B,1826,x
36347,B,1385,x
36349,B,1714,x
36350,D,1220,x
36351,D,1292,x
36356,D,1154,x
36362,B,1178,x
36363,B,1949,x
36364,C,1666,x
36366,B,1382,x
36367,D,1260,x
36369,B,1029,x
36370,B,1410,x
36371,D,1452,x
36375,A,1222,x
36376,D,1041,x
36377,C,1919,x
36378,A,1571,x
36379,D,1412,x
36382,D,1332,x
36383,D,1075,x
36384,D,1992,x
36385,A,1690,x
36386,B,1934,x
36387,A,1894,x
36391,C,1240,x
36392,D,1303,x
36394,C,1619,x
36395,B,1324,x
36396,C,1135,x
36399,B,1616,x
36401,B,1633,x
36402,C,1881,x
36403,D,1071,x
36406,C,1734,x
36407,A,1740,x
36408,C,1989,x
36409,A,1483,x
36410,D,1503,x
36412,B,1547,x
36416,A,1180,x
36418,C,1144,x
36421,A,1810,x
36422,D,1039,x
36423,C,1569,x
36427,D,1310,x
36436,A,1468,x
36438,B,1963,x
36440,C,1898,x
36441,B,1097,x
36444,D,1646,x
36446,A,1916,x
36452,B,1743,x
36454,D,1714,x
36457,A,1349,x
36459,A,1368,x
36460,B,1994,x
36461,C,1945,x
36464,A,1014,x
36467,D,1608,x
36468,A,1160,x
36472,C,1924,x
36473,C,1910,x
36474,B,1737,x
36476,B,1217,x
36478,A,1196,x
36479,D,1801,x
36480,C,1228,x
36482,B,1947,x
36484,C,1967,x
36486,D,1620,x
36487,C,1367,x
36497,D,1047,x
36498,A,1372,x
36502,B,1017,x
36504,A,1192,x
36506,A,1767,x
36507,B,1474,x
36508,B,1530,x
36509,A,1778,x
36512,C,1670,x
36514,D,1071,x
36520,A,1483,x
36522,C,1575,x
36527,B,1249,x
36528,D,1518,x
36532,B,1552,x
36535,A,1376,x
36536,A,1108,x
36537,C,1433,x
36540,D,1753,x
36541,B,1819,x
36544,A,1420,x
36545,D,1457,x
36546,D,1503,x
36547,B,1536,x
36551,C,1406,x
36552,C,1486,x
36557,C,1296,x
36558,B,1537,x
36571,C,1797,x
36574,A,1561,x
36576,C,1366,x
36577,A,1407,x
36579,D,1499,x
36580,A,1020,x
36581,A,1862,x
36582,A,1838,x
36583,A,1649,x
36584,B,1787,x
36590,A,1250,x
36591,C,1284,x
36593,B,1644,x
36594,D,1573,x
36595,A,1900,x
36596,A,1662,x
36598,C,1319,x
36599,D,1042,x
36604,A,1045,x
36605,C,1611,x
36608,C,1569,x
36609,D,1745,x
36611,C,1517,x
36616,D,1786,x
36620,C,1358,x
36622,D,1902,x
36625,A,1399,x
36626,C,1849,x
36627,C,1840,x
36628,B,1070,x
36630,A,1721,x
36633,B,1383,x
36634,B,1029,x
36635,A,1242,x
36638,D,1988,x
36641,D,1700,x
36642,A,1184,x
36643,D,1935,x
36645,C,1686,x
36647,B,1751,x
36657,A,1936,x
36659,D,1804,x
36661,A,1211,x
36662,C,1488,x
36667,C,1182,x
36668,D,1121,x
36669,D,1897,x
36670,D,1728,x
36672,C,1957,x
36673,A,1372,x
36674,D,1527,x
36677,B,1442,x
36679,C,1624,x
36682,A,1663,x
36683,C,1714,x
36684,D,1511,x
36686,B,1665,x
36687,B,1770,x
36688,C,1726,x
36690,C,1102,x
36691,A,1296,x
36692,B,1730,x
36694,C,1796,x
36695,B,1269,x
36697,D,1219,x
36698,C,1876,x
36699,C,1982,x
36700,A,1178,x
36701,B,1630,x
36703,B,1848,x
36706,B,1608,x
36707,C,1871,x
36708,A,1297,x
36710,A,1029,x
36713,C,1872,x
36714,C,1859,x
36715,A,1951,x
36716,A,1399,x
36717,B,1152,x
36720,A,1579,x
36721,A,1410,x
36725,D,1980,x
36726,A,1176,x
36728,C,1972,x
36729,A,1291,x
36730,B,1209,x
36731,B,1719,x
36733,B,1019,x
36736,A,1352,x
36738,C,1164,x
36740,A,1329,x
36742,D,1824,x
36744,D,1563,x
36746,D,1299,x
36747,C,1002,x
36749,C,1014,x
36751,B,1723,x
36755,C,1902,x
36756,D,1028,x
36757,A,1638,x
36762,C,1506,x
36763,B,1136,x
36765,A,1713,x
36766,A,1873,x
36767,D,1067,x
36769,C,1123,x
36770,B,1403,x
36772,B,1006,x
36774,B,1958,x
36775,C,1146,x
36779,D,1441,x
36781,D,1364,x
36782,B,1793,x
36783,C,1798,x
36785,C,1178,x
36786,C,1284,x
36788,C,1890,x
36789,B,1849,x
36790,D,1022,x
36792,A,1567,x
36795,B,1461,x
36798,D,1495,x
36799,A,1601,x
36803,B,1486,x
36805,A,1515,x
36807,B,1182,x
36810,A,1807,x
36811,D,1689,x
36812,A,1560,x
36815,A,1048,x
36818,D,1372,x
36819,C,1577,x
36822,D,1803,x
36823,A,1549,x
36825,A,1155,x
36828,D,1096,x
36829,B,1112,x
36832,C,1568,x
36834,B,1150,x
36835,C,1417,x
36836,B,1874,x
36837,D,1904,x
36841,D,1201,x
36842,D,1087,x
36843,A,1250,x
36844,D,1021,x
36845,A,1449,x
36846,D,1652,x
36850,B,1761,x
36852,D,1885,x
36856,C,1425,x
36858,D,1882,x
36863,A,1928,x
36865,D,1494,x
36867,D,1237,x
36869,C,1180,x
36870,D,1433,x
36871,D,1918,x
36872,C,1275,x
36875,D,1272,x
36876,A,1582,x
36877,C,1783,x
36878,B,1017,x
36882,D,1517,x
36883,D,1886,x
36888,C,1693,x
36889,D,1594,x
36890,B,1409,x
36891,C,1018,x
36895,A,1394,x
36898,C,1560,x
36903,A,1597,x
36906,C,1833,x
36907,D,1397,x
36908,C,1312,x
36909,D,1574,x
36910,C,1740,x
36913,B,1311,x
36916,D,1717,x
36918,D,1635,x
36921,A,1971,x
36926,D,1450,x
36927,A,1814,x
36933,A,1032,x
36939,A,1692,x
36940,D,1941,x
36942,C,1326,x
36944,B,1067,x
36945,B,1328,x
36946,A,1201,x
36949,B,1870,x
36950,B,1387,x
36951,B,1203,x
36952,A,1108,x
36953,D,1252,x
36954,C,1964,x
36957,B,1094,x
36958,B,1075,x
36959,D,1729,x
36965,D,1361,x
36969,D,1766,x
36973,A,1991,x
36974,A,1235,x
36975,D,1772,x
36976,C,1979,x
36977,A,1835,x
36978,A,1238,x
36981,A,1260,x
36982,D,1198,x
36984,B,1622,x
36985,C,1952,x
36986,A,1034,x
36987,B,1649,x
36992,B,1132,x
36995,C,1710,x
36998,B,1637,x
36999,D,1994,x
37000,C,1145,x
37001,C,1097,x
37002,B,1472,x
37004,D,1485,x
37005,D,1849,x
37006,D,1964,x
37014,D,1036,x
37021,D,1965,x
37023,B,1237,x
37024,C,1411,x
37026,A,1633,x
37027,A,1663,x
37028,A,1343,x
37032,D,1700,x
37033,A,1862,x
37034,C,1436,x
37038,C,1743,x
37039,D,1346,x
37040,D,1063,x
37041,D,1401,x
37043,B,1683,x
37045,D,1199,x
37046,D,1083,x
37048,C,1741,x
37049,C,1624,x
37050,A,1631,x
37054,A,1042,x
37055,B,1727,x
37058,A,1139,x
37059,B,1393,x
37062,D,1779,x
37063,B,1858,x
37066,D,1555,x
37067,A,1048,x
37069,A,1390,x
37070,D,1777,x
37071,D,1814,x
37072,A,1195,x
37075,A,1682,x
37076,B,1627,x
37078,D,1636,x
37079,C,1046,x
37082,C,1478,x
37083,B,1471,x
37085,D,1798,x
37086,A,1395,x
37091,B,1238,x
37092,B,1846,x
37093,D,1870,x
37094,B,1849,x
37095,C,1575,x
37097,C,1352,x
37099,A,1434,x
37102,A,1151,x
37104,B,1558,x
37105,A,1966,x
37107,A,1959,x
37108,B,1481,x
37111,B,1917,x
37115,D,1102,x
37116,A,1430,x
37117,D,1561,x
37120,D,1671,x
37122,C,1660,x
37123,C,1212,x
37126,B,1695,x
37127,A,1562,x
37129,C,1644,x
37133,A,1672,x
37134,B,1122,x
37135,B,1959,x
37138,C,1317,x
37139,C,1801,x
37140,A,1176,x
37142,D,1557,x
37143,B,1992,x
37144,C,1168,x
37147,B,1556,x
37148,D,1549,x
37150,D,1880,x
37151,D,1569,x
37154,B,1919,x
37155,A,1859,x
37156,B,1055,x
37159,B,1152,x
37160,D,1895,x
37161,A,1369,x
37162,A,1220,x
37163,D,1713,x
37166,B,1742,x
37167,A,1265,x
37168,C,1378,x
37169,A,1827,x
37171,A,1416,x
37175,B,1785,x
37177,D,1214,x
37178,D,1606,x
37181,B,1675,x
37185,A,1287,x
37186,C,1485,x
37187,A,1498,x
37188,D,1247,x
37193,D,1683,x
37195,C,1637,x
37196,B,1109,x
37197,C,1356,x
37198,A,1880,x
37199,C,1006,x
37200,A,1498,x
37201,A,1522,x
37203,D,1310,x
37205,B,1133,x
37207,A,1761,x
37209,D,1330,x
37212,A,1427,x
37213,B,1627,x
37214,D,1136,x
37215,B,1621,x
37219,D,1497,x
37225,A,1414,x
37226,A,1072,x
37231,C,1522,x
37233,B,1158,x
37234,B,1574,x
37235,D,1416,x
37238,C,1284,x
37240,D,1573,x
37242,D,1983,x
37243,A,1827,x
37244,B,1776,x
37245,B,1343,x
37247,D,1039,x
37248,A,1598,x
37251,B,1685,x
37256,D,1134,x
37257,D,1863,x
37258,C,1570,x
37261,D,1678,x
37262,D,1552,x
37263,C,1270,x
37266,C,1271,x
37267,D,1562,x
37269,A,1537,x
37272,C,1282,x
37273,B,1556,x
37274,C,1915,x
37277,B,1231,x
37280,B,1692,x
37281,C,1249,x
37287,A,1355,x
37288,D,1176,x
37289,D,1028,x
37291,A,1983,x
37293,C,1325,x
37294,D,1548,x
37296,A,1913,x
37297,B,1502,x
37298,B,1379,x
37299,D,1361,x
37300,C,1100,x
37301,B,1334,x
37302,D,1690,x
37303,C,1393,x
37307,B,1320,x
37308,C,1571,x
37309,C,1165,x
37311,A,1316,x
37312,D,1913,x
37315,D,1268,x
37319,B,1142,x
37324,C,1077,x
37327,B,1697,x
37329,A,1045,x
37330,A,1783,x
37333,D,1542,x
37334,A,1523,x
37336,A,1608,x
37337,A,1428,x
37338,B,1125,x
37341,D,1122,x
37342,D,1188,x
37343,A,1234,x
37344,C,1874,x
37347,B,1937,x
37351,C,1736,x
37352,D,1685,x
37353,C,1919,x
37354,A,1693,x
37355,A,1120,x
37357,D,1240,x
37358,D,1591,x
37362,A,1442,x
37363,B,1322,x
37369,B,1741,x
37370,D,1026,x
37371,C,1703,x
37373,C,1625,x
37374,A,1118,x
37380,D,1655,x
37383,D,1243,x
37387,A,1219,x
37388,B,1730,x
37389,B,1869,x
37390,A,1719,x
37392,D,1667,x
37396,B,1543,x
37398,C,1137,x
37402,C,1857,x
37405,D,1425,x
37406,A,1071,x
37408,B,1811,x
37409,B,1988,x
37412,A,1387,x
37413,B,1203,x
37414,D,1581,x
37415,B,1432,x
37416,C,1915,x
37417,A,1839,x
37419,C,1649,x
37423,C,1694,x
37425,B,1283,x
37428,D,1128,x
37433,D,1277,x
37434,D,1415,x
37435,D,1400,x
37437,C,1869,x
37438,C,1769,x
37441,C,1350,x
37442,B,1461,x
37443,A,1720,x
37444,C,1499,x
37446,B,1556,x
37448,B,1309,x
37449,C,1552,x
37451,C,1063,x
37453,B,1372,x
37455,C,1518,x
37457,B,1409,x
37458,B,1531,x
37461,D,1042,x
37464,D,1006,x
37467,C,1288,x
37468,C,1754,x
37471,A,1142,x
37472,A,1217,x
37474,B,1907,x
37479,C,1315,x
37480,B,1602,x
37481,C,1401,x
37482,B,1230,x
37483,D,1083,x
37485,D,1801,x
37488,D,1663,x
37489,B,1076,x
37490,B,1073,x
37494,C,1549,x
37498,A,1441,x
37500,C,1630,x
37504,D,1397,x
37506,B,1576,x
37507,B,1555,x
37509,D,1476,x
37513,A,1959,x
37515,D,1132,x
37517,D,1069,x
37519,C,1203,x
37525,C,1494,x
37527,A,1430,x
37528,C,1111,x
37529,B,1904,x
37530,D,1574,x
37532,D,1206,x
37533,A,1729,x
37535,B,1121,x
37536,D,1815,x
37538,C,1672,x
37548,D,1994,x
37552,B,1675,x
37554,C,1735,x
37555,A,1015,x
37557,A,1809,x
37560,A,1489,x
37561,B,1142,x
37563,A,1001,x
37564,B,1454,x
37566,C,1173,x
37567,D,1706,x
37568,B,1752,x
37570,C,1762,x
37571,B,1717,x
37572,D,1605,x
37573,D,1873,x
37575,D,1758,x
37576,D,1372,x
37577,A,1141,x
37578,B,1510,x
37580,A,1378,x
37581,B,1466,x
37582,D,1817,x
37585,C,1305,x
37586,A,1475,x
37587,D,1822,x
37588,D,1176,x
37589,D,1836,x
37591,A,1089,x
37593,A,1909,x
37594,C,1086,x
37595,C,1104,x
37601,B,1431,x
37602,D,1507,x
37603,A,1553,x
37604,D,1360,x
37605,B,1991,x
37606,C,1036,x
37607,D,1845,x
37609,B,1461,x
37610,D,1690,x
37613,D,1270,x
37616,A,1800,x
37617,B,1778,x
37618,D,1762,x
37619,C,1159,x
37621,C,1039,x
37623,B,1511,x
37626,A,1274,x
37628,B,1375,x
37629,A,1687,x
37630,C,1907,x
37631,B,1457,x
37632,B,1844,x
37634,D,1422,x
37637,B,1450,x
37639,C,1869,x
37640,B,1953,x
37644,D,1316,x
37645,C,1718,x
37646,C,1259,x
37648,B,1607,x
37649,B,1379,x
37650,C,1307,x
37652,B,1716,x
37654,D,1517,x
37655,B,1032,x
37656,C,1142,x
37662,A,1690,x
37663,A,1487,x
37666,B,1941,x
37667,A,1994,x
37669,A,1866,x
37671,B,1967,x
37672,B,1018,x
37673,D,1282,x
37675,C,1401,x
37676,C,1291,x
37678,C,1761,x
37681,B,1054,x
37683,D,1055,x
37684,B,1467,x
37685,C,1731,x
37686,A,1923,x
37689,C,1800,x
37691,D,1250,x
37693,D,1762,x
37695,A,1458,x
37698,A,1980,x
37699,B,1636,x
37700,D,1448,x
37706,C,1881,x
37710,C,1420,x
37712,B,1328,x
37713,A,1841,x
37714,B,1456,x
37715,C,1695,x
37717,A,1848,x
37718,C,1704,x
37720,A,1101,x
37721,C,1094,x
37723,B,1208,x
37724,D,1469,x
37725,C,1085,x
37727,B,1588,x
37730,D,1181,x
37731,C,1063,x
37732,B,1352,x
37733,A,1798,x
37734,A,1661,x
37738,C,1953,x
37743,C,1510,x
37746,A,1751,x
37748,B,1356,x
37751,A,1077,x
37753,A,1882,x
37755,D,1873,x
37760,D,1899,x
37762,B,1898,x
37767,B,1722,x
37769,D,1166,x
37770,A,1260,x
37772,B,1117,x
37774,D,1384,x
37779,D,1633,x
37780,D,1355,x
37782,A,1583,x
37784,A,1019,x
37785,C,1959,x
37788,C,1578,x
37789,D,1274,x
37792,D,1945,x
37795,B,1463,x
37797,A,1820,x
37799,A,1652,x
37800,C,1895,x
37805,A,1742,x
37809,C,1699,x
37811,B,1272,x
37813,B,1137,x
37814,B,1653,x
37815,C,1364,x
37816,C,1026,x
37817,D,1500,x
37823,D,1629,x
37824,A,1341,x
37826,D,1941,x
37832,B,1521,x
37836,A,1738,x
37837,C,1958,x
37838,A,1610,x
37839,B,1044,x
37840,A,1583,x
37841,A,1667,x
37842,C,1147,x
37843,C,1074,x
37846,B,1328,x
37849,B,1081,x
37850,B,1687,x
37852,B,1985,x
37853,C,1449,x
37858,C,1757,x
37860,D,1149,x
37862,B,1688,x
37863,D,1026,x
37864,C,1485,x
37867,A,1168,x
37869,D,1346,x
37872,A,1835,x
37875,D,1437,x
37876,B,1225,x
37879,B,1503,x
37882,D,1387,x
37883,C,1599,x
37884,D,1315,x
37885,D,1651,x
37886,B,1681,x
37888,C,1712,x
37889,C,1932,x
37890,D,1618,x
37892,B,1247,x
37893,B,1242,x
37895,B,1553,x
37898,C,1465,x
37899,A,1521,x
37901,C,1290,x
37903,B,1335,x
37906,B,1217,x
37907,A,1507,x
37908,C,1996,x
37910,B,1530,x
37913,C,1087,x
37914,C,1782,x
37916,C,1701,x
37920,D,1116,x
37922,C,1590,x
37924,C,1121,x
37926,A,1294,x
37928,B,1940,x
37929,C,1713,x
37930,B,1775,x
37931,B,1740,x
37933,A,1296,x
37939,D,1713,x
37941,D,1839,x
37943,D,1070,x
37944,B,1808,x
37948,A,1560,x
37949,D,1211,x
37950,C,1581,x
37951,B,1026,x
37954,A,1053,x
37956,A,1284,x
37962,B,1598,x
37963,B,1182,x
37964,D,1061,x
37965,B,1422,x
37967,B,1037,x
37968,C,1403,x
37971,A,1329,x
37972,A,1156,x
37974,B,1925,x
37977,A,1084,x
37978,D,1170,x
37980,D,1572,x
37981,C,1405,x
37984,A,1184,x
37985,D,1432,x
37986,C,1940,x
37994,C,1228,x
37995,C,1026,x
37996,D,1479,x
37998,C,1281,x
37999,C,1495,x
38001,A,1140,x
38008,A,1961,x
38009,C,1579,x
38010,C,1723,x
38017,C,1308,x
38019,C,1371,x
38020,D,1264,x
38021,C,1078,x
38023,C,1825,x
38024,C,1898,x
38026,A,1533,x
38028,A,1915,x
38029,B,1582,x
38030,D,1444,x
38031,D,1052,x
38032,A,1593,x
38034,A,1124,x
38035,D,1469,x
38036,D,1823,x
38037,C,1869,x
38039,B,1892,x
38040,B,1777,x
38044,D,1638,x
38045,B,1877,x
38052,C,1839,x
38053,D,1270,x
38055,A,1379,x
38058,A,1919,x
38062,A,1391,x
38064,B,1358,x
38065,D,1147,x
38066,A,1575,x
38070,B,1534,x
38071,B,1814,x
38072,A,1645,x
38074,D,1104,x
38078,D,1989,x
38079,B,1976,x
38081,D,1462,x
38082,C,1211,x
38083,A,1375,x
38085,C,1282,x
38086,B,1132,x
38088,A,1827,x
38089,C,1709,x
38092,C,1205,x
38093,D,1711,x
38097,D,1286,x
38098,D,1496,x
38099,C,1428,x
38101,A,1061,x
38102,C,1939,x
38104,C,1710,x
38105,B,1804,x
38106,C,1498,x
38107,B,1647,x
38108,C,1188,x
38110,B,1760,x
38112,C,1082,x
38113,C,1076,x
38114,C,1555,x
38116,D,1661,x
38118,B,1885,x
38119,D,1651,x
38121,B,1867,x
38124,A,1208,x
38126,A,1259,x
38127,C,1382,x
38128,C,1944,x
38129,A,1445,x
38132,A,1062,x
38133,D,1440,x
38135,C,1399,x
38136,A,1263,x
38137,D,1259,x
38138,A,1250,x
38140,A,1410,x
38148,B,1812,x
38150,C,1957,x
38153,B,1434,x
38155,D,1907,x
38156,A,1472,x
38158,A,1562,x
38161,B,1276,x
38162,A,1831,x
38164,C,1712,x
38165,A,1202,x
38166,B,1125,x
38169,B,1117,x
38174,D,1435,x
38175,A,1330,x
38178,A,1216,x
38179,C,1662,x
38182,B,1235,x
38184,A,1874,x
38185,D,1515,x
38187,A,1727,x
38188,C,1113,x
38189,B,1306,x
38192,C,1403,x
38194,A,1869,x
38195,B,1952,x
38196,D,1396,x
38198,D,1604,x
38199,B,1737,x
38202,A,1488,x
38203,D,1914,x
38206,A,1944,x
38208,D,1578,x
38211,D,1413,x
38212,A,1266,x
38214,B,1910,x
38216,B,1072,x
38217,A,1235,x
38219,C,1824,x
38221,C,1210,x
38222,A,1483,x
38223,B,1875,x
38225,B,1525,x
38227,D,1901,x
38228,D,1948,x
38231,A,1162,x
38233,A,1150,x
38237,C,1879,x
38238,A,1070,x
38239,D,1632,x
38240,D,1307,x
38241,A,1931,x
38245,B,1834,x
38246,B,1753,x
38247,C,1208,x
38249,D,1080,x
38250,D,1501,x
38255,B,1245,x
38257,A,1603,x
38260,A,1812,x
38262,B,1667,x
38263,B,1122,x
38264,D,1192,x
38265,A,1777,x
38266,B,1499,x
38267,D,1204,x
38268,D,1955,x
38271,B,1853,x
38272,B,1115,x
38273,B,1168,x
38275,D,1286,x
38279,B,1506,x
38280,D,1442,x
38284,D,1131,x
38285,B,1464,x
38286,C,1885,x
38288,B,1109,x
38291,A,1448,x
38292,A,1654,x
38299,A,1326,x
38301,D,1798,x
38305,A,1851,x
38306,D,1554,x
38311,B,1708,x
38317,B,1847,x
38318,D,1432,x
38320,A,1163,x
38323,C,1790,x
38325,C,1354,x
38331,B,1499,x
38334,B,1273,x
38336,D,1364,x
38341,A,1117,x
38342,C,1737,x
38345,C,1459,x
38346,D,1008,x
38347,C,1802,x
38349,D,1157,x
38350,A,1990,x
38351,B,1950,x
38356,D,1578,x
38357,A,1507,x
38358,A,1525,x
38360,B,1417,x
38361,A,1573,x
38363,C,1639,x
38364,D,1382,x
38368,C,1881,x
38370,A,1335,x
38372,C,1075,x
38373,C,1179,x
38374,B,1585,x
38376,C,1521,x
38380,D,1913,x
38383,B,1237,x
38384,B,1141,x
38387,A,1606,x
38390,C,1262,x
38391,D,1485,x
38394,A,1774,x
38397,C,1380,x
38398,D,1662,x
38401,B,1799,x
38403,A,1078,x
38408,B,1230,x
38411,B,1377,x
38412,A,1954,x
38413,A,1564,x
38414,C,1216,x
38416,C,1244,x
38418,D,1884,x
38421,A,1931,x
38422,B,1517,x
38423,A,1374,x
38425,B,1880,x
38426,A,1651,x
38427,A,1186,x
38430,C,1208,x
38431,C,1002,x
38432,D,1734,x
38433,C,1697,x
38434,D,1024,x
38435,B,1866,x
38437,C,1832,x
38438,D,1797,x
38439,D,1436,x
38443,A,1688,x
38444,D,1565,x
38446,D,1296,x
38448,B,1396,x
38449,C,1806,x
38451,C,1204,x
38452,A,1579,x
38455,A,1680,x
38457,A,1426,x
38458,D,1647,x
38461,D,1345,x
38462,B,1044,x
38463,B,1589,x
38464,D,1774,x
38465,D,1359,x
38466,A,1769,x
38467,B,1952,x
38471,D,1245,x
38472,C,1204,x
38474,B,1811,x
38475,C,1334,x
38478,C,1823,x
38481,B,1565,x
38487,C,1975,x
38488,C,1141,x
38489,B,1480,x
38493,C,1132,x
38496,D,1053,x
38501,C,1846,x
38502,A,1769,x
38503,C,1465,x
38504,B,1786,x
38509,D,1959,x
38510,B,1530,x
38511,D,1729,x
38513,B,1018,x
38515,B,1248,x
38518,B,1634,x
38521,C,1338,x
38522,C,1607,x
38523,D,1886,x
38524,B,1705,x
38526,D,1920,x
38530,D,1192,x
38539,C,1311,x
38542,B,1038,x
38544,A,1001,x
38545,A,1568,x
38547,D,1292,x
38548,D,1510,x
38549,C,1475,x
38550,D,1040,x
38553,D,1819,x
38555,B,1382,x
38556,C,1507,x
38557,D,1952,x
38558,D,1009,x
38559,D,1629,x
38560,C,1368,x
38562,D,1291,x
38564,C,1072,x
38566,D,1430,x
38568,C,1463,x
38569,D,1053,x
38571,A,1147,x
38572,C,1370,x
38576,C,1538,x
38578,D,1331,x
38579,D,1931,x
38583,B,1694,x
38584,C,1702,x
38585,C,1906,x
38589,C,1854,x
38591,A,1200,x
38594,C,1707,x
38596,C,1924,x
38599,B,1230,x
38603,A,1309,x
38604,B,1655,x
38605,A,1554,x
38607,C,1214,x
38610,B,1758,x
38611,C,1161,x
38613,A,1731,x
38615,B,1026,x
38616,A,1626,x
38619,D,1585,x
38620,B,1748,x
38621,A,1290,x
38627,A,1969,x
38629,D,1454,x
38630,B,1747,x
38632,C,1319,x
38633,C,1894,x
38635,B,1739,x
38637,D,1076,x
38638,A,1378,x
38639,A,1646,x
38640,B,1289,x
38642,B,1020,x
38645,C,1607,x
38646,C,1361,x
38647,A,1705,x
38648,B,1256,x
38652,D,1859,x
38655,B,1553,x
38657,A,1480,x
38658,B,1346,x
38659,C,1244,x
38661,A,1331,x
38662,D,1521,x
38664,B,1231,x
38667,D,1384,x
38668,B,1090,x
38670,D,1635,x
38672,D,1694,x
38676,A,1817,x
38677,A,1668,x
38678,C,1559,x
38680,C,1843,x
38681,C,1986,x
38683,C,1238,x
38685,A,1170,x
38689,C,1953,x
38690,C,1113,x
38692,C,1745,x
38693,C,1594,x
38696,B,1486,x
38699,B,1185,x
38701,D,1283,x
38702,D,1471,x
38708,B,1745,x
38712,D,1440,x
38714,C,1100,x
38715,A,1311,x
38716,A,1454,x
38717,D,1526,x
38718,C,1764,x
38720,D,1153,x
38721,C,1489,x
38722,B,1005,x
38723,D,1832,x
38726,B,1528,x
38727,C,1175,x
38733,D,1814,x
38735,A,1394,x
38736,A,1357,x
38740,A,1533,x
38742,C,1188,x
38743,D,1091,x
38745,A,1602,x
38748,A,1427,x
38749,B,1792,x
38750,B,1037,x
38751,C,1275,x
38752,A,1381,x
38753,A,1111,x
38754,B,1771,x
38755,B,1817,x
38756,B,1464,x
38757,C,1731,x
38758,D,1889,x
38759,A,1404,x
38763,C,1827,x
38765,C,1474,x
38766,C,1086,x
38767,D,1714,x
38769,D,1412,x
38772,A,1269,x
38775,C,1293,x
38776,D,1602,x
38777,D,1068,x
38778,A,1875,x
38781,A,1040,x
38784,A,1951,x
38786,A,1448,x
38790,A,1447,x
38793,C,1245,x
38800,C,1030,x
38802,D,1476,x
38803,C,1966,x
38809,B,1897,x
38810,D,1830,x
38813,A,1230,x
38821,D,1719,x
38822,C,1680,x
38823,D,1653,x
38824,D,1348,x
38826,C,1919,x
38827,D,1135,x
38828,B,1334,x
38829,B,1442,x
38830,C,1635,x
38832,A,1620,x
38833,A,1013,x
38834,C,1821,x
38835,A,1259,x
38838,A,1957,x
38842,C,1112,x
38845,C,1200,x
38847,D,1556,x
38848,D,1055,x
38850,C,1607,x
38851,B,1718,x
38854,B,1795,x
38859,B,1176,x
38861,D,1375,x
38862,A,1092,x
38863,B,1308,x
38865,D,1613,x
38870,A,1169,x
38873,B,1011,x
38875,A,1006,x
38876,B,1663,x
38878,C,1590,x
38880,A,1715,x
38881,D,1150,x
38884,D,1242,x
38885,A,1418,x
38886,B,1559,x
38889,C,1895,x
38890,D,1112,x
38891,B,1032,x
38893,D,1853,x
38895,A,1003,x
38897,C,1716,x
38898,C,1756,x
38899,C,1727,x
38903,B,1193,x
38904,C,1823,x
38906,C,1648,x
38907,B,1046,x
38913,C,1327,x
38916,B,1082,x
38917,B,1373,x
38920,B,1540,x
38924,B,1449,x
38925,C,1868,x
38926,D,1533,x
38929,B,1958,x
38931,B,1518,x
38932,C,1655,x
38933,B,1453,x
38936,B,1861,x
38937,A,1758,x
38939,D,1702,x
38941,B,1416,x
38942,B,1656,x
38943,C,1655,x
38945,A,1999,x
38946,C,1534,x
38948,C,1992,x
38951,C,1442,x
38952,A,1574,x
38955,B,1092,x
38956,C,1184,x
38958,C,1061,x
38959,C,1359,x
38962,C,1823,x
38964,D,1204,x
38966,C,1661,x
38968,A,1209,x
38969,A,1389,x
38970,C,1008,x
38971,C,1433,x
38975,D,1277,x
38977,A,1826,x
38979,A,1814,x
38980,A,1593,x
38981,B,1774,x
38982,A,1711,x
38986,D,1018,x
38988,D,1308,x
38989,B,1381,x
38991,B,1270,x
38993,B,1138,x
38996,D,1284,x
38998,D,1737,x
39000,D,1201,x
39001,C,1220,x
39002,A,1489,x
39004,D,1428,x
39006,B,1564,x
39008,D,1409,x
39010,C,1162,x
39011,D,1095,x
39013,C,1564,x
39016,B,1800,x
39017,D,1375,x
39020,D,1513,x
39021,B,1058,x
39027,C,1328,x
39029,D,1966,x
39030,C,1491,x
39031,A,1040,x
39032,C,1349,x
39033,B,1378,x
39035,C,1359,x
39037,D,1695,x
39038,D,1721,x
39044,A,1842,x
39047,D,1818,x
39053,B,1920,x
39054,C,1149,x
39058,A,1370,x
39060,B,1935,x
39061,D,1344,x
39064,D,1970,x
39065,A,1882,x
39066,C,1432,x
39068,D,1307,x
39072,B,1006,x
39073,D,1740,x
39075,C,1336,x
39078,C,1225,x
39079,A,1617,x
39081,B,1559,x
39083,D,1423,x
39084,D,1503,x
39085,B,1503,x
39087,B,1949,x
39089,C,1863,x
39094,A,1568,x
39095,A,1823,x
39096,A,1021,x
39097,A,1956,x
39103,A,1701,x
39104,B,1124,x
39106,C,1957,x
39108,B,1479,x
39113,D,1376,x
39114,C,1601,x
39115,D,1585,x
39118,B,1928,x
39120,B,1138,x
39121,A,1692,x
39122,A,1129,x
39125,C,1107,x
39126,D,1706,x
39127,D,1845,x
39135,D,1096,x
39136,D,1452,x
39139,C,1876,x
39140,A,1441,x
39141,D,1734,x
39142,D,1522,x
39143,D,1732,x
39144,C,1559,x
39145,A,1058,x
39146,B,1190,x
39152,D,1261,x
39153,A,1220,x
39157,D,1564,x
39162,C,1846,x
39164,B,1909,x
39167,C,1991,x
39169,D,1153,x
39172,C,1092,x
39174,C,1921,x
39175,B,1465,x
39176,D,1372,x
39177,C,1368,x
39178,B,1892,x
39180,A,1525,x
39181,B,1648,x
39183,A,1136,x
39184,A,1930,x
39186,C,1265,x
39187,D,1044,x
39188,D,1244,x
39192,B,1774,x
39194,D,1641,x
39197,A,1236,x
39199,D,1329,x
39205,A,1863,x
39208,C,1182,x
39209,C,1816,x
39210,B,1918,x
39212,B,1876,x
39213,C,1566,x
39214,A,1107,x
39215,D,1775,x
39217,D,1498,x
39221,C,1290,x
39222,A,1350,x
39224,B,1831,x
39225,A,1214,x
39226,B,1725,x
39228,A,1581,x
39232,A,1003,x
39233,B,1787,x
39238,D,1015,x
39239,A,1081,x
39242,B,1892,x
39245,D,1803,x
39246,B,1907,x
39247,A,1235,x
39249,C,1327,x
39250,D,1375,x
39252,B,1149,x
39255,B,1781,x
39256,A,1766,x
39262,B,1488,x
39264,B,1553,x
39265,C,1998,x
39266,C,1610,x
39267,A,1938,x
39268,C,1532,x
39269,C,1765,x
39270,D,1920,x
39273,C,1822,x
39274,D,1401,x
39277,B,1640,x
39280,B,1410,x
39282,B,1262,x
39284,C,1707,x
39285,D,1528,x
39286,B,1547,x
39288,B,1275,x
39289,A,1266,x
39291,B,1390,x
39292,C,1460,x
39298,A,1001,x
39299,C,1512,x
39300,C,1724,x
39306,B,1740,x
39307,A,1212,x
39311,C,1277,x
39313,A,1718,x
39315,A,1791,x
39318,A,1324,x
39319,D,1494,x
39321,A,1321,x
39322,A,1038,x
39326,A,1328,x
39327,D,1114,x
39328,D,1044,x
39330,D,1142,x
39333,C,1480,x
39338,A,1339,x
39341,C,1073,x
39342,C,1176,x
39344,C,1987,x
39346,A,1403,x
39347,C,1197,x
39354,C,1793,x
39356,D,1813,x
39357,D,1152,x
39359,D,1792,x
39362,D,1347,x
39364,C,1990,x
39367,C,1213,x
39368,D,1659,x
39371,A,1940,x
39372,D,1604,x
39375,D,1503,x
39376,D,1367,x
39378,D,1085,x
39379,A,1542,x
39380,A,1400,x
39381,B,1211,x
39382,D,1843,x
39384,C,1112,x
39386,D,1627,x
39387,D,1151,x
39388,B,1210,x
39390,B,1610,x
39392,B,1842,x
39393,B,1965,x
39394,A,1191,x
39396,C,1799,x
39397,B,1034,x
39399,B,1858,x
39400,D,1937,x
39402,B,1451,x
39408,A,1106,x
39410,B,1826,x
39416,B,1301,x
39417,C,1784,x
39418,D,1344,x
39419,A,1482,x
39420,D,1769,x
39423,A,1735,x
39426,A,1895,x
39427,D,1481,x
39430,A,1558,x
39431,D,1603,x
39432,B,1246,x
39433,C,1003,x
39434,B,1379,x
39437,D,1360,x
39440,C,1589,x
39443,B,1494,x
39447,C,1349,x
39448,D,1297,x
39449,B,1109,x
39452,C,1214,x
39456,D,1964,x
39457,B,1162,x
39458,A,1017,x
39460,D,1696,x
39463,D,1709,x
39464,D,1557,x
39466,C,1191,x
39468,C,1812,x
39470,D,1485,x
39471,C,1746,x
39473,D,1275,x
39474,D,1934,x
39476,A,1432,x
39478,B,1619,x
39480,C,1015,x
39484,C,1336,x
39485,C,1586,x
39487,B,1936,x
39488,A,1066,x
39489,D,1350,x
39491,A,1267,x
39494,C,1323,x
39495,A,1300,x
39496,C,1399,x
39497,A,1265,x
39498,A,1736,x
39499,C,1806,x
39500,D,1058,x
39501,C,1120,x
39502,C,1981,x
39503,A,1189,x
39505,A,1359,x
39508,C,1908,x
39510,B,1050,x
39512,D,1987,x
39513,D,1586,x
39519,B,1424,x
39522,A,1068,x
39524,C,1787,x
39525,C,1627,x
39529,B,1534,x
39531,D,1876,x
39532,A,1142,x
39534,B,1474,x
39536,D,1529,x
39540,B,1293,x
39541,A,1231,x
39542,C,1749,x
39545,D,1523,x
39546,B,1638,x
39550,A,1446,x
39551,C,1603,x
39552,A,1835,x
39553,D,1273,x
39554,B,1701,x
39556,A,1556,x
39557,D,1777,x
39558,D,1650,x
39560,A,1184,x
39562,C,1163,x
39569,D,1187,x
39572,D,1628,x
39574,A,1914,x
39577,C,1980,x
39581,C,1060,x
39583,C,1704,x
39586,A,1493,x
39588,D,1909,x
39589,C,1388,x
39593,A,1710,x
39595,B,1080,x
39596,D,1922,x
39597,A,1111,x
39599,B,1990,x
39600,B,1865,x
39605,A,1425,x
39611,A,1392,x
39613,D,1833,x
39614,B,1867,x
39616,A,1951,x
39622,B,1568,x
39625,A,1455,x
39626,A,1692,x
39627,C,1056,x
39628,C,1244,x
39629,D,1088,x
39630,B,1922,x
39632,D,1474,x
39633,C,1158,x
39634,A,1624,x
39637,B,1393,x
39638,A,1794,x
39640,C,1464,x
39641,A,1318,x
39642,D,1821,x
39643,C,1456,x
39649,C,1207,x
39650,C,1105,x
39651,A,1067,x
39652,B,1279,x
39653,D,1094,x
39654,D,1555,x
39657,C,1028,x
39658,A,1950,x
39660,B,1335,x
39661,C,1916,x
39662,C,1741,x
39663,D,1897,x
39664,B,1386,x
39665,B,1821,x
39666,A,1771,x
39667,A,1634,x
39669,C,1539,x
39671,D,1862,x
39672,C,1828,x
39673,B,1265,x
39674,B,1974,x
39678,B,1856,x
39679,B,1400,x
39684,D,1143,x
39688,B,1121,x
39689,D,1723,x
39692,B,1702,x
39693,C,1950,x
39694,A,1442,x
39696,B,1028,x
39697,D,1056,x
39699,D,1111,x
39700,C,1115,x
39701,B,1643,x
39707,A,1705,x
39708,C,1988,x
39711,C,1271,x
39713,A,1944,x
39714,C,1061,x
39715,D,1285,x
39717,B,1555,x
39718,A,1736,x
39721,D,1370,x
39723,B,1267,x
39724,D,1436,x
39727,C,1549,x
39729,D,1985,x
39730,B,1506,x
39731,D,1646,x
39733,C,1499,x
39735,B,1590,x
39737,B,1770,x
39740,B,1960,x
39743,D,1659,x
39744,A,1252,x
39745,B,1266,x
39747,A,1323,x
39748,A,1220,x
39749,A,1788,x
39750,D,1553,x
39751,A,1673,x
39754,B,1316,x
39755,C,1221,x
39756,D,1376,x
39758,D,1032,x
39760,B,1387,x
39761,C,1463,x
39762,B,1187,x
39763,D,1309,x
39765,D,1571,x
39766,B,1269,x
39768,B,1565,x
39769,A,1577,x
39770,A,1026,x
39774,A,1225,x
39780,A,1749,x
39781,D,1081,x
39784,C,1467,x
39785,B,1409,x
39786,C,1516,x
39790,D,1831,x
39792,D,1459,x
39794,B,1501,x
39795,D,1332,x
39796,C,1398,x
39797,D,1009,x
39798,C,1350,x
39799,B,1173,x
39801,A,1634,x
39802,A,1676,x
39808,C,1852,x
39809,C,1592,x
39810,A,1259,x
39812,B,1346,x
39814,C,1789,x
39815,C,1117,x
39817,C,1879,x
39818,B,1147,x
39819,B,1162,x
39821,A,1369,x
39829,B,1794,x
39833,C,1517,x
39834,B,1448,x
39837,B,1336,x
39839,D,1811,x
39841,C,1596,x
39843,B,1021,x
39846,D,1520,x
39847,C,1223,x
39849,A,1654,x
39851,A,1592,x
39852,A,1757,x
39854,B,1981,x
39855,C,1078,x
39858,C,1972,x
39859,B,1521,x
39861,C,1912,x
39862,C,1683,x
39871,D,1931,x
39872,C,1110,x
39879,A,1668,x
39882,C,1926,x
39887,D,1734,x
39889,A,1469,x
39891,D,1113,x
39892,B,1996,x
39893,A,1765,x
39894,B,1748,x
39896,B,1740,x
39901,C,1368,x
39906,C,1292,x
39910,D,1265,x
39913,C,1805,x
39914,B,1082,x
39915,A,1348,x
39916,B,1080,x
39917,A,1858,x
39918,D,1189,x
39923,C,1931,x
39924,C,1054,x
39930,A,1468,x
39931,A,1924,x
39932,D,1761,x
39933,A,1743,x
39934,C,1185,x
39936,A,1036,x
39938,D,1274,x
39941,D,1786,x
39943,A,1739,x
39946,A,1499,x
39947,D,1420,x
39948,A,1454,x
39950,D,1154,x
39955,A,1868,x
39958,D,1268,x
39959,A,1582,x
39960,B,1017,x
39961,B,1017,x
39962,A,1640,x
39964,B,1063,x
39965,B,1859,x
39967,A,1018,x
39969,A,1149,x
39972,B,1966,x
39973,B,1368,x
39974,B,1178,x
39979,C,1290,x
39980,A,1460,x
39983,C,1110,x
39985,B,1842,x
39986,D,1330,x
39988,A,1198,x
39989,B,1805,x
39994,A,1128,x
39997,A,1786,x
39999,B,1132,x
40001,B,1538,x
40002,B,1982,x
40003,B,1478,x
40009,B,1237,x
40012,A,1577,x
40017,D,1884,x
40018,C,1876,x
40020,D,1174,x
40023,D,1347,x
40026,D,1400,x
40032,C,1703,x
40034,D,1571,x
40035,A,1833,x
40036,D,1843,x
40037,C,1906,x
40038,B,1064,x
40039,B,1387,x
40040,C,1075,x
40041,C,1543,x
40043,D,1240,x
40047,D,1149,x
40049,B,1904,x
40050,C,1303,x
40051,A,1232,x
40052,B,1703,x
40055,D,1064,x
40056,C,1827,x
40057,D,1258,x
40060,C,1538,x
40063,B,1435,x
40064,B,1428,x
40065,C,1307,x
40066,C,1483,x
40074,B,1007,x
40075,D,1058,x
40078,A,1943,x
40079,C,1134,x
40082,D,1465,x
40083,A,1933,x
40087,C,1618,x
40088,D,1264,x
40090,D,1685,x
40091,B,1384,x
40095,D,1360,x
40096,A,1014,x
40099,C,1509,x
40100,C,1323,x
40102,B,1364,x
40105,D,1768,x
40108,C,1290,x
40109,C,1152,x
40110,D,1198,x
40111,B,1966,x
40113,C,1280,x
40114,C,1599,x
40115,A,1500,x
40116,C,1921,x
40117,C,1327,x
40118,B,1874,x
40119,C,1298,x
40120,C,1463,x
40121,D,1287,x
40123,C,1732,x
40126,D,1241,x
40127,D,1794,x
40128,D,1443,x
40132,D,1184,x
40134,D,1637,x
40135,D,1385,x
40140,B,1635,x
40143,D,1528,x
40144,C,1248,x
40149,A,1820,x
40154,C,1633,x
40155,D,1716,x
40159,C,1846,x
40160,B,1819,x
40161,A,1921,x
40162,B,1166,x
40165,C,1981,x
40166,A,1316,x
40167,D,1419,x
40169,D,1212,x
40172,C,1357,x
40177,C,1716,x
40178,D,1095,x
40179,D,1839,x
40180,A,1021,x
40182,A,1484,x
40188,C,1580,x
40191,A,1556,x
40192,C,1297,x
40193,C,1458,x
40195,C,1950,x
40199,D,1359,x
40200,B,1150,x
40202,D,1622,x
40203,B,1781,x
40207,C,1704,x
40210,C,1832,x
40213,B,1574,x
40215,D,1216,x
40216,B,1936,x
40217,D,1234,x
40219,A,1673,x
40220,A,1456,x
40221,B,1053,x
40222,C,1606,x
40223,B,1479,x
40225,B,1135,x
40231,C,1632,x
40234,C,1621,x
40235,A,1681,x
40237,A,1879,x
40240,A,1482,x
40244,B,1615,x
40247,B,1561,x
40248,A,1196,x
40249,C,1854,x
40253,B,1550,x
40254,D,1211,x
40256,C,1765,x
40258,A,1554,x
40262,D,1735,x
40263,D,1390,x
40266,B,1133,x
40267,D,1264,x
40268,C,1201,x
40269,A,1803,x
40271,B,1193,x
40273,A,1165,x
40275,B,1175,x
40277,C,1446,x
40278,A,1128,x
40279,B,1027,x
40280,D,1214,x
40281,C,1036,x
40282,C,1448,x
40283,C,1191,x
40285,D,1787,x
40286,A,1570,x
40288,A,1600,x
40289,B,1576,x
40294,B,1755,x
40295,A,1706,x
40297,A,1372,x
40298,A,1650,x
40299,B,1843,x
40303,A,1341,x
40308,A,1553,x
40310,B,1101,x
40311,D,1319,x
40312,C,1139,x
40313,B,1611,x
40314,C,1819,x
40315,D,1069,x
40317,C,1998,x
40321,C,1308,x
40322,B,1379,x
40324,C,1377,x
40325,A,1825,x
40327,A,1127,x
40328,B,1820,x
40329,B,1702,x
40330,B,1254,x
40331,B,1437,x
40332,B,1834,x
40333,C,1505,x
40336,A,1529,x
40338,B,1234,x
40346,B,1118,x
40348,A,1985,x
40349,B,1559,x
40351,C,1854,x
40352,B,1989,x
40353,A,1548,x
40354,C,1652,x
40359,A,1747,x
40361,B,1157,x
40362,A,1222,x
40365,A,1073,x
40366,C,1557,x
40368,A,1331,x
40369,B,1785,x
40371,D,1784,x
40372,D,1729,x
40373,D,1849,x
40375,A,1931,x
40376,B,1008,x
40377,D,1229,x
40378,C,1664,x
40383,A,1972,x
40385,A,1943,x
40386,A,1503,x
40387,D,1767,x
40390,D,1449,x
40392,A,1508,x
40393,D,1693,x
40396,B,1040,x
40398,B,1307,x
40399,D,1721,x
40400,D,1944,x
40401,B,1163,x
40404,A,1854,x
40405,D,1225,x
40408,A,1823,x
40409,B,1656,x
40411,B,1035,x
40413,A,1548,x
40414,C,1414,x
40415,C,1166,x
40419,D,1899,x
40420,B,1431,x
40423,A,1391,x
40425,C,1811,x
40427,D,1678,x
40430,D,1033,x
40432,D,1833,x
40433,A,1042,x
40439,C,1695,x
40441,B,1808,x
40443,A,1185,x
40446,A,1345,x
40450,B,1356,x
40452,D,1531,x
40453,B,1756,x
40454,A,1813,x
40455,D,1723,x
40456,C,1871,x
40457,A,1007,x
40461,D,1144,x
40462,A,1381,x
40463,B,1730,x
40465,A,1313,x
40470,B,1223,x
40473,D,1761,x
40481,D,1513,x
40489,D,1940,x
40492,D,1618,x
40493,D,1382,x
40494,D,1585,x
40497,B,1569,x
40500,C,1699,x
40501,B,1796,x
40502,B,1151,x
40503,C,1995,x
40504,D,1170,x
40506,A,1211,x
40507,C,1237,x
40511,A,1176,x
40513,B,1234,x
40517,A,1553,x
40522,B,1250,x
40525,C,1831,x
40528,B,1625,x
40533,B,1664,x
40536,D,1641,x
40537,D,1557,x
40540,C,1626,x
40543,A,1208,x
40544,C,1956,x
40549,A,1063,x
40552,A,1247,x
40553,C,1447,x
40556,B,1215,x
40557,C,1827,x
40560,B,1515,x
40562,A,1991,x
40566,A,1984,x
40568,C,1827,x
40569,D,1239,x
40572,A,1960,x
40576,C,1128,x
40578,A,1146,x
40580,B,1823,x
40581,A,1525,x
40584,A,1688,x
40589,A,1137,x
40590,C,1890,x
40591,D,1199,x
40593,A,1888,x
40594,B,1757,x
40596,C,1101,x
40597,D,1235,x
40602,C,1417,x
40605,B,1045,x
40606,A,1274,x
40607,D,1259,x
40608,C,1643,x
40609,D,1852,x
40610,D,1845,x
40615,A,1127,x
40616,A,1704,x
40617,A,1377,x
40619,D,1069,x
40620,A,1383,x
40628,B,1221,x
40629,C,1897,x
40635,D,1126,x
40637,B,1583,x
40640,D,1189,x
40641,D,1746,x
40642,C,1498,x
40643,D,1915,x
40645,A,1079,x
40647,B,1261,x
40648,A,1287,x
40649,A,1137,x
40650,A,1151,x
40651,D,1582,x
40653,C,1649,x
40657,A,1255,x
40659,D,1900,x
40660,D,1218,x
40661,A,1464,x
40664,C,1829,x
40674,B,1347,x
40675,B,1386,x
40676,D,1635,x
40677,D,1427,x
40678,A,1960,x
40679,A,1768,x
40681,D,1736,x
40683,A,1675,x
40685,C,1364,x
40686,D,1589,x
40687,B,1521,x
40688,B,1129,x
40689,A,1085,x
40690,A,1781,x
40691,A,1983,x
40693,B,1640,x
40694,D,1922,x
40695,B,1896,x
40696,C,1776,x
40699,B,1869,x
40705,D,1281,x
40708,B,1442,x
40710,C,1886,x
40711,D,1414,x
40712,B,1192,x
40715,C,1916,x
40716,B,1103,x
40719,A,1602,x
40722,C,1667,x
40724,A,1863,x
40725,B,1140,x
40727,B,1570,x
40728,A,1506,x
40729,A,1426,x
40730,B,1382,x
40731,D,1028,x
40732,A,1632,x
40735,D,1001,x
40737,B,1048,x
40741,D,1114,x
40742,C,1639,x
40744,D,1537,x
40745,B,1022,x
40746,D,1617,x
40747,D,1553,x
40748,C,1131,x
40750,A,1969,x
40751,A,1507,x
40752,D,1867,x
40756,C,1014,x
40759,C,1442,x
40760,D,1612,x
40763,A,1214,x
40764,C,1510,x
40767,B,1593,x
40769,D,1650,x
40774,D,1200,x
40776,A,1691,x
40777,B,1844,x
40779,D,1041,x
40781,D,1975,x
40782,A,1980,x
40783,D,1601,x
40786,D,1353,x
40788,D,1768,x
40789,C,1956,x
40793,B,1954,x
40796,D,1106,x
40799,C,1514,x
40803,A,1557,x
40805,B,1125,x
40807,B,1031,x
40810,B,1189,x
40811,A,1890,x
40812,C,1749,x
40813,C,1169,x
40817,C,1781,x
40818,B,1840,x
40819,B,1817,x
40821,A,1277,x
40825,D,1048,x
40826,C,1171,x
40831,B,1676,x
40833,B,1643,x
40834,C,1122,x
40835,B,1370,x
40841,D,1859,x
40842,C,1813,x
40844,C,1364,x
40853,A,1644,x
40854,D,1036,x
40855,B,1341,x
40857,B,1676,x
40859,A,1679,x
40860,C,1432,x
40863,C,1087,x
40866,C,1492,x
40867,B,1813,x
40868,A,1639,x
40869,B,1413,x
40870,A,1844,x
40871,C,1822,x
40872,A,1025,x
40874,D,1104,x
40876,C,1020,x
40877,C,1627,x
40878,A,1680,x
40880,A,1163,x
40883,A,1144,x
40887,A,1003,x
40888,A,1944,x
40890,A,1347,x
40896,A,1846,x
40900,D,1216,x
40901,B,1172,x
40905,C,1133,x
40906,D,1725,x
40911,C,1957,x
40912,C,1190,x
40913,B,1497,x
40919,D,1695,x
40923,A,1479,x
40925,A,1333,x
40927,D,1602,x
40928,C,1996,x
40933,D,1290,x
40934,C,1687,x
40937,A,1167,x
40938,D,1403,x
40939,C,1080,x
40940,B,1563,x
40942,C,1856,x
40943,C,1995,x
40944,C,1911,x
40947,B,1891,x
40948,D,1498,x
40949,B,1564,x
40951,A,1151,x
40952,B,1828,x
40957,D,1183,x
40959,C,1901,x
40960,D,1838,x
40965,C,1551,x
40967,C,1839,x
40968,D,1132,x
40970,D,1951,x
40973,D,1131,x
40974,D,1716,x
40976,A,1908,x
40977,B,1541,x
40978,C,1193,x
40980,C,1295,x
40981,B,1891,x
40983,D,1197,x
40985,C,1877,x
40987,A,1741,x
40989,B,1900,x
40990,A,1048,x
40991,D,1323,x
40993,D,1841,x
40995,D,1851,x
40996,D,1464,x
40997,A,1996,x
40998,C,1228,x
41003,C,1777,x
41004,B,1976,x
41005,C,1875,x
41008,B,1145,x
41011,C,1836,x
41012,B,1901,x
41014,A,1122,x
41015,C,1870,x
41016,B,1806,x
41018,C,1035,x
41019,D,1501,x
41022,C,1589,x
41024,A,1642,x
41026,A,1089,x
41027,D,1419,x
41029,C,1759,x
41036,A,1144,x
41038,A,1885,x
41039,D,1356,x
41040,D,1869,x
41041,C,1551,x
41043,D,1061,x
41045,B,1945,x
41047,A,1807,x
41048,C,1285,x
41052,C,1074,x
41055,D,1292,x
41060,A,1300,x
41062,B,1313,x
41063,A,1887,x
41066,D,1508,x
41069,D,1094,x
41070,B,1451,x
41072,D,1116,x
41073,A,1393,x
41074,A,1624,x
41075,C,1371,x
41076,C,1941,x
41077,B,1385,x
41078,C,1119,x
41080,B,1290,x
41081,B,1869,x
41083,C,1760,x
41084,A,1701,x
41088,A,1402,x
41089,D,1765,x
41090,B,1777,x
41091,B,1301,x
41093,C,1459,x
41094,B,1544,x
41095,C,1496,x
41096,A,1740,x
41098,B,1680,x
41101,B,1323,x
41103,B,1237,x
41105,C,1174,x
41106,D,1372,x
41107,C,1537,x
41109,D,1446,x
41111,A,1344,x
41113,C,1721,x
41115,B,1396,x
41116,C,1438,x
41117,D,1553,x
41120,C,1904,x
41121,C,1609,x
41125,A,1233,x
41126,D,1551,x
41128,B,1711,x
41130,B,1701,x
41133,C,1501,x
41134,C,1162,x
41135,D,1126,x
41136,D,1411,x
41138,D,1118,x
41139,D,1372,x
41140,B,1644,x
41144,B,1865,x
41148,B,1071,x
41149,C,1974,x
41150,A,1238,x
41152,B,1691,x
41155,B,1829,x
41156,D,1007,x
41158,A,1995,x
41161,D,1351,x
41162,D,1220,x
41164,C,1404,x
41167,D,1065,x
41170,D,1427,x
41172,D,1580,x
41174,C,1052,x
41176,C,1755,x
41179,A,1771,x
41180,B,1204,x
41182,C,1380,x
41183,D,1534,x
41185,A,1127,x
41186,A,1768,x
41187,C,1087,x
41189,B,1921,x
41190,C,1596,x
41191,C,1541,x
41194,B,1080,x
41198,D,1209,x
41203,C,1443,x
41204,A,1201,x
41205,A,1315,x
41206,C,1745,x
41208,C,1283,x
41211,B,1691,x
41213,D,1352,x
41214,D,1180,x
41219,D,1275,x
41221,A,1523,x
41224,B,1581,x
41225,C,1787,x
41226,D,1243,x
41230,C,1882,x
41231,B,1917,x
41232,D,1438,x
41233,D,1326,x
41235,D,1111,x
41237,B,1682,x
41238,B,1522,x
41240,C,1099,x
41242,D,1324,x
41243,B,1496,x
41244,A,1852,x
41245,B,1121,x
41246,C,1687,x
41247,C,1911,x
41249,A,1620,x
41250,A,1173,x
41251,D,1426,x
41252,B,1685,x
41253,C,1430,x
41258,D,1857,x
41259,C,1584,x
41265,D,1970,x
41267,C,1411,x
41269,A,1195,x
41273,A,1944,x
41274,A,1238,x
41279,A,1833,x
41282,C,1198,x
41284,D,1610,x
41291,D,1905,x
41294,B,1146,x
41295,D,1333,x
41296,C,1641,x
41298,B,1113,x
41301,B,1762,x
41304,D,1737,x
41306,C,1878,x
41308,A,1513,x
41311,B,1907,x
41312,C,1498,x
41313,B,1848,x
41316,A,1847,x
41318,D,1933,x
41320,D,1693,x
41321,A,1292,x
41322,B,1117,x
41323,C,1192,x
41327,B,1898,x
41328,A,1218,x
41329,D,1786,x
41336,B,1060,x
41338,A,1212,x
41339,C,1293,x
41341,D,1466,x
41343,D,1711,x
41344,C,1442,x
41345,B,1200,x
41347,D,1331,x
41353,D,1446,x
41354,A,1594,x
41355,D,1902,x
41358,A,1362,x
41359,B,1671,x
41362,A,1383,x
41365,D,1208,x
41366,C,1241,x
41368,B,1693,x
41370,A,1869,x
41371,B,1867,x
41372,D,1452,x
41374,A,1724,x
41375,C,1756,x
41378,D,1037,x
41379,D,1841,x
41380,B,1190,x
41381,B,1186,x
41383,C,1773,x
41384,D,1601,x
41389,D,1828,x
41391,B,1397,x
41393,A,1816,x
41396,B,1285,x
41399,A,1919,x
41400,A,1061,x
41401,A,1343,x
41402,A,1486,x
41405,C,1020,x
41406,B,1692,x
41407,D,1660,x
41408,C,1702,x
41409,D,1274,x
41410,B,1240,x
41411,D,1476,x
41412,C,1101,x
41413,A,1432,x
41415,C,1347,x
41416,C,1589,x
41417,D,1581,x
41419,A,1394,x
41420,D,1555,x
41421,C,1010,x
41422,A,1558,x
41424,B,1204,x
41425,C,1698,x
41426,D,1566,x
41427,A,1137,x
41428,A,1235,x
41429,B,1933,x
41430,D,1356,x
41433,C,1697,x
41435,D,1694,x
41437,B,1779,x
41444,D,1795,x
41446,C,1117,x
41449,C,1121,x
41450,C,1735,x
41451,C,1049,x
41452,A,1058,x
41454,C,1861,x
41458,B,1454,x
41459,A,1425,x
41461,C,1765,x
41464,A,1360,x
41465,C,1838,x
41467,C,1245,x
41468,D,1277,x
41469,D,1475,x
41470,A,1274,x
41471,D,1615,x
41472,D,1805,x
41477,B,1076,x
41478,D,1625,x
41479,A,1913,x
41482,D,1750,x
41483,C,1387,x
41486,C,1746,x
41487,D,1527,x
41488,A,1345,x
41489,A,1460,x
41493,C,1074,x
41494,D,1635,x
41497,B,1543,x
41498,A,1905,x
41499,D,1603,x
41500,B,1614,x
41501,A,1144,x
41502,A,1679,x
41504,B,1480,x
41505,D,1944,x
41508,B,1617,x
41509,A,1167,x
41510,A,1348,x
41511,D,1317,x
41513,B,1322,x
41515,A,1603,x
41517,C,1909,x
41520,D,1071,x
41522,C,1053,x
41523,C,1024,x
41524,C,1718,x
41526,D,1383,x
41527,B,1413,x
41529,D,1479,x
41532,C,1092,x
41533,A,1142,x
41535,A,1541,x
41539,C,1988,x
41540,D,1144,x
41542,C,1167,x
41543,D,1091,x
41544,A,1401,x
41547,D,1998,x
41548,C,1950,x
41551,D,1969,x
41554,C,1807,x
41556,A,1154,x
41560,D,1264,x
41561,A,1111,x
41564,D,1487,x
41567,B,1793,x
41569,C,1810,x
41573,C,1036,x
41576,D,1956,x
41577,C,1990,x
41582,D,1346,x
41585,A,1582,x
41586,B,1147,x
41588,A,1150,x
41589,A,1386,x
41591,A,1645,x
41593,A,1888,x
41594,A,1414,x
41595,C,1139,x
41596,D,1722,x
41597,A,1514,x
41598,D,1074,x
41602,C,1951,x
41603,A,1646,x
41604,A,1178,x
41606,B,1236,x
41607,B,1041,x
41610,C,1064,x
41611,C,1145,x
41612,C,1882,x
41613,A,1317,x
41617,A,1594,x
41618,C,1761,x
41619,C,1628,x
41620,B,1291,x
41621,B,1053,x
41627,D,1114,x
41628,D,1099,x
41633,D,1468,x
41635,C,1027,x
41637,B,1891,x
41641,A,1068,x
41646,A,1866,x
41648,D,1921,x
41649,B,1368,x
41650,B,1227,x
41652,C,1577,x
41653,A,1167,x
41658,C,1275,x
41659,D,1258,x
41660,C,1504,x
41661,A,1700,x
41664,A,1732,x
41665,A,1282,x
41667,C,1810,x
41669,B,1408,x
41671,A,1160,x
41675,D,1302,x
41677,B,1327,x
41679,A,1484,x
41682,A,1574,x
41684,D,1871,x
41695,B,1847,x
41696,C,1749,x
41697,B,1412,x
41698,C,1638,x
41699,A,1204,x
41700,B,1630,x
41701,A,1354,x
41704,B,1716,x
41707,D,1932,x
41710,B,1333,x
41713,C,1831,x
41715,A,1960,x
41716,B,1092,x
41718,B,1402,x
41724,C,1134,x
41725,B,1651,x
41726,C,1347,x
41732,B,1906,x
41733,C,1076,x
41734,D,1745,x
41735,C,1034,x
41736,D,1615,x
41742,D,1039,x
41743,A,1902,x
41745,D,1864,x
41746,A,1378,x
41750,C,1743,x
41751,B,1823,x
41752,A,1716,x
41753,C,1146,x
41755,D,1585,x
41757,C,1699,x
41758,B,1811,x
41760,D,1494,x
41761,D,1604,x
41766,C,1967,x
41767,A,1266,x
41769,D,1924,x
41774,D,1980,x
41775,A,1607,x
41776,B,1270,x
41777,D,1306,x
41778,A,1114,x
41779,A,1535,x
41781,A,1569,x
41784,C,1458,x
41788,C,1490,x
41790,C,1536,x
41791,D,1932,x
41792,B,1136,x
41794,B,1318,x
41795,C,1003,x
41800,D,1409,x
41801,D,1327,x
41802,A,1115,x
41803,C,1634,x
41804,A,1816,x
41807,C,1889,x
41809,B,1142,x
41811,A,1799,x
41812,B,1911,x
41813,C,1771,x
41814,C,1672,x
41815,D,1311,x
41816,A,1417,x
41817,B,1013,x
41820,D,1674,x
41821,C,1311,x
41826,B,1720,x
41827,B,1735,x
41831,C,1555,x
41832,A,1908,x
41834,D,1732,x
41835,A,1948,x
41836,C,1597,x
41837,D,1515,x
41840,C,1611,x
41842,D,1779,x
41845,D,1615,x
41846,D,1798,x
41849,C,1631,x
41850,A,1071,x
41852,D,1617,x
41853,D,1164,x
41854,A,1493,x
41857,A,1479,x
41858,C,1037,x
41859,D,1879,x
41861,D,1153,x
41863,A,1129,x
41866,C,1126,x
41869,B,1757,x
41871,A,1138,x
41872,A,1465,x
41876,A,1564,x
41877,D,1281,x
41881,C,1319,x
41882,C,1163,x
41884,D,1939,x
41885,C,1818,x
41886,D,1588,x
41887,A,1145,x
41888,D,1997,x
41889,B,1095,x
41890,B,1109,x
41892,B,1636,x
41897,A,1019,x
41898,D,1037,x
41900,B,1825,x
41904,D,1289,x
41908,B,1220,x
41911,B,1073,x
41912,D,1885,x
41913,A,1535,x
41916,D,1424,x
41917,A,1624,x
41919,D,1614,x
41920,D,1461,x
41921,B,1288,x
41924,C,1144,x
41927,B,1663,x
41929,D,1945,x
41930,B,1567,x
41931,A,1503,x
41932,B,1132,x
41933,D,1880,x
41934,C,1980,x
41941,C,1917,x
41944,A,1053,x
41945,C,1490,x
41946,D,1270,x
41947,C,1996,x
41948,C,1445,x
41950,D,1142,x
41954,C,1754,x
41955,B,1704,x
41959,A,1043,x
41962,D,1453,x
41964,A,1869,x
41965,A,1848,x
41966,C,1637,x
41967,C,1354,x
41970,C,1381,x
41974,A,1634,x
41976,B,1981,x
41977,A,1692,x
41979,A,1774,x
41980,B,1580,x
41981,C,1605,x
41982,A,1515,x
41984,A,1321,x
41985,D,1401,x
41987,A,1632,x
41990,D,1126,x
41991,A,1277,x
41992,C,1104,x
41996,C,1392,x
41997,C,1816,x
41998,A,1285,x
42000,D,1180,x
42001,D,1512,x
42005,B,1643,x
42006,C,1079,x
42007,C,1539,x
42008,A,1387,x
42009,D,1104,x
42010,A,1679,x
42011,B,1649,x
42012,C,1359,x
42014,C,1612,x
42016,C,1935,x
42017,A,1039,x
42018,D,1577,x
42019,D,1320,x
42020,B,1816,x
42024,A,1769,x
42025,D,1270,x
42030,A,1412,x
42035,D,1436,x
42037,D,1107,x
42042,D,1851,x
42043,C,1772,x
42044,A,1118,x
42048,A,1637,x
42049,C,1354,x
42050,B,1059,x
42053,B,1448,x
42054,A,1699,x
42056,B,1484,x
42057,D,1497,x
42058,C,1685,x
42059,C,1943,x
42060,C,1118,x
42063,D,1642,x
42066,C,1094,x
42069,A,1224,x
42075,A,1331,x
42076,C,1427,x
42077,B,1130,x
42078,B,1047,x
42080,A,1784,x
42081,A,1662,x
42084,B,1142,x
42087,C,1673,x
42088,B,1195,x
42089,C,1937,x
42090,B,1049,x
42093,C,1903,x
42094,A,1557,x
42095,B,1239,x
42101,B,1013,x
42103,A,1018,x
42104,C,1966,x
42106,B,1981,x
42107,B,1490,x
42109,D,1528,x
42110,C,1112,x
42117,B,1975,x
42120,D,1404,x
42121,D,1451,x
42122,C,1129,x
42127,A,1207,x
42129,C,1352,x
42133,D,1090,x
42137,C,1297,x
42139,D,1650,x
42141,D,1412,x
42142,C,1868,x
42143,C,1052,x
42144,A,1571,x
42145,B,1174,x
42149,D,1114,x
42150,A,1898,x
42151,D,1932,x
42152,A,1116,x
42156,B,1263,x
42157,A,1567,x
42158,A,1877,x
42160,D,1817,x
42161,B,1720,x
42162,D,1355,x
42163,B,1279,x
42166,D,1213,x
42172,C,1117,x
42183,B,1640,x
42184,A,1601,x
42185,D,1445,x
42187,D,1142,x
42190,B,1332,x
42193,D,1483,x
42194,C,1389,x
42195,D,1785,x
42196,C,1426,x
42197,D,1981,x
42198,B,1919,x
42199,A,1891,x
42202,D,1250,x
42203,B,1462,x
42205,B,1903,x
42206,A,1460,x
42207,D,1250,x
42208,A,1906,x
42209,C,1260,x
42213,C,1172,x
42217,D,1547,x
42219,A,1396,x
42223,A,1263,x
42226,A,1094,x
42228,B,1544,x
42232,D,1612,x
42238,D,1584,x
42239,A,1617,x
42240,D,1871,x
42241,D,1818,x
42243,A,1467,x
42244,D,1712,x
42249,D,1967,x
42252,B,1859,x
42255,D,1414,x
42256,D,1498,x
42258,C,1734,x
42262,C,1325,x
42265,B,1626,x
42266,B,1202,x
42270,A,1542,x
42272,D,1980,x
42273,D,1901,x
42277,A,1401,x
42278,C,1218,x
42282,B,1700,x
42283,A,1333,x
42284,C,1942,x
42289,A,1726,x
42290,C,1270,x
42292,C,1336,x
42293,B,1220,x
42296,C,1219,x
42298,D,1764,x
42303,C,1916,x
42304,D,1107,x
42307,A,1241,x
42308,B,1309,x
42309,C,1355,x
42310,D,1542,x
42311,D,1042,x
42314,A,1324,x
42317,B,1496,x
42318,C,1501,x
42320,A,1619,x
42323,A,1959,x
42325,C,1778,x
42326,A,1045,x
42327,D,1470,x
42330,C,1081,x
42332,A,1780,x
42333,C,1255,x
42334,A,1026,x
42335,D,1177,x
42336,A,1593,x
42338,D,1023,x
42340,C,1256,x
42342,A,1564,x
42343,D,1260,x
42344,C,1749,x
42345,A,1722,x
42346,C,1941,x
42347,B,1804,x
42349,C,1987,x
42351,A,1028,x
42352,A,1457,x
42356,B,1091,x
42357,C,1953,x
42358,A,1677,x
42361,C,1857,x
42363,D,1061,x
42364,B,1850,x
42365,B,1141,x
42366,A,1621,x
42367,B,1155,x
42371,D,1486,x
42372,D,1767,x
42373,D,1534,x
42381,B,1740,x
42385,A,1006,x
42386,C,1724,x
42389,A,1204,x
42390,A,1023,x
42391,D,1345,x
42393,B,1094,x
42394,A,1349,x
42396,C,1077,x
42397,B,1108,x
42399,C,1838,x
42400,C,1201,x
42401,D,1518,x
42405,C,1963,x
42409,B,1513,x
42411,A,1209,x
42415,C,1891,x
42417,D,1021,x
42418,D,1217,x
42419,D,1889,x
42421,D,1490,x
42424,D,1248,x
42425,A,1466,x
42429,C,1273,x
42430,A,1051,x
42432,B,1647,x
42437,D,1877,x
42438,C,1695,x
42440,C,1783,x
42441,D,1935,x
42442,B,1819,x
42443,B,1423,x
42445,C,1099,x
42446,B,1189,x
42447,C,1025,x
42448,B,1554,x
42449,A,1230,x
42450,B,1062,x
42451,A,1660,x
42452,D,1526,x
42456,C,1573,x
42458,D,1935,x
42459,A,1868,x
42461,B,1394,x
42462,B,1637,x
42463,D,1057,x
42464,A,1250,x
42467,C,1902,x
42470,A,1191,x
42471,B,1064,x
42472,A,1330,x
42473,C,1397,x
42477,C,1193,x
42479,D,1543,x
42482,D,1952,x
42483,C,1007,x
42485,C,1985,x
42487,B,1644,x
42488,B,1339,x
42489,D,1474,x
42490,A,1329,x
42493,C,1583,x
42495,A,1059,x
42497,A,1361,x
42499,A,1034,x
42501,C,1359,x
42503,C,1067,x
42504,C,1116,x
42505,C,1621,x
42507,A,1160,x
42508,B,1300,x
42509,B,1629,x
42510,C,1109,x
42513,C,1912,x
42515,B,1522,x
42516,A,1709,x
42517,B,1694,x
42523,A,1738,x
42527,C,1482,x
42530,A,1727,x
42533,B,1239,x
42534,A,1808,x
42535,B,1866,x
42536,D,1192,x
42537,A,1328,x
42540,D,1549,x
42542,A,1225,x
42543,A,1233,x
42545,A,1645,x
42551,A,1706,x
42553,C,1180,x
42554,B,1365,x
42557,B,1430,x
42558,C,1722,x
42559,B,1600,x
42560,B,1645,x
42561,B,1726,x
42564,C,1843,x
42568,D,1466,x
42569,D,1137,x
42571,D,1735,x
42572,D,1389,x
42573,D,1698,x
42575,A,1089,x
42576,A,1221,x
42578,D,1026,x
42579,B,1214,x
42580,C,1725,x
42582,C,1960,x
42584,C,1913,x
42585,D,1477,x
42586,D,1238,x
42587,C,1546,x
42589,B,1413,x
42590,C,1203,x
42591,D,1649,x
42593,B,1574,x
42596,A,1540,x
42598,B,1565,x
42599,B,1766,x
42600,C,1669,x
42601,C,1717,x
42606,B,1308,x
42607,B,1403,x
42608,C,1661,x
42611,D,1626,x
42612,B,1188,x
42613,C,1610,x
42614,B,1345,x
42615,C,1510,x
42617,A,1890,x
42623,B,1761,x
42626,C,1049,x
42627,D,1377,x
42628,C,1637,x
42630,B,1374,x
42631,B,1809,x
42633,C,1533,x
42636,D,1128,x
42637,A,1149,x
42639,C,1415,x
42647,C,1765,x
42651,B,1743,x
42652,B,1171,x
42656,C,1463,x
42658,C,1175,x
42659,D,1124,x
42663,B,1915,x
42664,C,1687,x
42668,A,1890,x
42672,D,1812,x
42674,B,1170,x
42675,C,1969,x
42677,C,1434,x
42681,B,1827,x
42684,D,1642,x
42688,B,1795,x
42690,B,1056,x
42691,A,1318,x
42693,C,1640,x
42695,D,1958,x
42699,B,1300,x
42701,D,1390,x
42702,C,1356,x
42703,D,1384,x
42708,B,1522,x
42709,C,1688,x
42710,A,1469,x
42711,A,1052,x
42712,A,1431,x
42713,B,1092,x
42715,D,1856,x
42717,B,1772,x
42720,A,1803,x
42722,C,1312,x
42724,C,1033,x
42725,C,1719,x
42726,A,1643,x
42727,B,1535,x
42728,B,1315,x
42730,B,1365,x
42731,D,1775,x
42732,D,1386,x
42733,D,1153,x
42735,C,1128,x
42740,D,1040,x
42742,C,1338,x
42745,B,1514,x
42746,A,1933,x
42749,A,1155,x
42750,D,1963,x
42751,A,1810,x
42759,A,1778,x
42760,A,1163,x
42762,C,1175,x
42763,A,1155,x
42764,C,1568,x
42766,C,1675,x
42767,C,1409,x
42772,A,1100,x
42777,D,1794,x
42779,A,1767,x
42781,D,1190,x
42783,C,1056,x
42786,A,1387,x
42788,B,1987,x
42789,C,1265,x
42792,A,1528,x
42795,A,1447,x
42796,B,1567,x
42798,A,1789,x
42800,D,1010,x
42801,C,1046,x
42802,C,1056,x
42807,C,1521,x
42808,B,1665,x
42809,D,1078,x
42812,A,1008,x
42813,D,1622,x
42815,A,1184,x
42816,C,1790,x
42820,C,1921,x
42821,B,1370,x
42823,B,1036,x
42827,D,1209,x
42828,C,1956,x
42830,C,1543,x
42831,B,1878,x
42832,A,1027,x
42833,A,1171,x
42836,A,1983,x
42837,C,1396,x
42838,A,1692,x
42842,D,1978,x
42843,B,1270,x
42847,A,1759,x
42848,A,1389,x
42849,D,1804,x
42850,D,1320,x
42851,B,1053,x
42860,D,1038,x
42862,B,1483,x
42865,C,1277,x
42866,B,1408,x
42869,A,1620,x
42870,B,1921,x
42872,A,1505,x
42874,D,1815,x
42876,B,1214,x
42878,D,1363,x
42879,C,1413,x
42881,B,1609,x
42883,A,1207,x
42884,B,1415,x
42885,D,1511,x
42886,B,1342,x
42888,A,1635,x
42890,A,1031,x
42891,C,1975,x
42892,C,1625,x
42893,A,1932,x
42894,B,1501,x
42895,C,1608,x
42899,B,1131,x
42900,A,1855,x
42901,A,1904,x
42902,A,1099,x
42903,D,1978,x
42904,C,1338,x
42905,C,1506,x
42906,D,1475,x
42908,C,1155,x
42909,C,1026,x
42911,D,1486,x
42915,C,1379,x
42918,B,1097,x
42919,D,1801,x
42920,C,1567,x
42922,D,1875,x
42924,D,1505,x
42925,B,1614,x
42930,C,1042,x
42931,C,1059,x
42932,A,1010,x
42933,C,1885,x
42934,A,1897,x
42935,A,1400,x
42937,D,1737,x
42938,C,1074,x
42939,B,1934,x
42941,B,1982,x
42946,D,1305,x
42947,D,1443,x
42948,B,1994,x
42951,A,1110,x
42953,D,1136,x
42954,A,1487,x
42955,C,1887,x
42956,D,1325,x
42957,A,1799,x
42958,B,1515,x
42960,D,1102,x
42961,A,1114,x
42963,B,1875,x
42964,B,1208,x
42966,C,1207,x
42968,D,1652,x
42969,A,1841,x
42971,A,1781,x
42972,D,1608,x
42974,C,1692,x
42976,B,1307,x
42978,C,1723,x
42981,A,1616,x
42985,B,1916,x
42987,A,1659,x
42988,B,1544,x
42990,C,1150,x
42991,A,1539,x
42994,D,1382,x
42995,A,1081,x
42996,C,1934,x
42998,C,1579,x
42999,D,1827,x
43002,B,1704,x
43003,D,1690,x
43004,A,1284,x
43005,B,1903,x
43006,D,1802,x
43012,A,1762,x
43013,B,1595,x
43014,D,1376,x
43018,A,1575,x
43019,D,1408,x
43020,A,1708,x
43025,A,1320,x
43028,C,1812,x
43029,D,1298,x
43031,B,1881,x
43032,B,1882,x
43033,A,1589,x
43036,B,1331,x
43038,A,1136,x
43041,C,1319,x
43043,B,1883,x
43044,A,1343,x
43046,D,1891,x
43048,B,1058,x
43049,D,1098,x
43050,D,1601,x
43053,C,1583,x
43054,B,1109,x
43056,A,1184,x
43057,B,1983,x
43061,D,1777,x
43062,D,1001,x
43064,B,1743,x
43065,B,1236,x
43068,B,1149,x
43070,D,1406,x
43072,A,1647,x
43076,B,1476,x
43078,C,1784,x
43080,A,1530,x
43081,A,1630,x
43083,C,1571,x
43090,A,1563,x
43091,B,1364,x
43092,A,1843,x
43093,B,1720,x
43094,D,1178,x
43095,C,1529,x
43097,D,1170,x
43104,C,1573,x
43107,B,1326,x
43110,B,1453,x
43113,A,1271,x
43116,D,1348,x
43118,B,1042,x
43119,D,1749,x
43121,B,1138,x
43122,D,1221,x
43124,D,1802,x
43125,B,1033,x
43127,D,1243,x
43128,D,1705,x
43132,A,1980,x
43133,C,1711,x
43135,A,1844,x
43137,D,1029,x
43138,B,1836,x
43140,D,1399,x
43141,C,1851,x
43142,A,1443,x
43145,C,1582,x
43150,A,1098,x
43151,C,1341,x
43154,C,1087,x
43157,D,1590,x
43159,B,1086,x
43160,A,1820,x
43162,D,1143,x
43164,D,1074,x
43165,B,1473,x
43167,A,1132,x
43168,D,1520,x
43170,D,1780,x
43172,D,1535,x
43173,A,1188,x
43176,A,1334,x
43177,B,1948,x
43178,A,1454,x
43180,B,1224,x
43182,B,1712,x
43187,B,1050,x
43189,B,1272,x
43190,A,1846,x
43191,A,1178,x
43194,C,1346,x
43195,D,1965,x
43197,D,1756,x
43198,A,1679,x
43199,C,1741,x
43200,A,1203,x
43201,B,1797,x
43202,C,1769,x
43205,C,1380,x
43207,B,1200,x
43209,B,1887,x
43211,A,1589,x
43217,D,1770,x
43218,C,1575,x
43219,B,1601,x
43220,C,1422,x
43221,D,1681,x
43223,A,1679,x
43228,D,1862,x
43231,D,1494,x
43232,A,1526,x
43234,C,1278,x
43237,C,1687,x
43239,B,1153,x
43245,B,1597,x
43248,A,1953,x
43250,B,1659,x
43251,C,1440,x
43252,A,1891,x
43255,C,1291,x
43256,D,1730,x
43261,C,1989,x
43267,D,1324,x
43268,C,1598,x
43269,D,1200,x
43271,C,1327,x
43272,A,1737,x
43275,B,1823,x
43277,A,1289,x
43282,B,1670,x
43283,B,1812,x
43284,B,1247,x
43285,A,1789,x
43290,D,1892,x
43294,C,1373,x
43295,C,1041,x
43301,D,1894,x
43302,D,1129,x
43306,C,1442,x
43307,A,1109,x
43308,D,1056,x
43310,B,1445,x
43311,A,1715,x
43313,A,1181,x
43316,B,1698,x
43317,C,1279,x
43318,C,1975,x
43320,D,1446,x
43321,B,1334,x
43322,A,1921,x
43323,D,1487,x
43324,A,1730,x
43327,C,1648,x
43328,A,1054,x
43330,B,1137,x
43331,B,1856,x
43332,C,1879,x
43335,C,1548,x
43337,A,1229,x
43341,B,1087,x
43344,D,1579,x
43346,B,1757,x
43348,D,1782,x
43350,D,1095,x
43351,A,1838,x
43354,D,1864,x
43355,B,1949,x
43356,A,1509,x
43357,C,1712,x
43358,D,1784,x
43362,C,1911,x
43364,A,1230,x
43367,C,1603,x
43372,A,1464,x
43376,B,1498,x
43377,C,1095,x
43379,C,1430,x
43381,C,1314,x
43382,D,1364,x
43384,D,1372,x
43385,B,1017,x
43387,C,1411,x
43388,D,1977,x
43390,D,1396,x
43391,C,1433,x
43395,B,1005,x
43396,B,1264,x
43397,D,1024,x
43400,D,1664,x
43404,B,1097,x
43406,C,1479,x
43410,B,1176,x
43411,D,1125,x
43412,A,1876,x
43413,A,1619,x
43414,A,1112,x
43415,A,1644,x
43417,C,1469,x
43419,C,1612,x
43420,C,1756,x
43421,A,1243,x
43422,C,1583,x
43427,D,1353,x
43436,A,1306,x
43438,A,1496,x
43439,C,1609,x
43445,C,1450,x
43447,A,1468,x
43449,A,1743,x
43450,A,1673,x
43455,C,1912,x
43456,A,1574,x
43457,B,1449,x
43459,A,1534,x
43463,B,1861,x
43466,B,1016,x
43467,C,1772,x
43468,C,1819,x
43469,A,1615,x
43470,C,1724,x
43475,A,1148,x
43476,B,1509,x
43478,C,1251,x
43483,D,1256,x
43485,D,1044,x
43486,C,1035,x
43490,C,1716,x
43494,C,1556,x
43498,B,1955,x
43499,A,1246,x
43500,D,1245,x
43501,C,1610,x
43502,C,1929,x
43504,C,1661,x
43506,C,1300,x
43510,D,1215,x
43513,C,1442,x
43514,D,1542,x
43518,C,1150,x
43519,C,1004,x
43521,C,1199,x
43522,C,1529,x
43523,D,1713,x
43524,D,1271,x
43525,C,1884,x
43527,A,1855,x
43528,D,1516,x
43531,C,1774,x
43532,C,1331,x
43535,C,1593,x
43537,D,1180,x
43538,C,1272,x
43540,C,1866,x
43542,D,1432,x
43544,D,1728,x
43545,D,1639,x
43546,D,1649,x
43548,C,1816,x
43549,D,1566,x
43550,B,1388,x
43551,A,1044,x
43553,D,1861,x
43555,B,1998,x
43557,B,1074,x
43558,C,1880,x
43562,D,1062,x
43563,B,1747,x
43565,C,1951,x
43566,C,1751,x
43567,B,1155,x
43568,C,1025,x
43569,C,1961,x
43570,D,1683,x
43574,D,1980,x
43575,A,1865,x
43578,A,1143,x
43579,A,1441,x
43584,C,1126,x
43585,A,1864,x
43586,C,1328,x
43589,D,1200,x
43590,C,1281,x
43593,B,1278,x
43594,D,1874,x
43598,C,1922,x
43599,C,1645,x
43601,A,1403,x
43603,B,1075,x
43604,B,1188,x
43606,B,1883,x
43607,D,1676,x
43611,C,1542,x
43613,B,1095,x
43616,A,1736,x
43618,D,1243,x
43621,B,1270,x
43622,A,1095,x
43623,B,1688,x
43625,B,1747,x
43626,C,1489,x
43627,D,1834,x
43628,C,1465,x
43630,A,1552,x
43632,A,1305,x
43637,A,1014,x
43638,C,1173,x
43640,A,1463,x
43644,C,1936,x
43647,C,1130,x
43649,B,1125,x
43650,A,1460,x
43651,A,1803,x
43652,C,1198,x
43653,C,1991,x
43654,C,1575,x
43656,C,1260,x
43657,A,1875,x
43658,B,1155,x
43659,A,1174,x
43660,C,1714,x
43661,D,1827,x
43662,C,1259,x
43664,A,1008,x
43667,B,1321,x
43670,C,1114,x
43671,C,1217,x
43672,D,1494,x
43673,C,1974,x
43675,A,1777,x
43676,B,1646,x
43677,A,1270,x
43680,A,1064,x
43681,D,1287,x
43684,D,1029,x
43685,A,1226,x
43686,A,1525,x
43687,D,1310,x
43689,A,1500,x
43695,C,1782,x
43699,A,1580,x
43700,A,1516,x
43702,C,1559,x
43711,B,1901,x
43713,C,1445,x
43714,B,1428,x
43715,C,1836,x
43716,A,1986,x
43723,A,1149,x
43725,D,1906,x
43727,A,1794,x
43728,C,1728,x
43729,D,1434,x
43731,C,1343,x
43734,B,1878,x
43735,C,1749,x
43737,B,1982,x
43739,A,1904,x
43740,C,1766,x
43742,A,1242,x
43743,A,1866,x
43745,C,1857,x
43748,C,1247,x
43750,A,1479,x
43751,B,1772,x
43753,A,1978,x
43755,C,1419,x
43758,A,1074,x
43759,C,1972,x
43761,D,1278,x
43763,C,1112,x
43765,B,1445,x
43767,D,1686,x
43768,A,1551,x
43769,D,1665,x
43773,C,1589,x
43774,A,1232,x
43775,C,1371,x
43778,B,1304,x
43779,C,1169,x
43780,A,1373,x
43784,C,1185,x
43792,D,1747,x
43794,A,1608,x
43798,D,1566,x
43799,A,1749,x
43800,A,1937,x
43802,D,1323,x
43804,D,1271,x
43807,B,1185,x
43808,B,1309,x
43809,D,1377,x
43810,D,1150,x
43811,D,1333,x
43813,D,1291,x
43815,D,1694,x
43816,C,1893,x
43818,A,1567,x
43820,D,1867,x
43823,A,1424,x
43824,C,1164,x
43825,A,1869,x
43826,A,1851,x
43827,D,1419,x
43834,C,1863,x
43836,A,1288,x
43837,C,1080,x
43839,C,1502,x
43840,D,1853,x
43843,A,1499,x
43848,D,1350,x
43849,A,1545,x
43850,A,1491,x
43851,A,1383,x
43853,C,1618,x
43854,C,1285,x
43855,B,1103,x
43859,D,1487,x
43860,A,1745,x
43862,D,1244,x
43863,D,1526,x
43868,D,1445,x
43870,D,1006,x
43872,B,1017,x
43874,B,1228,x
43875,A,1667,x
43877,A,1902,x
43881,A,1991,x
43882,B,1330,x
43883,A,1930,x
43884,B,1049,x
43886,C,1725,x
43890,C,1564,x
43891,B,1024,x
43896,C,1901,x
43899,C,1426,x
43901,C,1415,x
43902,C,1580,x
43903,B,1757,x
43904,A,1207,x
43905,C,1841,x
43907,A,1519,x
43911,A,1507,x
43912,C,1827,x
43917,B,1420,x
43918,D,1113,x
43920,A,1620,x
43922,C,1158,x
43924,C,1261,x
43925,B,1982,x
43928,D,1096,x
43929,D,1359,x
43930,D,1315,x
43931,A,1810,x
43933,D,1327,x
43935,C,1185,x
43936,C,1625,x
43937,C,1058,x
43939,D,1028,x
43940,B,1725,x
43941,D,1617,x
43942,A,1623,x
43943,B,1060,x
43945,A,1639,x
43946,B,1454,x
43948,D,1903,x
43949,A,1826,x
43950,D,1996,x
43951,D,1789,x
43952,B,1368,x
43953,B,1260,x
43957,B,1326,x
43961,A,1368,x
43963,B,1169,x
43965,C,1312,x
43967,B,1263,x
43970,C,1870,x
43971,C,1482,x
43972,D,1729,x
43977,A,1490,x
43978,D,1226,x
43983,B,1781,x
43984,D,1861,x
43985,B,1497,x
43986,D,1402,x
43987,A,1629,x
43988,C,1641,x
43989,A,1350,x
43990,D,1914,x
43991,A,1474,x
43995,D,1815,x
43996,C,1774,x
43997,C,1681,x
43998,A,1246,x
44001,B,1864,x
44002,C,1885,x
44003,C,1106,x
44004,D,1031,x
44005,B,1415,x
44007,A,1442,x
44008,D,1063,x
44009,C,1633,x
44011,B,1780,x
44013,C,1185,x
44014,D,1929,x
44016,C,1892,x
44017,A,1810,x
44018,C,1806,x
44024,C,1414,x
44026,C,1734,x
44027,B,1289,x
44028,D,1267,x
44029,A,1847,x
44030,A,1639,x
44033,A,1709,x
44034,D,1174,x
44035,C,1723,x
44037,C,1048,x
44039,D,1696,x
44040,B,1458,x
44044,D,1428,x
44045,C,1012,x
44047,C,1451,x
44051,A,1043,x
44052,C,1816,x
44054,D,1628,x
44058,D,1790,x
44061,A,1888,x
44062,B,1186,x
44063,C,1106,x
44064,C,1370,x
44065,D,1483,x
44067,C,1885,x
44068,C,1974,x
44073,C,1131,x
44075,A,1424,x
44077,D,1231,x
44079,D,1889,x
44084,C,1640,x
44086,A,1102,x
44092,D,1192,x
44094,D,1173,x
44095,D,1167,x
44099,D,1966,x
44101,B,1483,x
44104,C,1292,x
44106,D,1585,x
44107,D,1395,x
44108,D,1463,x
44110,C,1922,x
44111,C,1722,x
44112,C,1866,x
44115,C,1371,x
44116,C,1604,x
44118,C,1832,x
44121,B,1761,x
44124,D,1050,x
44125,A,1265,x
44126,B,1797,x
44133,C,1723,x
44134,C,1850,x
44135,B,1278,x
44136,C,1170,x
44138,A,1267,x
44139,D,1359,x
44140,B,1312,x
44142,D,1082,x
44143,A,1577,x
44144,B,1752,x
44146,C,1889,x
44148,B,1955,x
44149,C,1413,x
44153,D,1409,x
44161,A,1072,x
44162,B,1882,x
44163,C,1787,x
44164,A,1684,x
44165,B,1260,x
44167,D,1791,x
44169,C,1709,x
44171,A,1433,x
44172,B,1823,x
44173,D,1908,x
44174,C,1299,x
44175,B,1102,x
44176,C,1118,x
44177,A,1689,x
44180,D,1635,x
44181,A,1962,x
44183,A,1889,x
44185,B,1992,x
44186,A,1295,x
44187,B,1140,x
44189,D,1106,x
44193,A,1363,x
44195,D,1977,x
44196,D,1642,x
44197,C,1044,x
44199,C,1465,x
44200,D,1048,x
44203,D,1542,x
44204,C,1756,x
44205,A,1501,x
44207,D,1046,x
44208,C,1749,x
44210,B,1577,x
44212,B,1858,x
44217,B,1086,x
44221,C,1440,x
44226,D,1495,x
44227,B,1478,x
44229,A,1535,x
44230,C,1329,x
44231,D,1259,x
44232,C,1340,x
44234,A,1709,x
44235,A,1178,x
44236,C,1581,x
44237,D,1336,x
44238,D,1703,x
44241,A,1206,x
44246,D,1072,x
44247,D,1642,x
44249,D,1384,x
44252,D,1304,x
44253,C,1371,x
44256,A,1916,x
44259,B,1498,x
44261,A,1260,x
44262,C,1913,x
44263,B,1603,x
44264,D,1790,x
44265,A,1041,x
44267,C,1253,x
44272,A,1487,x
44275,C,1023,x
44280,B,1537,x
44281,B,1528,x
44283,A,1481,x
44284,B,1876,x
44287,B,1532,x
44295,D,1273,x
44296,B,1485,x
44298,B,1346,x
44299,D,1461,x
44302,C,1627,x
44305,B,1991,x
44307,C,1904,x
44308,D,1210,x
44309,D,1700,x
44312,C,1582,x
44313,D,1983,x
44314,B,1361,x
44315,D,1043,x
44316,D,1616,x
44317,A,1028,x
44319,D,1950,x
44320,C,1566,x
44321,D,1707,x
44323,A,1788,x
44324,C,1285,x
44327,D,1122,x
44329,D,1577,x
44330,D,1509,x
44333,A,1892,x
44334,D,1616,x
44335,D,1399,x
44337,C,1760,x
44339,D,1678,x
44340,A,1466,x
44342,D,1067,x
44346,D,1500,x
44347,D,1954,x
44349,A,1628,x
44353,D,1038,x
44356,B,1067,x
44357,A,1928,x
44358,D,1633,x
44359,A,1823,x
44362,A,1500,x
44366,C,1928,x
44367,C,1159,x
44368,C,1612,x
44369,D,1433,x
44371,C,1443,x
44373,C,1416,x
44375,A,1206,x
44377,D,1621,x
44378,B,1048,x
44379,D,1439,x
44380,B,1696,x
44381,C,1080,x
44383,D,1573,x
44384,B,1402,x
44388,D,1079,x
44391,C,1550,x
44393,D,1559,x
44395,A,1916,x
44396,B,1847,x
44397,D,1687,x
44400,A,1532,x
44401,B,1372,x
44403,A,1681,x
44404,D,1769,x
44406,C,1895,x
44407,A,1873,x
44410,B,1060,x
44413,A,1866,x
44416,B,1277,x
44418,A,1752,x
44420,C,1524,x
44425,A,1501,x
44427,D,1852,x
44428,B,1517,x
44430,B,1017,x
44431,A,1756,x
44433,C,1614,x
44437,C,1424,x
44438,A,1547,x
44440,A,1562,x
44443,C,1820,x
44445,D,1692,x
44453,C,1686,x
44454,B,1445,x
44458,C,1454,x
44461,D,1148,x
44462,B,1102,x
44463,A,1506,x
44465,C,1916,x
44467,C,1835,x
44470,C,1165,x
44472,C,1414,x
44474,D,1782,x
44475,A,1386,x
44477,D,1986,x
44482,D,1009,x
44483,D,1498,x
44485,B,1694,x
44486,B,1197,x
44488,A,1865,x
44489,C,1888,x
44490,B,1856,x
44493,A,1358,x
44494,C,1944,x
44496,C,1124,x
44497,A,1140,x
44498,D,1635,x
44499,C,1092,x
44500,A,1125,x
44505,C,1698,x
44506,A,1761,x
44508,D,1729,x
44510,A,1784,x
44511,C,1810,x
44513,D,1782,x
44514,D,1858,x
44516,A,1926,x
44518,B,1292,x
44520,A,1570,x
44521,A,1150,x
44523,B,1012,x
44524,A,1576,x
44527,A,1686,x
44528,A,1486,x
44529,B,1646,x
44530,C,1261,x
44534,C,1061,x
44535,B,1215,x
44537,D,1862,x
44538,B,1566,x
44542,C,1061,x
44543,D,1647,x
44544,D,1967,x
44545,D,1824,x
44546,D,1906,x
44552,C,1665,x
44555,C,1617,x
44559,C,1028,x
44560,D,1272,x
44562,A,1515,x
44564,B,1378,x
44565,C,1579,x
44567,A,1362,x
44568,C,1116,x
44572,D,1719,x
44574,B,1437,x
44575,B,1785,x
44576,C,1306,x
44580,B,1253,x
44582,C,1008,x
44583,C,1430,x
44584,A,1059,x
44586,B,1475,x
44587,B,1464,x
44588,C,1143,x
44589,B,1292,x
44591,D,1856,x
44595,C,1628,x
44597,C,1883,x
44599,B,1532,x
44600,B,1988,x
44603,D,1189,x
44604,A,1140,x
44613,C,1900,x
44615,B,1627,x
44616,A,1679,x
44619,B,1941,x
44620,D,1350,x
44625,C,1792,x
44626,B,1289,x
44627,B,1270,x
44628,B,1088,x
44631,A,1571,x
44634,A,1754,x
44636,A,1352,x
44637,D,1556,x
44641,A,1387,x
44642,D,1111,x
44643,A,1935,x
44645,B,1089,x
44646,C,1966,x
44650,A,1816,x
44651,D,1190,x
44652,C,1513,x
44653,D,1257,x
44654,C,1327,x
44656,D,1829,x
44658,A,1834,x
44659,B,1512,x
44661,D,1622,x
44662,D,1779,x
44663,C,1296,x
44665,D,1693,x
44671,D,1804,x
44672,C,1028,x
44673,B,1534,x
44675,C,1687,x
44676,C,1382,x
44677,C,1087,x
44678,C,1265,x
44682,C,1915,x
44683,B,1165,x
44687,B,1291,x
44688,B,1421,x
44689,B,1503,x
44693,A,1567,x
44694,C,1428,x
44696,A,1746,x
44697,B,1255,x
44701,D,1070,x
44702,C,1500,x
44703,D,1518,x
44705,D,1039,x
44708,A,1140,x
44712,B,1653,x
44715,B,1020,x
44716,A,1763,x
44717,A,1732,x
44718,D,1296,x
44719,A,1197,x
44722,D,1429,x
44723,C,1765,x
44724,B,1481,x
44725,C,1378,x
44726,D,1591,x
44727,D,1995,x
44728,A,1646,x
44730,D,1480,x
44733,A,1030,x
44734,D,1669,x
44735,C,1811,x
44736,B,1464,x
44737,C,1373,x
44738,D,1453,x
44739,A,1899,x
44741,A,1536,x
44745,D,1198,x
44746,B,1347,x
44747,B,1428,x
44751,B,1508,x
44752,B,1849,x
44753,C,1538,x
44755,C,1247,x
44756,D,1034,x
44758,B,1188,x
44761,A,1109,x
44764,B,1854,x
44768,D,1324,x
44771,C,1196,x
44776,D,1789,x
44777,B,1099,x
44778,A,1663,x
44782,B,1881,x
44784,B,1878,x
44787,B,1797,x
44788,B,1559,x
44790,A,1810,x
44791,A,1436,x
44792,A,1146,x
44793,B,1485,x
44795,B,1058,x
44797,A,1983,x
44798,A,1943,x
44800,B,1565,x
44803,A,1816,x
44807,C,1934,x
44811,A,1042,x
44816,B,1693,x
44819,B,1511,x
44821,C,1032,x
44823,C,1795,x
44828,A,1504,x
44830,B,1061,x
44831,D,1847,x
44832,A,1829,x
44836,A,1332,x
44837,B,1599,x
44841,C,1759,x
44842,A,1705,x
44843,B,1737,x
44844,D,1617,x
44845,D,1001,x
44846,B,1631,x
44848,D,1296,x
44850,B,1580,x
44851,B,1965,x
44852,B,1713,x
44853,B,1610,x
44854,D,1779,x
44856,B,1859,x
44857,C,1694,x
44860,C,1683,x
44861,A,1049,x
44864,B,1166,x
44869,C,1640,x
44870,A,1211,x
44871,B,1986,x
44873,B,1292,x
44875,D,1626,x
44876,C,1609,x
44882,D,1475,x
44883,C,1828,x
44884,B,1407,x
44885,B,1175,x
44886,C,1136,x
44889,A,1576,x
44890,C,1008,x
44892,D,1166,x
44895,D,1064,x
44897,B,1186,x
44903,D,1787,x
44906,B,1850,x
44908,B,1618,x
44909,B,1982,x
44910,A,1411,x
44911,D,1788,x
44912,B,1657,x
44913,A,1035,x
44915,A,1921,x
44916,C,1552,x
44917,B,1840,x
44920,C,1109,x
44921,D,1658,x
44922,B,1142,x
44923,C,1281,x
44926,B,1553,x
44928,A,1218,x
44929,A,1600,x
44930,A,1120,x
44931,C,1933,x
44932,C,1491,x
44933,B,1351,x
44934,B,1807,x
44937,D,1685,x
44939,A,1032,x
44941,A,1858,x
44944,D,1412,x
44945,D,1549,x
44946,A,1294,x
44948,B,1749,x
44949,B,1253,x
44952,B,1400,x
44953,B,1459,x
44958,A,1466,x
44959,A,1527,x
44960,D,1024,x
44961,D,1507,x
44963,A,1407,x
44964,C,1542,x
44967,D,1795,x
44969,D,1903,x
44972,A,1870,x
44976,A,1320,x
44977,D,1819,x
44979,A,1708,x
44981,A,1151,x
44983,C,1892,x
44984,B,1189,x
44985,A,1659,x
44989,A,1338,x
44991,B,1143,x
44992,B,1731,x
44994,B,1187,x
44996,D,1571,x
44998,C,1194,x
44999,C,1564,x
45001,C,1251,x
45004,A,1268,x
45005,C,1595,x
45006,B,1719,x
45007,D,1388,x
45010,B,1344,x
45011,A,1003,x
45013,A,1543,x
45014,B,1213,x
45015,B,1496,x
45017,D,1258,x
45019,C,1155,x
45021,A,1066,x
45022,D,1791,x
45026,D,1100,x
45029,C,1840,x
45030,A,1335,x
45035,B,1643,x
45037,B,1089,x
45039,B,1281,x
45040,D,1596,x
45041,D,1684,x
45044,B,1927,x
45046,D,1415,x
45048,B,1416,x
45050,B,1550,x
45054,A,1584,x
45056,D,1927,x
45059,C,1439,x
45063,D,1120,x
45066,C,1947,x
45069,A,1752,x
45070,C,1600,x
45073,A,1573,x
45074,A,1756,x
45075,A,1227,x
45077,D,1814,x
45079,C,1572,x
45080,C,1055,x
45081,B,1376,x
45082,C,1452,x
45087,A,1382,x
45088,D,1890,x
45091,B,1579,x
45094,D,1346,x
45095,C,1239,x
45101,D,1716,x
45105,B,1298,x
45106,B,1841,x
45109,D,1599,x
45111,B,1462,x
45120,A,1220,x
45121,D,1669,x
45122,D,1061,x
45125,B,1538,x
45130,B,1474,x
45135,B,1459,x
45136,C,1230,x
45137,C,1636,x
45138,A,1437,x
45140,D,1084,x
45142,B,1607,x
45145,B,1469,x
45146,B,1333,x
45148,A,1055,x
45149,A,1541,x
45151,D,1769,x
45157,D,1557,x
45161,A,1036,x
45162,A,1148,x
45163,B,1059,x
45165,B,1253,x
45166,C,1198,x
45167,C,1595,x
45168,A,1868,x
45171,B,1948,x
45174,C,1876,x
45175,B,1117,x
45177,C,1830,x
45179,C,1103,x
45180,D,1358,x
45181,D,1355,x
45182,A,1373,x
45185,C,1675,x
45186,D,1959,x
45189,C,1737,x
45191,A,1675,x
45193,B,1352,x
45195,C,1513,x
45196,C,1926,x
45203,A,1862,x
45205,D,1363,x
45208,A,1340,x
45213,C,1250,x
45214,C,1533,x
45216,C,1686,x
45217,C,1037,x
45221,B,1642,x
45222,C,1612,x
45228,B,1207,x
45229,C,1621,x
45230,B,1496,x
45232,B,1001,x
45233,C,1881,x
45234,B,1788,x
45237,C,1099,x
45239,B,1756,x
45245,C,1240,x
45246,D,1699,x
45247,D,1403,x
45250,B,1402,x
45257,C,1949,x
45258,B,1912,x
45259,B,1549,x
45260,C,1550,x
45261,B,1911,x
45263,B,1417,x
45264,B,1348,x
45265,D,1436,x
45268,D,1056,x
45269,B,1737,x
45273,D,1781,x
45275,B,1852,x
45276,A,1643,x
45277,D,1703,x
45278,B,1277,x
45279,A,1357,x
45280,B,1594,x
45281,B,1977,x
45284,D,1015,x
45285,A,1742,x
45286,B,1871,x
45289,C,1870,x
45290,C,1129,x
45298,D,1187,x
45299,C,1877,x
45301,D,1637,x
45302,D,1453,x
45304,B,1737,x
45307,B,1044,x
45309,D,1308,x
45310,B,1039,x
45311,B,1499,x
45314,D,1688,x
45315,C,1417,x
45317,D,1154,x
45318,D,1826,x
45320,B,1676,x
45323,D,1694,x
45327,C,1235,x
45329,C,1320,x
45331,D,1539,x
45336,B,1540,x
45337,B,1736,x
45338,B,1922,x
45340,D,1565,x
45344,D,1168,x
45345,D,1673,x
45346,B,1636,x
45348,B,1190,x
45349,A,1501,x
45351,B,1078,x
45352,C,1533,x
45354,B,1448,x
45355,D,1378,x
45360,C,1743,x
45362,B,1522,x
45363,D,1379,x
45367,C,1381,x
45382,B,1212,x
45386,D,1588,x
45389,B,1220,x
45390,C,1884,x
45391,C,1976,x
45392,D,1706,x
45393,D,1120,x
45395,A,1132,x
45397,B,1188,x
45399,A,1940,x
45401,B,1299,x
45402,C,1325,x
45403,A,1660,x
45404,D,1044,x
45405,A,1810,x
45406,D,1857,x
45413,D,1329,x
45416,C,1360,x
45417,C,1225,x
45426,C,1473,x
45427,D,1871,x
45428,C,1802,x
45429,A,1278,x
45430,D,1778,x
45431,A,1720,x
45432,A,1706,x
45433,C,1791,x
45434,A,1170,x
45435,A,1135,x
45437,C,1962,x
45438,B,1414,x
45439,A,1210,x
45441,B,1758,x
45446,D,1014,x
45448,C,1288,x
45449,D,1891,x
45450,D,1235,x
45451,B,1414,x
45453,D,1571,x
45454,D,1229,x
45455,C,1404,x
45458,D,1278,x
45461,B,1077,x
45462,A,1770,x
45464,A,1850,x
45467,A,1799,x
45470,C,1793,x
45474,C,1640,x
45475,B,1720,x
45477,B,1367,x
45479,A,1758,x
45483,A,1315,x
45484,B,1969,x
45487,D,1718,x
45489,C,1086,x
45490,B,1716,x
45491,A,1793,x
45492,A,1913,x
45495,D,1246,x
45496,C,1380,x
45497,D,1481,x
45498,C,1297,x
45504,B,1582,x
45505,D,1849,x
45507,C,1369,x
45508,D,1908,x
45509,C,1408,x
45511,D,1498,x
45513,A,1248,x
45514,C,1565,x
45515,D,1153,x
45518,A,1584,x
45528,A,1325,x
45529,B,1515,x
45531,A,1828,x
45532,B,1827,x
45533,C,1528,x
45535,B,1413,x
45539,D,1246,x
45541,B,1286,x
45543,A,1135,x
45544,B,1464,x
45545,A,1816,x
45548,D,1347,x
45549,D,1063,x
45553,D,1186,x
45554,D,1047,x
45556,B,1252,x
45557,A,1740,x
45558,D,1428,x
45560,B,1461,x
45561,A,1004,x
45562,C,1162,x
45563,B,1598,x
45564,B,1236,x
45566,C,1220,x
45567,B,1607,x
45568,D,1889,x
45570,A,1699,x
45571,C,1390,x
45572,D,1580,x
45574,A,1039,x
45576,B,1113,x
45577,B,1100,x
45578,B,1399,x
45579,B,1187,x
45581,D,1473,x
45583,D,1092,x
45586,D,1950,x
45588,C,1445,x
45591,A,1190,x
45593,C,1062,x
45594,B,1293,x
45596,A,1550,x
45598,A,1273,x
45599,D,1814,x
45602,C,1315,x
45604,A,1735,x
45607,B,1995,x
45608,A,1376,x
45610,D,1614,x
45614,C,1985,x
45615,C,1911,x
45617,A,1912,x
45618,C,1593,x
45620,D,1408,x
45621,C,1619,x
45622,C,1216,x
45624,C,1894,x
45626,B,1296,x
45629,B,1632,x
45636,D,1847,x
45641,D,1641,x
45645,C,1647,x
45646,A,1766,x
45649,B,1484,x
45650,C,1866,x
45651,B,1744,x
45652,D,1593,x
45655,D,1799,x
45656,C,1101,x
45663,B,1513,x
45665,A,1409,x
45666,B,1045,x
45667,D,1729,x
45668,C,1362,x
45669,C,1852,x
45671,B,1465,x
45673,A,1271,x
45676,C,1711,x
45679,D,1631,x
45681,D,1491,x
45683,A,1140,x
45684,D,1104,x
45686,D,1535,x
45691,C,1092,x
45692,D,1228,x
45697,D,1582,x
45699,D,1906,x
45702,B,1855,x
45711,B,1708,x
45714,B,1274,x
45718,D,1474,x
45720,A,1474,x
45721,B,1105,x
45722,D,1791,x
45724,D,1459,x
45725,C,1135,x
45730,B,1793,x
45731,D,1293,x
45732,D,1576,x
45734,D,1785,x
45735,B,1187,x
45736,D,1188,x
45739,D,1081,x
45740,A,1776,x
45743,D,1319,x
45744,D,1736,x
45745,B,1379,x
45751,A,1043,x
45752,B,1248,x
45753,A,1119,x
45754,D,1152,x
45755,B,1460,x
45759,D,1051,x
45761,A,1010,x
45766,D,1211,x
45769,A,1498,x
45770,C,1103,x
45773,B,1997,x
45775,B,1977,x
45776,D,1456,x
45777,C,1271,x
45778,B,1817,x
45779,D,1936,x
45780,B,1565,x
45787,D,1805,x
45788,A,1631,x
45791,A,1501,x
45792,B,1597,x
45796,A,1859,x
45800,C,1283,x
45804,C,1141,x
45806,A,1432,x
45807,A,1084,x
45809,C,1969,x
45811,C,1755,x
45812,A,1087,x
45815,C,1763,x
45816,C,1644,x
45819,C,1988,x
45820,D,1981,x
45821,A,1216,x
45824,A,1450,x
45826,C,1127,x
45827,B,1749,x
45829,B,1121,x
45831,D,1101,x
45833,B,1854,x
45834,A,1345,x
45835,A,1121,x
45836,B,1087,x
45837,D,1764,x
45838,A,1954,x
45839,D,1685,x
45841,D,1019,x
45842,A,1785,x
45844,A,1382,x
45845,D,1340,x
45846,B,1155,x
45848,D,1284,x
45849,D,1669,x
45851,D,1429,x
45852,A,1249,x
45853,B,1782,x
45854,C,1129,x
45856,D,1749,x
45858,A,1279,x
45859,D,1940,x
45860,D,1442,x
45862,B,1818,x
45863,C,1525,x
45868,C,1874,x
45870,C,1817,x
45874,C,1380,x
45877,D,1270,x
45878,A,1796,x
45879,A,1292,x
45880,D,1644,x
45883,B,1310,x
45884,A,1183,x
45885,D,1544,x
45886,C,1699,x
45888,B,1695,x
45890,A,1493,x
45892,D,1734,x
45893,A,1097,x
45894,B,1098,x
45895,A,1021,x
45896,D,1079,x
45898,D,1714,x
45899,A,1755,x
45901,C,1766,x
45906,D,1783,x
45907,D,1234,x
45909,C,1942,x
45911,B,1362,x
45913,C,1781,x
45915,A,1990,x
45916,A,1132,x
45917,B,1340,x
45918,A,1275,x
45921,D,1135,x
45923,B,1475,x
45924,D,1104,x
45928,C,1415,x
45929,A,1388,x
45930,D,1859,x
45932,A,1169,x
45933,A,1659,x
45934,C,1180,x
45936,A,1080,x
45939,B,1406,x
45940,D,1106,x
45943,D,1127,x
45945,B,1469,x
45947,D,1769,x
45948,D,1481,x
45949,A,1258,x
45951,D,1646,x
45955,C,1523,x
45959,B,1341,x
45961,A,1058,x
45963,B,1181,x
45964,B,1504,x
45965,B,1335,x
45967,D,1086,x
45968,D,1237,x
45969,D,1518,x
45972,A,1275,x
45979,D,1090,x
45981,C,1659,x
45984,A,1770,x
45987,A,1467,x
45988,A,1084,x
45989,D,1536,x
45990,A,1473,x
45992,A,1953,x
45993,C,1686,x
45995,C,1967,x
45996,D,1714,x
45998,C,1847,x
45999,D,1770,x
46000,C,1723,x
46001,B,1991,x
46002,A,1936,x
46003,D,1792,x
46004,B,1297,x
46008,B,1564,x
46010,D,1745,x
46011,B,1021,x
46014,C,1788,x
46017,B,1521,x
46019,D,1025,x
46026,C,1346,x
46027,B,1027,x
46029,B,1961,x
46030,A,1203,x
46034,B,1782,x
46038,D,1984,x
46042,A,1346,x
46045,D,1354,x
46046,A,1696,x
46047,D,1404,x
46050,C,1205,x
46051,D,1228,x
46056,B,1003,x
46057,D,1067,x
46058,C,1865,x
46059,C,1790,x
46061,D,1479,x
46062,A,1305,x
46064,A,1773,x
46065,A,1580,x
46067,C,1466,x
46069,D,1451,x
46072,D,1533,x
46074,D,1694,x
46076,C,1131,x
46080,B,1254,x
46083,B,1466,x
46085,B,1247,x
46086,C,1754,x
46087,D,1043,x
46091,B,1765,x
46092,D,1464,x
46093,B,1330,x
46095,C,1482,x
46096,A,1536,x
46097,D,1129,x
46098,B,1766,x
46099,D,1835,x
46103,A,1160,x
46105,C,1160,x
46106,D,1670,x
46108,C,1254,x
46109,A,1159,x
46110,C,1228,x
46111,D,1497,x
46113,C,1018,x
46114,C,1524,x
46115,C,1012,x
46116,C,1506,x
46118,C,1919,x
46119,D,1288,x
46123,B,1183,x
46124,A,1142,x
46127,A,1630,x
46129,B,1893,x
46134,D,1260,x
46135,A,1746,x
46136,C,1800,x
46143,D,1580,x
46144,D,1364,x
46145,C,1502,x
46146,C,1955,x
46149,C,1286,x
46151,A,1223,x
46152,D,1351,x
46153,B,1493,x
46156,A,1549,x
46160,C,1076,x
46161,D,1546,x
46162,C,1758,x
46163,B,1902,x
46168,B,1451,x
46169,C,1811,x
46173,A,1619,x
46177,B,1205,x
46179,B,1884,x
46181,B,1178,x
46182,D,1527,x
46184,D,1294,x
46185,A,1699,x
46186,C,1543,x
46187,B,1359,x
46190,B,1544,x
46191,A,1239,x
46193,A,1544,x
46194,A,1232,x
46196,D,1824,x
46200,B,1351,x
46202,A,1005,x
46203,D,1364,x
46204,D,1378,x
46206,D,1935,x
46207,B,1010,x
46208,B,1649,x
46209,B,1415,x
46215,C,1023,x
46216,D,1305,x
46219,C,1035,x
46220,D,1945,x
46223,C,1699,x
46224,A,1345,x
46228,B,1955,x
46230,B,1776,x
46233,A,1391,x
46234,A,1271,x
46235,D,1859,x
46237,C,1842,x
46239,B,1502,x
46241,D,1616,x
46242,A,1613,x
46243,C,1395,x
46245,A,1227,x
46246,B,1689,x
46251,B,1575,x
46253,C,1966,x
46257,D,1034,x
46258,D,1872,x
46259,A,1104,x
46260,A,1543,x
46263,B,1099,x
46264,A,1844,x
46265,A,1752,x
46266,A,1993,x
46267,A,1515,x
46268,C,1642,x
46269,C,1523,x
46277,B,1158,x
46280,B,1298,x
46282,C,1698,x
46286,A,1265,x
46292,D,1745,x
46294,A,1255,x
46295,C,1479,x
46296,B,1825,x
46297,A,1113,x
46298,B,1691,x
46299,D,1738,x
46300,D,1344,x
46303,C,1993,x
46304,D,1842,x
46305,B,1006,x
46308,B,1027,x
46309,D,1095,x
46310,A,1583,x
46312,B,1240,x
46319,B,1201,x
46320,C,1029,x
46322,C,1283,x
46324,A,1415,x
46326,A,1780,x
46329,B,1042,x
46331,C,1998,x
46336,B,1360,x
46340,C,1264,x
46341,B,1255,x
46347,C,1936,x
46349,A,1146,x
46350,D,1865,x
46351,B,1401,x
46353,B,1426,x
46354,A,1846,x
46356,A,1374,x
46357,C,1694,x
46358,C,1195,x
46359,C,1416,x
46361,D,1701,x
46363,B,1253,x
46367,D,1965,x
46369,A,1711,x
46370,C,1649,x
46372,A,1019,x
46375,B,1037,x
46377,B,1833,x
46378,C,1810,x
46379,D,1669,x
46380,D,1628,x
46382,D,1333,x
46383,B,1067,x
46384,A,1196,x
46387,A,1015,x
46388,B,1278,x
46389,C,1449,x
46392,D,1412,x
46395,C,1686,x
46397,B,1551,x
46398,C,1594,x
46399,A,1862,x
46401,C,1165,x
46403,A,1960,x
46406,C,1583,x
46407,B,1594,x
46408,B,1523,x
46410,D,1267,x
46412,B,1163,x
46415,C,1937,x
46416,B,1411,x
46417,C,1813,x
46418,C,1428,x
46421,C,1744,x
46429,D,1808,x
46432,C,1958,x
46436,D,1900,x
46437,C,1870,x
46439,D,1559,x
46440,D,1777,x
46441,C,1551,x
46442,B,1570,x
46443,C,1714,x
46444,D,1004,x
46445,C,1899,x
46447,A,1144,x
46448,C,1173,x
46450,B,1781,x
46451,A,1949,x
46452,D,1122,x
46454,D,1400,x
46455,B,1597,x
46459,D,1180,x
46461,B,1891,x
46464,A,1622,x
46469,D,1977,x
46470,B,1373,x
46471,D,1919,x
46474,B,1171,x
46475,A,1952,x
46477,A,1375,x
46481,B,1454,x
46485,B,1230,x
46486,C,1507,x
46488,B,1334,x
46489,C,1335,x
46490,C,1871,x
46491,D,1232,x
46493,A,1413,x
46496,A,1891,x
46497,C,1773,x
46498,C,1101,x
46503,A,1015,x
46506,C,1373,x
46507,A,1576,x
46508,A,1413,x
46511,C,1678,x
46515,D,1046,x
46517,C,1876,x
46518,D,1631,x
46519,A,1324,x
46520,A,1717,x
46521,C,1144,x
46522,D,1977,x
46523,A,1161,x
46524,D,1737,x
46525,A,1467,x
46526,D,1829,x
46528,D,1311,x
46529,D,1902,x
46532,B,1993,x
46533,C,1819,x
46536,D,1067,x
46538,B,1831,x
46540,B,1814,x
46541,A,1768,x
46544,D,1458,x
46545,C,1533,x
46547,A,1625,x
46548,C,1956,x
46549,D,1268,x
46550,B,1943,x
46556,C,1967,x
46557,C,1348,x
46559,C,1430,x
46560,C,1785,x
46562,C,1939,x
46563,A,1396,x
46565,D,1447,x
46566,A,1796,x
46569,C,1936,x
46570,B,1208,x
46573,C,1158,x
46574,D,1030,x
46575,C,1331,x
46577,A,1546,x
46580,C,1951,x
46582,C,1960,x
46583,D,1877,x
46587,D,1296,x
46589,A,1961,x
46592,A,1823,x
46594,C,1016,x
46595,C,1309,x
46596,B,1678,x
46604,B,1295,x
46605,C,1225,x
46607,A,1763,x
46608,A,1817,x
46609,B,1353,x
46611,B,1763,x
46612,A,1240,x
46613,B,1711,x
46614,D,1166,x
46615,B,1785,x
46616,C,1645,x
46622,C,1127,x
46627,B,1827,x
46628,A,1146,x
46629,C,1577,x
46633,C,1830,x
46634,D,1445,x
46638,D,1712,x
46639,D,1618,x
46641,D,1060,x
46644,C,1342,x
46645,B,1611,x
46646,B,1034,x
46649,D,1156,x
46650,C,1751,x
46655,D,1080,x
46657,A,1163,x
46658,C,1718,x
46659,D,1161,x
46661,A,1153,x
46662,D,1533,x
46664,A,1592,x
46665,B,1130,x
46666,D,1375,x
46668,B,1933,x
46669,B,1401,x
46671,C,1982,x
46672,A,1450,x
46674,D,1149,x
46675,A,1576,x
46677,B,1900,x
46678,B,1252,x
46682,C,1192,x
46683,A,1162,x
46684,C,1707,x
46685,A,1304,x
46687,C,1887,x
46691,A,1069,x
46693,D,1020,x
46695,D,1249,x
46699,C,1343,x
46704,A,1397,x
46706,D,1866,x
46709,D,1144,x
46710,A,1447,x
46711,B,1314,x
46712,C,1635,x
46713,A,1276,x
46714,A,1605,x
46716,A,1959,x
46719,A,1141,x
46720,B,1561,x
46721,D,1783,x
46722,A,1107,x
46723,D,1630,x
46729,A,1977,x
46733,B,1879,x
46735,D,1565,x
46736,B,1939,x
46737,D,1871,x
46743,D,1004,x
46747,C,1847,x
46748,A,1381,x
46749,A,1751,x
46750,D,1646,x
46752,B,1385,x
46753,A,1863,x
46755,B,1545,x
46758,C,1604,x
46760,B,1455,x
46764,D,1975,x
46765,D,1287,x
46766,A,1825,x
46767,C,1230,x
46768,A,1965,x
46769,A,1034,x
46772,B,1411,x
46773,D,1517,x
46775,C,1205,x
46784,D,1744,x
46785,D,1701,x
46789,B,1407,x
46793,C,1057,x
46796,B,1318,x
46797,D,1714,x
46799,D,1820,x
46801,D,1306,x
46802,A,1793,x
46803,B,1479,x
46805,B,1168,x
46806,A,1664,x
46810,C,1583,x
46811,D,1910,x
46814,B,1191,x
46816,D,1227,x
46817,D,1982,x
46818,C,1354,x
46822,C,1211,x
46823,A,1008,x
46824,A,1003,x
46826,A,1855,x
46827,B,1148,x
46829,A,1880,x
46831,D,1684,x
46834,A,1641,x
46836,B,1668,x
46838,B,1219,x
46840,B,1076,x
46842,B,1355,x
46844,C,1514,x
46845,A,1738,x
46846,A,1698,x
46847,A,1245,x
46848,D,1902,x
46849,D,1591,x
46850,C,1243,x
46853,C,1995,x
46854,B,1267,x
46857,C,1135,x
46860,D,1336,x
46862,D,1125,x
46864,D,1886,x
46869,B,1238,x
46875,A,1926,x
46876,A,1572,x
46877,A,1574,x
46880,C,1320,x
46881,C,1746,x
46882,B,1711,x
46883,A,1858,x
46884,C,1277,x
46885,C,1020,x
46886,A,1021,x
46887,C,1008,x
46889,A,1833,x
46890,D,1657,x
46892,C,1871,x
46893,A,1101,x
46896,A,1824,x
46897,D,1755,x
46899,A,1798,x
46902,C,1101,x
46903,C,1937,x
46908,C,1901,x
46909,C,1855,x
46910,C,1600,x
46911,C,1661,x
46914,B,1418,x
46915,A,1208,x
46918,C,1469,x
46920,A,1872,x
46922,C,1080,x
46924,C,1923,x
46926,D,1031,x
46927,C,1968,x
46930,C,1944,x
46931,A,1510,x
46932,A,1167,x
46934,D,1653,x
46936,A,1848,x
46937,B,1368,x
46939,C,1366,x
46941,A,1665,x
46942,D,1578,x
46943,A,1016,x
46944,C,1464,x
46946,D,1106,x
46947,D,1445,x
46949,A,1887,x
46951,C,1398,x
46953,D,1847,x
46960,C,1406,x
46966,D,1427,x
46969,A,1144,x
46970,B,1761,x
46971,D,1387,x
46974,D,1545,x
46975,B,1748,x
46976,D,1707,x
46978,D,1847,x
46980,C,1825,x
46982,C,1795,x
46983,A,1004,x
46984,B,1111,x
46985,D,1076,x
46987,D,1497,x
46988,C,1484,x
46989,D,1204,x
46991,A,1044,x
46996,D,1251,x
46998,D,1591,x
47001,A,1520,x
47002,A,1672,x
47005,C,1497,x
47007,B,1016,x
47008,C,1976,x
47009,A,1079,x
47011,B,1921,x
47012,B,1047,x
47013,C,1529,x
47015,A,1185,x
47017,C,1624,x
47018,B,1450,x
47019,C,1916,x
47020,D,1086,x
47022,C,1138,x
47023,A,1935,x
47030,D,1460,x
47031,D,1571,x
47032,B,1155,x
47033,D,1858,x
47035,D,1232,x
47037,D,1933,x
47038,D,1405,x
47046,D,1634,x
47048,B,1959,x
47053,A,1081,x
47054,A,1952,x
47055,B,1981,x
47064,A,1685,x
47065,D,1630,x
47067,D,1799,x
47068,A,1509,x
47070,C,1477,x
47072,A,1335,x
47074,B,1102,x
47075,D,1264,x
47076,A,1026,x
47080,C,1282,x
47081,A,1931,x
47084,B,1924,x
47088,C,1812,x
47089,C,1847,x
47092,D,1692,x
47096,B,1713,x
47097,C,1721,x
47102,A,1883,x
47103,D,1025,x
47107,A,1464,x
47108,D,1606,x
47109,C,1667,x
47112,B,1016,x
47113,D,1421,x
47116,B,1431,x
47119,D,1996,x
47120,A,1437,x
47122,C,1642,x
47124,A,1769,x
47125,D,1839,x
47127,B,1582,x
47128,B,1714,x
47130,A,1765,x
47131,B,1387,x
47132,A,1216,x
47134,D,1342,x
47137,D,1777,x
47138,A,1795,x
47139,B,1700,x
47141,D,1239,x
47142,D,1889,x
47143,A,1175,x
47145,B,1124,x
47147,D,1965,x
47151,D,1095,x
47152,C,1418,x
47153,B,1835,x
47154,A,1135,x
47155,D,1526,x
47156,C,1437,x
47157,C,1787,x
47158,D,1185,x
47159,A,1275,x
47160,D,1268,x
47161,D,1191,x
47162,A,1232,x
47163,B,1083,x
47167,C,1047,x
47168,B,1653,x
47170,A,1153,x
47171,B,1145,x
47175,D,1187,x
47177,B,1295,x
47179,A,1791,x
47182,C,1360,x
47183,C,1509,x
47184,B,1138,x
47185,B,1292,x
47186,D,1826,x
47187,A,1739,x
47188,B,1391,x
47189,B,1615,x
47190,A,1044,x
47196,B,1883,x
47199,A,1340,x
47200,D,1979,x
47201,A,1269,x
47203,C,1550,x
47205,C,1386,x
47206,C,1721,x
47209,D,1670,x
47210,B,1516,x
47212,A,1305,x
47213,C,1625,x
47214,D,1983,x
47216,A,1111,x
47221,B,1236,x
47228,A,1432,x
47229,D,1150,x
47233,D,1138,x
47235,D,1870,x
47237,C,1089,x
47238,B,1730,x
47239,C,1897,x
47244,C,1284,x
47248,C,1307,x
47249,D,1290,x
47251,B,1329,x
47252,D,1579,x
47255,C,1034,x
47258,A,1290,x
47259,D,1399,x
47261,C,1946,x
47263,C,1281,x
47265,B,1256,x
47271,A,1776,x
47272,B,1770,x
47273,B,1515,x
47275,D,1332,x
47276,C,1131,x
47277,B,1991,x
47280,D,1262,x
47281,B,1466,x
47285,A,1077,x
47288,C,1432,x
47289,B,1123,x
47291,A,1403,x
47294,B,1185,x
47295,A,1189,x
47301,D,1141,x
47304,B,1446,x
47308,B,1554,x
47310,A,1858,x
47311,C,1052,x
47313,B,1477,x
47314,C,1408,x
47315,A,1361,x
47319,B,1988,x
47320,C,1175,x
47322,D,1217,x
47323,B,1821,x
47327,D,1044,x
47328,C,1928,x
47332,D,1612,x
47339,A,1800,x
47341,C,1778,x
47343,B,1249,x
47348,D,1029,x
47351,C,1657,x
47352,B,1190,x
47354,B,1432,x
47355,A,1618,x
47356,A,1177,x
47357,B,1606,x
47358,B,1241,x
47359,C,1069,x
47360,B,1524,x
47361,A,1616,x
47362,A,1110,x
47363,C,1065,x
47364,D,1579,x
47365,D,1016,x
47366,C,1779,x
47367,C,1850,x
47368,D,1471,x
47369,B,1604,x
47372,C,1421,x
47373,B,1017,x
47377,C,1693,x
47378,B,1254,x
47380,B,1917,x
47381,C,1364,x
47382,D,1965,x
47385,D,1056,x
47387,D,1959,x
47389,D,1709,x
47391,C,1773,x
47392,B,1337,x
47393,C,1181,x
47394,D,1569,x
47396,B,1020,x
47398,C,1353,x
47401,A,1165,x
47406,B,1888,x
47407,B,1418,x
47408,B,1193,x
47412,C,1548,x
47413,D,1001,x
47417,D,1100,x
47418,A,1758,x
47420,B,1397,x
47421,A,1224,x
47422,B,1715,x
47423,C,1938,x
47425,A,1314,x
47427,C,1033,x
47429,A,1411,x
47430,A,1459,x
47431,A,1558,x
47433,C,1389,x
47434,B,1236,x
47435,D,1653,x
47436,B,1990,x
47437,A,1741,x
47438,A,1164,x
47440,A,1426,x
47442,C,1405,x
47443,C,1067,x
47444,B,1852,x
47445,D,1876,x
47448,C,1850,x
47451,B,1440,x
47452,C,1510,x
47454,A,1540,x
47457,A,1119,x
47459,C,1297,x
47461,C,1447,x
47463,B,1020,x
47465,B,1674,x
47467,B,1734,x
47469,C,1336,x
47472,C,1390,x
47473,A,1929,x
47474,B,1364,x
47475,C,1358,x
47476,B,1313,x
47481,B,1427,x
47482,D,1495,x
47486,B,1475,x
47487,A,1217,x
47488,B,1980,x
47489,D,1551,x
47493,D,1639,x
47496,D,1344,x
47499,B,1394,x
47500,C,1058,x
47501,D,1889,x
47503,B,1707,x
47504,A,1147,x
47505,C,1483,x
47506,A,1803,x
47507,D,1217,x
47510,C,1762,x
47512,B,1604,x
47513,A,1395,x
47515,C,1082,x
47518,C,1342,x
47519,A,1294,x
47520,D,1901,x
47523,B,1672,x
47525,D,1105,x
47526,C,1256,x
47527,D,1773,x
47528,C,1869,x
47530,A,1786,x
47531,C,1419,x
47533,D,1477,x
47535,D,1173,x
47536,A,1274,x
47538,B,1864,x
47539,D,1967,x
47540,D,1619,x
47541,B,1788,x
47544,B,1574,x
47546,A,1491,x
47547,B,1706,x
47548,A,1338,x
47551,A,1283,x
47552,B,1203,x
47553,C,1954,x
47555,A,1844,x
47558,C,1996,x
47560,B,1356,x
47561,B,1347,x
47563,D,1294,x
47566,D,1265,x
47567,C,1493,x
47568,C,1041,x
47569,C,1661,x
47570,C,1693,x
47577,A,1859,x
47578,A,1722,x
47583,B,1131,x
47585,C,1798,x
47588,D,1059,x
47589,D,1450,x
47590,C,1690,x
47593,D,1620,x
47594,B,1231,x
47596,C,1266,x
47597,C,1214,x
47598,A,1539,x
47599,A,1064,x
47600,B,1897,x
47601,D,1774,x
47602,C,1966,x
47603,B,1741,x
47604,A,1293,x
47605,A,1653,x
47608,D,1486,x
47611,A,1642,x
47614,D,1560,x
47615,C,1252,x
47616,C,1290,x
47620,D,1202,x
47622,D,1333,x
47623,A,1550,x
47625,B,1698,x
47628,B,1402,x
47631,C,1234,x
47634,C,1237,x
47635,D,1072,x
47640,D,1605,x
47642,D,1784,x
47643,A,1778,x
47648,A,1835,x
47652,D,1994,x
47653,D,1324,x
47656,B,1336,x
47660,C,1424,x
47661,B,1087,x
47662,C,1232,x
47666,C,1503,x
47667,C,1767,x
47668,A,1583,x
47669,A,1615,x
47671,D,1371,x
47673,D,1491,x
47674,B,1763,x
47675,D,1072,x
47681,A,1741,x
47682,B,1343,x
47684,D,1600,x
47685,D,1285,x
47686,C,1889,x
47688,A,1407,x
47690,D,1224,x
47693,B,1298,x
47695,A,1538,x
47698,A,1211,x
47699,A,1591,x
47700,B,1207,x
47708,A,1654,x
47709,B,1221,x
47710,A,1657,x
47711,C,1203,x
47712,B,1167,x
47713,C,1361,x
47714,B,1582,x
47717,A,1761,x
47718,A,1371,x
47722,D,1730,x
47724,B,1321,x
47727,B,1845,x
47729,A,1679,x
47730,C,1688,x
47731,D,1093,x
47732,B,1449,x
47733,B,1411,x
47734,D,1306,x
47738,A,1346,x
47739,C,1209,x
47742,C,1441,x
47743,B,1555,x
47746,C,1121,x
47748,B,1793,x
47751,D,1009,x
47752,C,1568,x
47753,B,1940,x
47754,C,1279,x
47756,A,1236,x
47758,B,1986,x
47760,A,1748,x
47761,A,1848,x
47762,A,1571,x
47763,B,1766,x
47764,A,1731,x
47765,B,1310,x
47766,C,1267,x
47767,A,1471,x
47769,B,1050,x
47772,D,1614,x
47773,A,1327,x
47776,C,1022,x
47777,B,1444,x
47780,D,1182,x
47781,A,1657,x
47783,C,1795,x
47784,B,1019,x
47786,C,1123,x
47788,A,1445,x
47789,C,1722,x
47790,C,1090,x
47792,C,1696,x
47793,B,1207,x
47794,B,1354,x
47796,C,1922,x
47801,C,1724,x
47803,C,1985,x
47805,C,1598,x
47806,A,1502,x
47808,C,1300,x
47809,C,1846,x
47810,A,1294,x
47811,D,1044,x
47812,B,1541,x
47813,A,1088,x
47814,B,1221,x
47815,B,1572,x
47816,C,1375,x
47818,D,1636,x
47819,D,1165,x
47821,B,1430,x
47825,B,1933,x
47826,A,1238,x
47830,C,1832,x
47831,A,1513,x
47832,B,1885,x
47834,C,1171,x
47835,B,1405,x
47839,B,1725,x
47841,D,1748,x
47842,B,1392,x
47843,C,1336,x
47844,A,1371,x
47847,D,1312,x
47850,D,1148,x
47851,B,1800,x
47853,A,1963,x
47861,A,1833,x
47863,A,1332,x
47866,A,1312,x
47867,C,1330,x
47868,D,1273,x
47870,A,1990,x
47871,B,1678,x
47874,B,1253,x
47877,C,1676,x
47878,C,1718,x
47880,A,1026,x
47881,D,1068,x
47884,B,1326,x
47888,A,1241,x
47889,B,1823,x
47891,A,1616,x
47894,A,1134,x
47895,C,1445,x
47896,B,1800,x
47897,C,1416,x
47899,B,1307,x
47901,C,1058,x
47902,A,1477,x
47903,A,1723,x
47904,D,1757,x
47905,C,1560,x
47906,A,1044,x
47908,A,1086,x
47910,A,1187,x
47911,A,1016,x
47912,B,1122,x
47914,A,1924,x
47918,A,1127,x
47919,B,1465,x
47923,B,1431,x
47924,B,1921,x
47926,A,1333,x
47927,D,1752,x
47929,C,1646,x
47930,B,1943,x
47931,A,1156,x
47933,A,1813,x
47934,B,1326,x
47935,B,1888,x
47936,A,1950,x
47938,A,1088,x
47941,C,1033,x
47942,B,1659,x
47943,D,1098,x
47944,D,1310,x
47949,C,1440,x
47950,D,1915,x
47952,D,1444,x
47957,B,1519,x
47958,D,1353,x
47960,C,1420,x
47961,A,1582,x
47965,C,1554,x
47966,D,1516,x
47967,B,1087,x
47969,D,1169,x
47972,A,1943,x
47973,D,1807,x
47975,B,1195,x
47979,A,1548,x
47984,B,1384,x
47985,A,1417,x
47988,A,1713,x
47989,C,1424,x
47990,D,1690,x
47991,B,1648,x
47992,D,1095,x
47993,D,1015,x
47994,C,1583,x
47995,A,1943,x
47997,B,1400,x
47999,D,1968,x
48002,D,1523,x
48003,C,1496,x
48005,C,1619,x
48010,D,1017,x
48014,D,1484,x
48015,B,1933,x
48018,D,1661,x
48020,A,1522,x
48022,C,1394,x
48028,D,1857,x
48030,C,1885,x
48031,D,1927,x
48034,B,1402,x
48035,D,1477,x
48037,C,1222,x
48038,C,1663,x
48039,B,1195,x
48042,D,1754,x
48043,C,1622,x
48044,D,1077,x
48045,B,1535,x
48049,C,1688,x
48051,A,1837,x
48054,B,1070,x
48055,C,1812,x
48056,A,1031,x
48058,D,1129,x
48060,A,1606,x
48064,A,1163,x
48065,D,1775,x
48068,A,1978,x
48075,C,1007,x
48078,C,1286,x
48081,C,1606,x
48084,D,1147,x
48087,A,1155,x
48089,C,1975,x
48090,C,1653,x
48091,D,1412,x
48093,A,1938,x
48096,A,1304,x
48097,C,1312,x
48099,D,1009,x
48101,C,1867,x
48102,B,1749,x
48104,C,1518,x
48107,C,1783,x
48108,D,1098,x
48111,C,1249,x
48112,C,1597,x
48113,A,1556,x
48114,C,1602,x
48116,D,1429,x
48117,B,1124,x
48121,B,1212,x
48125,B,1507,x
48126,D,1189,x
48127,A,1476,x
48129,B,1371,x
48131,D,1797,x
48134,B,1808,x
48135,B,1367,x
48136,A,1976,x
48137,D,1630,x
48139,B,1264,x
48143,B,1544,x
48146,C,1984,x
48149,D,1315,x
48153,A,1804,x
48154,B,1576,x
48155,C,1470,x
48157,A,1899,x
48159,B,1950,x
48160,D,1268,x
48161,D,1937,x
48162,D,1741,x
48163,A,1023,x
48166,A,1453,x
48170,A,1246,x
48172,C,1388,x
48173,D,1987,x
48175,C,1231,x
48176,A,1806,x
48177,C,1733,x
48178,C,1171,x
48181,A,1106,x
48182,D,1476,x
48183,A,1108,x
48187,C,1163,x
48188,B,1519,x
48190,A,1731,x
48193,C,1661,x
48194,C,1976,x
48197,B,1809,x
48200,A,1008,x
48202,D,1881,x
48204,A,1051,x
48207,C,1765,x
48208,B,1537,x
48211,A,1439,x
48212,D,1634,x
48218,D,1438,x
48219,C,1083,x
48221,C,1567,x
48222,B,1129,x
48224,C,1974,x
48227,A,1364,x
48228,D,1345,x
48236,C,1501,x
48237,B,1018,x
48239,B,1003,x
48240,C,1957,x
48241,D,1738,x
48242,C,1132,x
48243,B,1597,x
48244,C,1401,x
48246,C,1775,x
48248,C,1381,x
48250,C,1026,x
48251,B,1186,x
48253,D,1787,x
48255,C,1945,x
48256,B,1648,x
48257,C,1171,x
48260,D,1156,x
48261,C,1146,x
48262,D,1180,x
48263,D,1481,x
48269,D,1151,x
48274,B,1517,x
48275,C,1808,x
48277,C,1716,x
48278,D,1137,x
48282,C,1128,x
48289,B,1497,x
48290,A,1275,x
48291,C,1836,x
48295,B,1671,x
48298,B,1746,x
48300,A,1889,x
48303,D,1912,x
48304,B,1166,x
48307,B,1086,x
48308,A,1561,x
48312,B,1689,x
48315,D,1542,x
48318,B,1114,x
48320,C,1105,x
48322,C,1482,x
48323,A,1834,x
48334,A,1564,x
48335,D,1528,x
48336,B,1064,x
48339,A,1559,x
48340,D,1025,x
48341,D,1595,x
48342,B,1791,x
48343,D,1472,x
48344,C,1965,x
48347,D,1263,x
48348,A,1962,x
48349,B,1803,x
48351,D,1643,x
48357,B,1719,x
48358,B,1126,x
48359,A,1844,x
48360,D,1108,x
48361,B,1159,x
48363,A,1039,x
48365,B,1037,x
48366,D,1828,x
48367,B,1761,x
48368,A,1919,x
48370,C,1765,x
48371,B,1143,x
48377,A,1108,x
48379,B,1448,x
48380,C,1627,x
48382,B,1816,x
48383,D,1241,x
48384,D,1183,x
48386,A,1825,x
48387,A,1947,x
48388,A,1856,x
48389,C,1576,x
48391,D,1970,x
48392,B,1084,x
48393,A,1160,x
48394,D,1916,x
48396,B,1033,x
48397,C,1603,x
48398,A,1878,x
48399,C,1398,x
48400,A,1953,x
48401,C,1797,x
48402,A,1999,x
48403,D,1656,x
48404,D,1537,x
48405,D,1591,x
48406,C,1282,x
48407,B,1857,x
48408,A,1075,x
48410,D,1827,x
48412,D,1281,x
48413,C,1307,x
48414,D,1286,x
48415,C,1083,x
48417,A,1090,x
48418,C,1970,x
48421,C,1121,x
48422,C,1120,x
48423,C,1780,x
48426,C,1238,x
48427,B,1295,x
48430,B,1535,x
48431,D,1428,x
48432,C,1840,x
48433,B,1077,x
48434,D,1016,x
48435,D,1990,x
48436,A,1454,x
48438,C,1353,x
48439,C,1335,x
48440,B,1419,x
48442,B,1798,x
48443,A,1707,x
48446,C,1534,x
48448,D,1760,x
48449,D,1290,x
48450,D,1597,x
48451,C,1613,x
48453,D,1590,x
48455,D,1263,x
48457,A,1986,x
48458,D,1144,x
48461,D,1976,x
48467,A,1477,x
48468,C,1643,x
48469,B,1012,x
48471,C,1014,x
48472,C,1244,x
48473,A,1612,x
48475,C,1389,x
48477,C,1588,x
48479,D,1299,x
48488,A,1466,x
48489,C,1763,x
48490,B,1815,x
48493,D,1376,x
48496,C,1170,x
48498,D,1738,x
48505,A,1257,x
48507,A,1431,x
48508,A,1568,x
48511,A,1532,x
48519,C,1026,x
48520,B,1841,x
48522,D,1315,x
48523,B,1038,x
48525,B,1613,x
48527,D,1281,x
48534,D,1347,x
48536,C,1925,x
48537,D,1489,x
48540,A,1460,x
48541,D,1298,x
48544,A,1693,x
48546,D,1175,x
48547,B,1360,x
48548,D,1857,x
48549,C,1395,x
48550,D,1150,x
48551,B,1948,x
48553,A,1647,x
48554,A,1461,x
48556,D,1111,x
48557,B,1962,x
48559,C,1867,x
48560,A,1809,x
48563,A,1193,x
48564,C,1690,x
48566,B,1518,x
48568,D,1339,x
48570,C,1998,x
48571,C,1152,x
48572,B,1708,x
48573,B,1962,x
48578,C,1003,x
48579,C,1540,x
48581,C,1022,x
48584,D,1321,x
48588,C,1899,x
48593,A,1442,x
48597,C,1111,x
48599,C,1040,x
48601,D,1929,x
48602,C,1272,x
48603,A,1772,x
48607,A,1959,x
48608,A,1466,x
48611,A,1832,x
48614,C,1605,x
48615,C,1872,x
48618,A,1178,x
48621,A,1552,x
48622,C,1994,x
48623,A,1217,x
48626,B,1441,x
48627,C,1323,x
48628,D,1337,x
48630,D,1475,x
48634,A,1956,x
48638,A,1305,x
48639,D,1400,x
48641,D,1090,x
48643,A,1533,x
48647,D,1326,x
48649,B,1368,x
48652,B,1604,x
48653,D,1884,x
48654,A,1701,x
48656,D,1108,x
48658,C,1842,x
48659,A,1538,x
48660,C,1057,x
48663,A,1369,x
48664,C,1791,x
48665,C,1500,x
48670,C,1589,x
48672,D,1156,x
48673,D,1265,x
48676,C,1802,x
48679,C,1087,x
48681,C,1707,x
48683,A,1563,x
48684,A,1719,x
48686,D,1622,x
48689,D,1640,x
48690,C,1111,x
48691,A,1199,x
48692,C,1134,x
48693,A,1547,x
48694,B,1835,x
48697,D,1914,x
48702,B,1830,x
48706,B,1083,x
48707,C,1199,x
48710,D,1925,x
48712,B,1069,x
48713,D,1073,x
48715,B,1773,x
48716,A,1246,x
48718,A,1659,x
48719,C,1789,x
48721,D,1925,x
48722,A,1173,x
48724,D,1650,x
48725,D,1180,x
48726,B,1828,x
48730,A,1003,x
48731,A,1472,x
48732,C,1881,x
48733,D,1701,x
48737,C,1219,x
48738,B,1027,x
48740,B,1123,x
48741,B,1822,x
48744,D,1238,x
48745,D,1089,x
48746,C,1790,x
48748,A,1683,x
48749,D,1457,x
48750,A,1912,x
48751,D,1140,x
48752,A,1041,x
48753,C,1400,x
48754,C,1311,x
48755,A,1512,x
48758,B,1375,x
48759,D,1335,x
48760,D,1856,x
48764,C,1859,x
48765,D,1580,x
48767,C,1993,x
48769,A,1590,x
48770,B,1800,x
48771,A,1568,x
48772,D,1960,x
48773,C,1009,x
48774,B,1302,x
48775,D,1391,x
48778,C,1749,x
48781,B,1115,x
48786,D,1437,x
48790,D,1323,x
48793,B,1953,x
48795,D,1626,x
48796,A,1774,x
48798,D,1286,x
48799,B,1628,x
48800,A,1464,x
48801,D,1245,x
48802,A,1640,x
48803,D,1428,x
48804,A,1634,x
48805,B,1832,x
48806,A,1176,x
48809,D,1600,x
48813,A,1582,x
48814,A,1653,x
48817,A,1258,x
48818,B,1978,x
48819,A,1938,x
48821,C,1284,x
48822,B,1720,x
48823,B,1381,x
48827,B,1800,x
48829,B,1138,x
48831,D,1756,x
48832,D,1520,x
48834,B,1779,x
48836,A,1929,x
48849,A,1894,x
48850,B,1050,x
48855,B,1806,x
48856,C,1374,x
48857,D,1949,x
48861,A,1611,x
48863,D,1275,x
48864,B,1962,x
48867,A,1025,x
48868,A,1723,x
48871,C,1928,x
48873,A,1140,x
48875,A,1495,x
48876,D,1977,x
48878,C,1963,x
48879,C,1971,x
48880,B,1547,x
48881,C,1243,x
48883,D,1021,x
48884,C,1479,x
48885,B,1193,x
48888,B,1579,x
48891,B,1167,x
48892,A,1938,x
48894,C,1230,x
48895,C,1324,x
48897,B,1884,x
48898,B,1343,x
48899,C,1066,x
48901,D,1832,x
48902,B,1589,x
48904,C,1040,x
48905,B,1377,x
48907,B,1669,x
48909,A,1961,x
48910,A,1803,x
48912,A,1194,x
48913,D,1242,x
48916,C,1993,x
48919,B,1306,x
48921,B,1054,x
48922,A,1353,x
48923,B,1996,x
48925,A,1786,x
48926,C,1123,x
48927,B,1260,x
48928,D,1575,x
48931,A,1498,x
48932,C,1921,x
48935,D,1065,x
48943,B,1900,x
48944,B,1594,x
48945,A,1470,x
48946,D,1836,x
48947,B,1247,x
48949,C,1564,x
48951,D,1771,x
48952,B,1567,x
48953,A,1178,x
48954,B,1379,x
48956,C,1952,x
48957,C,1830,x
48964,D,1774,x
48966,D,1107,x
48967,D,1065,x
48968,C,1670,x
48969,C,1972,x
48972,D,1158,x
48975,B,1064,x
48976,B,1663,x
48978,C,1095,x
48980,A,1867,x
48981,C,1429,x
48982,C,1048,x
48983,A,1250,x
48984,C,1777,x
48985,D,1189,x
48986,B,1988,x
48990,C,1238,x
48991,B,1707,x
48993,B,1065,x
48994,D,1166,x
48999,A,1526,x
49002,A,1344,x
49004,C,1790,x
49005,C,1005,x
49006,A,1828,x
49007,D,1208,x
49008,C,1232,x
49009,D,1649,x
49010,D,1780,x
49011,B,1681,x
49012,D,1852,x
49013,D,1042,x
49014,B,1597,x
49015,B,1509,x
49016,D,1613,x
49017,A,1382,x
49018,B,1856,x
49020,B,1561,x
49021,D,1765,x
49023,A,1902,x
49025,A,1733,x
49026,D,1105,x
49027,D,1350,x
49028,B,1735,x
49030,D,1053,x
49032,C,1799,x
49033,A,1864,x
49034,D,1832,x
49035,D,1380,x
49037,B,1092,x
49038,B,1037,x
49040,B,1282,x
49043,A,1197,x
49045,B,1837,x
49046,C,1321,x
49049,C,1492,x
49050,C,1868,x
49051,B,1284,x
49055,D,1889,x
49056,D,1541,x
49058,B,1202,x
49059,B,1696,x
49060,C,1974,x
49061,C,1232,x
49062,B,1115,x
49063,C,1370,x
49064,C,1729,x
49065,C,1177,x
49066,D,1261,x
49069,B,1645,x
49072,A,1832,x
49073,B,1399,x
49075,D,1035,x
49078,C,1407,x
49081,B,1333,x
49084,C,1408,x
49087,A,1468,x
49089,B,1638,x
49090,C,1430,x
49092,A,1462,x
49094,B,1934,x
49095,D,1875,x
49099,A,1439,x
49101,B,1645,x
49103,A,1905,x
49106,A,1142,x
49109,D,1731,x
49112,B,1229,x
49117,B,1307,x
49120,A,1832,x
49125,C,1300,x
49126,B,1687,x
49127,D,1160,x
49129,C,1083,x
49131,C,1634,x
49132,C,1644,x
49135,B,1931,x
49137,D,1145,x
49138,A,1282,x
49142,D,1904,x
49143,D,1013,x
49144,B,1297,x
49145,C,1007,x
49147,A,1970,x
49150,B,1469,x
49157,A,1301,x
49159,B,1726,x
49162,B,1098,x
49163,B,1683,x
49164,A,1275,x
49167,C,1309,x
49169,B,1533,x
49172,C,1234,x
49176,D,1676,x
49177,D,1103,x
49180,C,1778,x
49181,C,1262,x
49184,D,1791,x
49190,C,1112,x
49191,B,1734,x
49194,B,1554,x
49195,B,1560,x
49198,B,1755,x
49199,A,1074,x
49203,C,1792,x
49204,B,1132,x
49205,C,1695,x
49206,C,1345,x
49208,A,1633,x
49211,D,1797,x
49213,D,1517,x
49216,D,1698,x
49219,C,1185,x
49221,A,1891,x
49222,C,1897,x
49223,D,1265,x
49226,B,1382,x
49231,A,1273,x
49232,B,1365,x
49234,C,1323,x
49235,C,1497,x
49239,B,1230,x
49241,A,1862,x
49243,B,1762,x
49245,B,1190,x
49246,C,1549,x
49252,D,1952,x
49253,D,1684,x
49254,C,1132,x
49256,B,1501,x
49260,B,1053,x
49265,C,1357,x
49268,D,1781,x
49271,C,1782,x
49272,D,1077,x
49273,D,1524,x
49275,C,1073,x
49276,C,1275,x
49277,D,1363,x
49280,C,1955,x
49285,A,1845,x
49286,C,1553,x
49287,D,1227,x
49293,A,1040,x
49294,C,1390,x
49296,C,1521,x
49297,B,1852,x
49301,C,1197,x
49302,D,1541,x
49307,B,1204,x
49308,C,1621,x
49309,A,1353,x
49311,B,1490,x
49316,B,1681,x
49318,D,1077,x
49322,C,1148,x
49323,A,1942,x
49326,A,1750,x
49329,B,1708,x
49332,D,1634,x
49334,D,1308,x
49335,C,1108,x
49336,D,1986,x
49341,D,1494,x
49342,C,1367,x
49345,D,1702,x
49346,C,1762,x
49347,B,1889,x
49351,D,1014,x
49356,C,1987,x
49357,D,1680,x
49359,D,1461,x
49362,A,1053,x
49364,D,1140,x
49365,C,1735,x
49367,C,1550,x
49369,B,1233,x
49372,A,1844,x
49376,B,1948,x
49377,C,1679,x
49379,C,1904,x
49382,D,1474,x
49386,C,1747,x
49387,B,1111,x
49394,B,1390,x
49396,B,1716,x
49397,D,1714,x
49398,C,1009,x
49400,B,1840,x
49401,D,1407,x
49404,B,1423,x
49407,C,1821,x
49409,B,1310,x
49413,A,1029,x
49415,A,1216,x
49419,C,1504,x
49421,B,1344,x
49423,A,1168,x
49427,B,1733,x
49428,A,1455,x
49429,A,1039,x
49430,C,1313,x
49431,D,1461,x
49433,D,1734,x
49434,D,1626,x
49436,A,1361,x
49438,B,1054,x
49441,D,1159,x
49445,C,1118,x
49446,C,1003,x
49447,B,1182,x
49448,C,1753,x
49451,B,1484,x
49452,B,1195,x
49455,A,1839,x
49456,C,1009,x
49461,D,1020,x
49462,A,1422,x
49465,D,1452,x
49467,D,1659,x
49469,C,1658,x
49470,C,1980,x
49475,A,1645,x
49479,A,1924,x
49480,C,1601,x
49481,A,1413,x
49483,B,1230,x
49486,A,1873,x
49487,D,1628,x
49489,A,1390,x
49490,D,1851,x
49491,A,1762,x
49492,D,1386,x
49493,D,1829,x
49494,D,1881,x
49495,A,1125,x
49498,B,1190,x
49504,B,1958,x
49505,D,1391,x
49506,C,1820,x
49509,C,1028,x
49510,D,1737,x
49511,C,1320,x
49512,B,1847,x
49515,C,1401,x
49516,A,1288,x
49519,C,1781,x
49520,D,1831,x
49521,B,1283,x
49523,A,1156,x
49524,A,1651,x
49529,A,1366,x
49530,B,1153,x
49532,C,1556,x
49537,B,1764,x
49538,C,1292,x
49540,C,1980,x
49542,B,1873,x
49544,B,1880,x
49548,D,1844,x
49549,C,1150,x
49551,C,1881,x
49553,A,1977,x
49556,B,1572,x
49559,B,1431,x
49561,A,1519,x
49562,D,1467,x
49563,B,1750,x
49565,A,1575,x
49566,B,1259,x
49569,A,1617,x
49570,B,1986,x
49576,C,1627,x
49577,B,1981,x
49579,A,1374,x
49582,A,1556,x
49585,A,1161,x
49586,C,1538,x
49588,C,1308,x
49589,A,1861,x
49592,B,1674,x
49593,B,1302,x
49594,A,1505,x
49597,C,1240,x
49598,B,1524,x
49599,A,1379,x
49603,A,1946,x
49604,A,1445,x
49605,A,1672,x
49606,D,1588,x
49609,D,1907,x
49613,B,1005,x
49614,C,1571,x
49616,C,1214,x
49617,A,1709,x
49618,C,1247,x
49620,D,1988,x
49623,A,1791,x
49624,B,1490,x
49626,C,1235,x
49627,B,1321,x
49628,A,1943,x
49630,D,1501,x
49632,C,1462,x
49633,C,1330,x
49634,B,1956,x
49635,D,1467,x
49639,A,1712,x
49641,A,1775,x
49645,C,1529,x
49646,D,1903,x
49647,C,1480,x
49650,C,1851,x
49651,B,1789,x
49656,C,1770,x
49658,D,1229,x
49662,C,1970,x
49663,A,1877,x
49664,A,1594,x
49665,A,1347,x
49667,D,1255,x
49668,A,1280,x
49669,A,1258,x
49670,A,1950,x
49671,A,1296,x
49673,B,1696,x
49674,D,1395,x
49680,A,1763,x
49682,A,1966,x
49684,A,1197,x
49685,A,1112,x
49686,A,1818,x
49690,D,1086,x
49691,B,1659,x
49692,A,1560,x
49694,A,1506,x
49696,B,1228,x
49699,D,1724,x
49700,D,1336,x
49704,C,1697,x
49706,B,1301,x
49713,D,1608,x
49715,C,1914,x
49717,C,1711,x
49719,C,1380,x
49722,A,1232,x
49725,D,1214,x
49726,D,1079,x
49728,B,1431,x
49729,D,1498,x
49730,A,1794,x
49731,D,1017,x
49733,B,1062,x
49734,D,1627,x
49736,B,1542,x
49738,B,1708,x
49740,B,1622,x
49746,A,1637,x
49747,C,1247,x
49749,D,1219,x
49756,A,1461,x
49757,B,1739,x
49758,D,1746,x
49760,C,1967,x
49761,B,1708,x
49762,C,1794,x
49768,A,1304,x
49769,D,1770,x
49771,B,1765,x
49773,C,1498,x
49775,A,1033,x
49777,B,1040,x
49781,A,1122,x
49783,A,1134,x
49786,C,1211,x
49787,D,1179,x
49794,B,1913,x
49796,B,1390,x
49799,C,1675,x
49800,D,1055,x
49802,C,1601,x
49803,C,1772,x
49804,D,1669,x
49805,B,1617,x
49809,B,1179,x
49811,B,1470,x
49812,B,1391,x
49813,B,1149,x
49814,D,1521,x
49819,D,1361,x
49821,C,1935,x
49822,A,1531,x
49823,D,1534,x
49825,D,1411,x
49828,D,1594,x
49831,C,1821,x
49833,A,1794,x
49834,C,1210,x
49835,D,1399,x
49836,D,1799,x
49839,A,1628,x
49842,C,1756,x
49843,C,1770,x
49849,C,1739,x
49854,A,1506,x
49856,D,1446,x
49857,C,1506,x
49861,C,1975,x
49862,A,1066,x
49864,A,1418,x
49866,C,1475,x
49868,D,1994,x
49869,B,1533,x
49870,C,1373,x
49871,A,1382,x
49872,D,1937,x
49874,A,1697,x
49875,A,1224,x
49883,D,1148,x
49887,A,1221,x
49889,C,1496,x
49891,A,1123,x
49892,C,1005,x
49895,C,1137,x
49896,B,1063,x
49899,C,1978,x
49900,B,1045,x
49901,A,1105,x
49904,A,1079,x
49905,C,1617,x
49906,A,1383,x
49908,D,1371,x
49912,B,1008,x
49913,B,1006,x
49914,A,1705,x
49915,A,1311,x
49916,D,1544,x
49922,B,1926,x
49923,B,1427,x
49924,B,1032,x
49926,D,1033,x
49928,A,1283,x
49929,D,1600,x
49930,D,1859,x
49936,D,1702,x
49937,A,1677,x
49938,A,1050,x
49939,A,1276,x
49941,A,1202,x
49942,C,1253,x
49946,D,1546,x
49947,C,1281,x
49948,B,1409,x
49950,D,1390,x
49951,D,1336,x
49953,C,1681,x
49957,C,1924,x
49962,D,1450,x
49963,A,1016,x
49966,C,1184,x
49971,A,1774,x
49972,B,1339,x
49973,D,1421,x
49976,A,1549,x
49977,C,1282,x
49981,A,1136,x
49983,C,1435,x
49985,D,1817,x
49991,C,1861,x
49992,B,1490,x
49993,D,1913,x
49994,A,1356,x
49995,C,1266,x
49996,C,1581,x
49997,D,1264,x
49999,D,1267,x
50000,A,1614,x
50001,D,1659,x
50002,A,1401,x
50003,C,1216,x
50005,D,1307,x
50009,B,1215,x
50011,A,1836,x
50020,A,1797,x
50021,A,1404,x
50022,C,1551,x
50025,B,1598,x
50026,A,1067,x
50027,C,1953,x
50034,B,1794,x
50036,C,1324,x
50037,B,1278,x
50038,C,1334,x
50039,D,1359,x
50040,D,1646,x
50044,C,1079,x
50047,D,1939,x
50049,B,1175,x
50051,B,1745,x
50052,D,1243,x
50053,B,1298,x
50055,A,1841,x
50056,C,1866,x
50059,C,1769,x
50060,D,1900,x
50061,B,1481,x
50063,A,1264,x
50064,C,1927,x
50065,A,1764,x
50068,C,1465,x
50072,B,1659,x
50075,D,1584,x
50077,B,1467,x
50078,D,1003,x
50080,B,1847,x
50082,A,1034,x
50085,C,1120,x
50087,C,1997,x
50089,D,1864,x
50092,D,1017,x
50094,B,1813,x
50096,B,1870,x
50097,A,1107,x
50101,D,1690,x
50103,D,1779,x
50104,B,1337,x
50105,D,1973,x
50106,A,1455,x
50107,D,1577,x
50109,D,1387,x
50110,D,1929,x
50111,B,1954,x
50113,D,1235,x
50115,D,1050,x
50118,C,1854,x
50119,D,1076,x
50120,D,1500,x
50124,D,1782,x
50125,A,1929,x
50126,B,1837,x
50127,C,1891,x
50129,C,1333,x
50131,B,1763,x
50133,A,1335,x
50134,C,1680,x
50136,D,1400,x
50137,B,1659,x
50138,C,1719,x
50142,A,1264,x
50144,D,1134,x
50146,C,1375,x
50147,D,1278,x
50148,D,1045,x
50149,B,1134,x
50153,D,1716,x
50154,A,1746,x
50159,A,1823,x
50160,A,1971,x
50161,D,1773,x
50162,B,1353,x
50163,B,1118,x
50164,D,1715,x
50166,D,1546,x
50169,B,1206,x
50170,C,1390,x
50171,C,1096,x
50172,C,1812,x
50173,D,1148,x
50174,A,1005,x
50175,B,1597,x
50178,B,1967,x
50181,A,1015,x
50182,B,1454,x
50184,D,1126,x
50185,C,1183,x
50186,A,1865,x
50187,D,1669,x
50189,C,1285,x
50192,C,1396,x
50195,A,1168,x
50196,C,1985,x
50197,B,1456,x
50199,D,1771,x
50200,B,1244,x
50201,A,1956,x
50204,C,1345,x
50205,B,1538,x
50206,B,1706,x
50209,C,1148,x
50211,B,1807,x
50215,A,1482,x
50219,A,1055,x
50221,C,1312,x
50223,A,1815,x
50224,D,1472,x
50232,D,1636,x
50233,B,1177,x
50236,A,1422,x
50239,D,1496,x
50242,A,1074,x
50245,D,1392,x
50248,A,1458,x
50249,B,1915,x
50250,C,1638,x
50251,B,1626,x
50253,A,1980,x
50255,B,1384,x
50258,A,1909,x
50259,B,1697,x
50263,C,1138,x
50264,C,1031,x
50265,D,1725,x
50266,B,1565,x
50267,C,1313,x
50269,D,1286,x
50270,C,1046,x
50272,A,1842,x
50275,B,1504,x
50277,A,1235,x
50278,C,1243,x
50280,A,1105,x
50281,B,1645,x
50285,D,1887,x
50286,A,1898,x
50288,B,1402,x
50289,B,1816,x
50290,B,1441,x
50291,B,1365,x
50293,C,1222,x
50294,D,1676,x
50296,C,1599,x
50297,C,1333,x
50300,A,1859,x
50301,A,1062,x
50302,A,1686,x
50303,B,1471,x
50304,B,1269,x
50307,C,1877,x
50309,A,1760,x
50310,B,1404,x
50312,D,1464,x
50313,D,1550,x
50315,D,1166,x
50319,A,1087,x
50320,B,1848,x
50321,B,1392,x
50324,A,1235,x
50325,B,1550,x
50326,C,1179,x
50327,D,1033,x
50331,C,1221,x
50334,B,1821,x
50335,B,1665,x
50336,D,1621,x
50338,D,1372,x
50341,B,1338,x
50342,C,1220,x
50345,B,1201,x
50346,A,1335,x
50348,C,1420,x
50349,D,1973,x
50350,B,1678,x
50352,C,1027,x
50355,C,1739,x
50356,D,1190,x
50358,D,1094,x
50359,D,1262,x
50360,D,1895,x
50362,D,1379,x
50363,B,1730,x
50364,C,1569,x
50369,B,1148,x
50376,A,1743,x
50378,D,1843,x
50379,D,1933,x
50381,D,1877,x
50382,A,1373,x
50383,C,1277,x
50384,A,1730,x
50386,D,1327,x
50387,A,1471,x
50391,D,1782,x
50394,D,1369,x
50397,C,1947,x
50398,C,1567,x
50401,B,1011,x
50403,C,1660,x
50407,B,1513,x
50409,D,1101,x
50412,B,1068,x
50415,D,1663,x
50417,C,1464,x
50418,C,1852,x
50419,C,1338,x
50420,A,1103,x
50422,A,1696,x
50423,C,1957,x
50427,B,1632,x
50430,A,1110,x
50432,D,1956,x
50433,B,1435,x
50436,A,1666,x
50438,B,1642,x
50439,C,1419,x
50441,C,1242,x
50447,A,1050,x
50449,B,1339,x
50451,D,1865,x
50452,D,1984,x
50453,A,1046,x
50455,B,1374,x
50457,A,1290,x
50462,B,1923,x
50464,B,1935,x
50465,A,1032,x
50472,A,1724,x
50474,A,1051,x
50478,B,1618,x
50480,C,1687,x
50483,C,1544,x
50485,B,1635,x
50486,B,1795,x
50487,A,1511,x
50488,C,1207,x
50489,A,1220,x
50492,D,1934,x
50493,D,1525,x
50496,A,1685,x
50498,C,1500,x
50502,B,1952,x
50505,B,1585,x
50508,A,1678,x
50510,D,1562,x
50514,B,1846,x
50516,A,1125,x
50517,A,1694,x
50519,B,1237,x
50527,A,1586,x
50529,A,1038,x
50531,D,1231,x
50532,C,1997,x
50533,A,1069,x
50534,C,1051,x
50536,A,1286,x
50538,A,1114,x
50542,D,1388,x
50543,C,1568,x
50545,B,1400,x
50547,C,1509,x
50548,C,1768,x
50551,A,1284,x
50553,D,1296,x
50557,D,1551,x
50559,C,1704,x
50563,D,1744,x
50564,D,1581,x
50565,C,1417,x
50567,D,1425,x
50568,B,1282,x
50569,C,1518,x
50571,A,1839,x
50573,A,1464,x
50574,A,1926,x
50576,B,1730,x
50577,B,1036,x
50578,D,1633,x
50580,D,1809,x
50581,B,1312,x
50588,D,1050,x
50590,B,1205,x
50592,B,1588,x
50594,D,1145,x
50596,C,1106,x
50597,D,1279,x
50598,C,1735,x
50605,C,1816,x
50607,B,1797,x
50608,D,1622,x
50609,A,1711,x
50610,C,1616,x
50612,D,1692,x
50613,D,1703,x
50615,A,1576,x
50618,D,1969,x
50620,A,1676,x
50622,A,1679,x
50623,D,1793,x
50626,B,1358,x
50628,A,1784,x
50630,C,1075,x
50631,D,1173,x
50632,B,1262,x
50635,A,1891,x
50637,B,1210,x
50642,D,1653,x
50643,B,1933,x
50644,C,1615,x
50646,D,1228,x
50648,D,1534,x
50649,B,1208,x
50651,D,1745,x
50655,B,1394,x
50656,A,1844,x
50658,B,1719,x
50659,C,1461,x
50661,C,1380,x
50663,A,1309,x
50666,D,1510,x
50667,C,1484,x
50668,D,1004,x
50669,A,1945,x
50670,C,1434,x
50671,D,1675,x
50674,C,1919,x
50675,A,1128,x
50676,C,1146,x
50677,B,1962,x
50678,B,1457,x
50679,D,1411,x
50680,A,1289,x
50682,B,1589,x
50683,B,1474,x
50685,C,1916,x
50686,A,1971,x
50689,C,1404,x
50690,C,1822,x
50692,A,1299,x
50698,A,1317,x
50699,C,1814,x
50700,C,1399,x
50701,B,1795,x
50702,C,1231,x
50704,A,1252,x
50705,C,1101,x
50707,A,1971,x
50708,C,1142,x
50709,A,1971,x
50711,A,1348,x
50713,A,1138,x
50715,B,1442,x
50716,D,1119,x
50722,B,1715,x
50724,D,1846,x
50725,D,1794,x
50726,C,1335,x
50728,A,1300,x
50731,A,1500,x
50734,C,1012,x
50735,C,1939,x
50736,C,1459,x
50739,D,1278,x
50743,B,1551,x
50744,C,1568,x
50745,D,1060,x
50747,A,1641,x
50748,B,1982,x
50749,A,1488,x
50752,D,1722,x
50754,C,1326,x
50755,D,1851,x
50756,C,1424,x
50761,C,1687,x
50762,B,1305,x
50763,B,1358,x
50766,C,1613,x
50767,D,1018,x
50768,C,1749,x
50770,C,1676,x
50774,C,1857,x
50776,D,1084,x
50777,C,1725,x
50779,D,1172,x
50780,B,1810,x
50781,A,1309,x
50782,B,1707,x
50784,D,1778,x
50787,C,1664,x
50788,A,1500,x
50790,C,1585,x
50791,C,1646,x
50793,B,1065,x
50795,A,1289,x
50796,B,1416,x
50798,C,1723,x
50799,C,1436,x
50804,B,1995,x
50805,D,1703,x
50806,C,1759,x
50809,D,1680,x
50811,B,1997,x
50813,C,1738,x
50818,A,1974,x
50822,A,1727,x
50823,B,1320,x
50824,A,1026,x
50825,A,1483,x
50827,D,1391,x
50830,B,1779,x
50832,A,1958,x
50836,C,1343,x
50837,A,1950,x
50839,D,1290,x
50841,C,1644,x
50842,C,1301,x
50844,D,1529,x
50846,A,1243,x
50847,C,1433,x
50849,B,1182,x
50851,C,1654,x
50854,C,1523,x
50855,C,1318,x
50858,C,1200,x
50864,C,1521,x
50865,D,1221,x
50869,C,1614,x
50870,A,1878,x
50871,D,1241,x
50873,B,1128,x
50875,B,1557,x
50876,B,1648,x
50877,C,1669,x
50881,D,1150,x
50883,D,1986,x
50886,B,1628,x
50890,B,1655,x
50891,B,1588,x
50892,B,1241,x
50893,B,1618,x
50894,C,1559,x
50895,B,1990,x
50898,D,1069,x
50901,C,1684,x
50905,A,1731,x
50907,D,1751,x
50908,D,1528,x
50909,D,1300,x
50911,A,1947,x
50912,C,1526,x
50915,C,1690,x
50916,B,1555,x
50918,C,1375,x
50920,D,1537,x
50922,D,1862,x
50923,D,1893,x
50924,C,1427,x
50927,C,1869,x
50929,D,1545,x
50931,D,1811,x
50934,D,1011,x
50936,B,1936,x
50937,A,1298,x
50940,D,1860,x
50943,B,1173,x
50947,B,1481,x
50948,C,1535,x
50949,D,1201,x
50950,B,1453,x
50953,C,1569,x
50954,D,1561,x
50960,D,1615,x
50961,B,1810,x
50962,D,1195,x
50966,B,1772,x
50967,C,1986,x
50970,A,1328,x
50973,D,1724,x
50976,D,1472,x
50977,B,1296,x
50981,C,1622,x
50982,A,1341,x
50983,D,1558,x
50984,B,1795,x
50985,D,1115,x
50986,B,1029,x
50987,A,1854,x
50990,C,1977,x
50991,B,1406,x
50993,B,1232,x
50998,B,1292,x
51001,C,1946,x
51002,A,1650,x
51003,A,1866,x
51004,D,1145,x
51006,C,1432,x
51007,B,1309,x
51008,C,1429,x
51010,D,1623,x
51011,D,1498,x
51013,B,1299,x
51015,B,1358,x
51016,B,1419,x
51017,A,1833,x
51018,D,1255,x
51019,A,1720,x
51020,B,1366,x
51026,B,1429,x
51027,B,1315,x
51031,C,1583,x
51032,D,1361,x
51035,D,1585,x
51038,A,1979,x
51039,D,1225,x
51040,D,1801,x
51041,D,1372,x
51043,A,1949,x
51044,D,1369,x
51045,C,1492,x
51047,B,1865,x
51048,B,1898,x
51049,B,1141,x
51051,A,1855,x
51052,B,1383,x
51053,B,1619,x
51054,B,1227,x
51055,D,1419,x
51056,D,1294,x
51057,C,1898,x
51062,D,1481,x
51066,A,1237,x
51068,C,1560,x
51070,D,1095,x
51071,A,1442,x
51074,A,1861,x
51075,B,1180,x
51076,D,1689,x
51077,D,1900,x
51078,A,1382,x
51079,B,1305,x
51080,C,1581,x
51081,D,1101,x
51082,D,1259,x
51083,B,1454,x
51084,B,1055,x
51091,A,1002,x
51093,C,1199,x
51095,B,1957,x
51098,C,1693,x
51101,B,1971,x
51102,A,1888,x
51105,B,1060,x
51109,A,1721,x
51110,A,1583,x
51111,B,1566,x
51114,D,1365,x
51116,A,1422,x
51117,D,1714,x
51119,D,1930,x
51120,B,1238,x
51121,D,1228,x
51123,C,1313,x
51128,B,1077,x
51131,C,1205,x
51133,C,1048,x
51134,A,1843,x
51138,B,1606,x
51139,D,1580,x
51141,C,1013,x
51144,D,1378,x
51147,A,1981,x
51148,C,1170,x
51150,D,1207,x
51153,B,1098,x
51158,C,1576,x
51164,B,1186,x
51167,A,1560,x
51168,B,1114,x
51169,B,1245,x
51172,A,1688,x
51177,A,1486,x
51179,D,1863,x
51180,D,1763,x
51183,C,1736,x
51186,C,1062,x
51187,A,1104,x
51189,B,1473,x
51190,D,1173,x
51192,C,1464,x
51193,C,1961,x
51194,C,1564,x
51198,B,1084,x
51199,A,1420,x
51201,C,1560,x
51203,C,1395,x
51204,C,1660,x
51207,A,1899,x
51210,C,1353,x
51212,C,1848,x
51215,D,1368,x
51219,B,1513,x
51220,C,1189,x
51223,C,1105,x
51225,C,1438,x
51227,A,1703,x
51228,B,1696,x
51232,A,1938,x
51233,C,1576,x
51234,B,1636,x
51235,A,1340,x
51238,B,1702,x
51240,C,1973,x
51241,A,1465,x
51242,A,1503,x
51244,A,1250,x
51246,D,1848,x
51248,C,1823,x
51249,A,1871,x
51250,C,1868,x
51252,A,1156,x
51254,A,1392,x
51255,C,1283,x
51256,C,1461,x
51258,A,1667,x
51259,B,1928,x
51260,C,1433,x
51261,C,1425,x
51264,C,1968,x
51266,C,1466,x
51267,C,1294,x
51271,C,1280,x
51276,B,1534,x
51277,C,1164,x
51278,D,1242,x
51281,B,1215,x
51282,D,1208,x
51283,B,1180,x
51286,A,1568,x
51287,C,1930,x
51289,D,1482,x
51290,A,1093,x
51291,C,1094,x
51292,D,1510,x
51295,D,1084,x
51297,B,1399,x
51298,A,1772,x
51299,D,1435,x
51301,B,1931,x
51306,A,1641,x
51313,D,1764,x
51315,D,1982,x
51319,A,1952,x
51320,D,1711,x
51324,C,1862,x
51325,D,1692,x
51326,C,1948,x
51327,B,1758,x
51328,C,1426,x
51330,D,1045,x
51331,C,1951,x
51333,C,1078,x
51337,C,1859,x
51338,B,1992,x
51344,C,1539,x
51345,C,1466,x
51347,A,1333,x
51348,D,1720,x
51352,A,1911,x
51354,D,1306,x
51355,C,1496,x
51357,B,1592,x
51358,A,1726,x
51360,D,1937,x
51361,D,1111,x
51363,A,1197,x
51364,C,1076,x
51365,A,1662,x
51366,D,1183,x
51367,A,1009,x
51370,B,1267,x
51371,C,1707,x
51373,C,1996,x
51376,D,1976,x
51378,C,1253,x
51380,C,1232,x
51383,C,1715,x
51385,A,1555,x
51390,D,1964,x
51391,B,1003,x
51393,B,1341,x
51394,C,1496,x
51398,B,1027,x
51400,A,1240,x
51402,A,1284,x
51403,A,1888,x
51406,C,1053,x
51407,B,1245,x
51409,B,1012,x
51410,A,1898,x
51411,A,1010,x
51413,C,1496,x
51414,C,1232,x
51416,A,1933,x
51417,D,1852,x
51418,D,1143,x
51419,C,1958,x
51420,B,1670,x
51421,D,1103,x
51426,A,1167,x
51428,D,1846,x
51435,D,1040,x
51439,D,1803,x
51440,B,1200,x
51441,C,1892,x
51442,A,1088,x
51443,A,1401,x
51444,C,1250,x
51445,C,1962,x
51446,A,1297,x
51447,D,1131,x
51448,C,1624,x
51450,C,1171,x
51452,C,1590,x
51453,A,1667,x
51454,C,1031,x
51455,C,1605,x
51457,B,1991,x
51458,A,1381,x
51459,C,1141,x
51462,D,1067,x
51464,A,1446,x
51465,A,1876,x
51467,A,1618,x
51468,B,1060,x
51470,B,1966,x
51471,D,1456,x
51472,D,1135,x
51473,D,1692,x
51475,D,1138,x
51478,A,1334,x
51480,B,1607,x
51481,D,1288,x
51484,A,1796,x
51485,C,1120,x
51486,B,1111,x
51488,D,1501,x
51489,B,1025,x
51492,A,1099,x
51494,B,1240,x
51496,B,1205,x
51497,C,1482,x
51499,D,1763,x
51501,A,1982,x
51503,D,1304,x
51504,A,1178,x
51505,C,1970,x
51507,C,1338,x
51508,A,1047,x
51509,D,1480,x
51512,C,1327,x
51514,D,1648,x
51515,A,1573,x
51517,A,1845,x
51518,B,1971,x
51522,D,1915,x
51523,B,1497,x
51524,B,1232,x
51527,B,1269,x
51535,D,1771,x
51536,D,1006,x
51539,D,1662,x
51540,D,1885,x
51541,A,1837,x
51542,A,1260,x
51544,D,1996,x
51548,D,1709,x
51549,C,1039,x
51551,A,1655,x
51554,A,1075,x
51555,D,1449,x
51559,C,1837,x
51560,D,1656,x
51561,A,1311,x
51563,B,1322,x
51565,A,1189,x
51567,D,1742,x
51568,B,1594,x
51570,B,1928,x
51574,B,1516,x
51575,C,1364,x
51576,D,1463,x
51578,D,1773,x
51581,B,1273,x
51582,B,1404,x
51583,B,1811,x
51585,C,1126,x
51586,A,1154,x
51587,A,1280,x
51589,A,1208,x
51591,C,1316,x
51593,A,1636,x
51595,B,1277,x
51597,C,1371,x
51598,D,1236,x
51599,B,1041,x
51600,B,1835,x
51601,C,1567,x
51603,B,1466,x
51606,D,1169,x
51610,C,1331,x
51611,B,1940,x
51613,A,1731,x
51614,D,1887,x
51618,B,1435,x
51620,D,1617,x
51623,B,1791,x
51624,B,1592,x
51627,C,1326,x
51628,C,1320,x
51630,C,1944,x
51633,D,1567,x
51634,C,1542,x
51635,B,1029,x
51639,A,1182,x
51643,D,1774,x
51646,C,1367,x
51647,B,1373,x
51648,A,1279,x
51649,A,1232,x
51653,A,1750,x
51655,A,1426,x
51656,C,1911,x
51658,A,1583,x
51660,A,1838,x
51661,D,1319,x
51663,D,1041,x
51671,A,1704,x
51673,B,1938,x
51674,A,1813,x
51678,A,1488,x
51682,D,1229,x
51683,A,1012,x
51684,A,1967,x
51685,B,1859,x
51687,A,1334,x
51689,B,1336,x
51690,D,1455,x
51691,D,1626,x
51693,D,1587,x
51694,B,1248,x
51695,C,1900,x
51696,C,1782,x
51700,C,1763,x
51702,C,1753,x
51703,A,1305,x
51704,A,1406,x
51705,D,1811,x
51706,D,1278,x
51707,B,1481,x
51708,A,1549,x
51709,C,1852,x
51711,B,1172,x
51715,D,1474,x
51717,B,1515,x
51718,C,1578,x
51720,D,1434,x
51723,A,1568,x
51725,C,1224,x
51728,D,1220,x
51731,C,1589,x
51732,C,1592,x
51733,A,1141,x
51734,B,1071,x
51735,A,1188,x
51736,A,1956,x
51737,A,1874,x
51739,B,1352,x
51740,A,1347,x
51741,C,1291,x
51743,B,1712,x
51745,D,1709,x
51746,B,1970,x
51747,D,1578,x
51750,A,1646,x
51751,B,1808,x
51752,C,1606,x
51756,A,1651,x
51758,C,1499,x
51760,C,1795,x
51762,B,1946,x
51763,A,1301,x
51764,D,1876,x
51766,C,1687,x
51767,B,1836,x
51770,C,1876,x
51771,B,1489,x
51772,A,1154,x
51775,D,1945,x
51776,C,1104,x
51777,B,1137,x
51778,C,1074,x
51782,D,1697,x
51783,A,1901,x
51784,B,1938,x
51787,D,1664,x
51788,D,1602,x
51790,D,1235,x
51791,D,1996,x
51792,D,1485,x
51794,B,1418,x
51796,A,1904,x
51797,C,1506,x
51798,D,1425,x
51799,C,1975,x
51801,C,1773,x
51804,D,1320,x
51805,D,1335,x
51806,D,1871,x
51807,D,1932,x
51811,D,1912,x
51813,B,1743,x
51817,C,1190,x
51821,D,1654,x
51822,B,1905,x
51823,A,1298,x
51825,D,1769,x
51826,B,1441,x
51827,A,1542,x
51828,C,1773,x
51829,C,1239,x
51830,D,1203,x
51832,D,1806,x
51833,A,1493,x
51835,B,1520,x
51837,B,1325,x
51838,C,1361,x
51839,C,1303,x
51840,C,1976,x
51841,D,1534,x
51845,C,1688,x
51846,C,1449,x
51847,A,1716,x
51848,D,1901,x
51850,B,1136,x
51851,A,1469,x
51853,B,1692,x
51855,C,1207,x
51858,D,1862,x
51861,A,1938,x
51862,A,1753,x
51863,B,1368,x
51866,D,1457,x
51872,A,1585,x
51874,B,1974,x
51876,C,1227,x
51877,A,1024,x
51878,D,1998,x
51879,C,1021,x
51883,A,1133,x
51886,B,1677,x
51887,B,1985,x
51889,A,1746,x
51892,A,1348,x
51893,C,1171,x
51895,C,1967,x
51896,A,1442,x
51899,B,1308,x
51900,B,1054,x
51904,A,1241,x
51906,D,1851,x
51908,C,1307,x
51912,B,1880,x
51913,D,1076,x
51915,C,1895,x
51917,C,1286,x
51919,C,1439,x
51920,C,1722,x
51923,C,1959,x
51924,B,1464,x
51925,A,1617,x
51928,B,1050,x
51929,B,1017,x
51933,D,1667,x
51935,B,1444,x
51939,B,1125,x
51940,A,1427,x
51942,D,1531,x
51945,B,1073,x
51946,C,1472,x
51947,A,1168,x
51948,D,1818,x
51949,C,1229,x
51951,D,1885,x
51953,A,1797,x
51954,D,1754,x
51955,A,1762,x
51956,D,1124,x
51958,A,1666,x
51959,D,1694,x
51961,A,1896,x
51962,D,1748,x
51968,B,1923,x
51971,A,1680,x
51972,D,1937,x
51973,D,1275,x
51976,B,1957,x
51977,D,1270,x
51978,C,1666,x
51980,C,1144,x
51981,A,1692,x
51982,B,1055,x
51983,B,1097,x
51986,D,1155,x
51987,C,1830,x
51988,D,1783,x
51989,A,1026,x
51992,B,1201,x
51996,C,1223,x
51997,C,1151,x
51999,A,1288,x
52002,C,1085,x
52003,B,1255,x
52005,B,1364,x
52007,A,1705,x
52010,C,1277,x
52011,C,1229,x
52015,C,1609,x
52016,C,1574,x
52018,A,1744,x
52020,A,1009,x
52021,D,1130,x
52024,C,1398,x
52026,C,1985,x
52029,A,1956,x
52030,B,1226,x
52034,D,1004,x
52040,C,1275,x
52041,C,1773,x
52042,D,1289,x
52043,A,1340,x
52045,C,1453,x
52047,D,1338,x
52049,D,1830,x
52051,B,1899,x
52052,C,1975,x
52053,A,1116,x
52055,C,1565,x
52057,B,1373,x
52058,C,1936,x
52060,D,1132,x
52062,B,1770,x
52063,A,1621,x
52067,D,1042,x
52068,D,1146,x
52069,D,1631,x
52070,B,1401,x
52071,A,1174,x
52074,D,1562,x
52077,A,1423,x
52079,C,1048,x
52082,D,1104,x
52083,A,1566,x
52084,C,1252,x
52085,B,1303,x
52087,D,1794,x
52092,A,1927,x
52097,B,1691,x
52098,B,1797,x
52101,A,1512,x
52103,B,1311,x
52104,C,1713,x
52105,B,1156,x
52106,A,1461,x
52107,B,1481,x
52109,A,1067,x
52111,D,1696,x
52113,B,1258,x
52114,B,1425,x
52115,D,1111,x
52118,C,1588,x
52119,B,1305,x
52120,A,1067,x
52121,A,1570,x
52122,D,1796,x
52123,D,1622,x
52124,A,1286,x
52127,A,1888,x
52129,A,1450,x
52130,C,1038,x
52132,C,1698,x
52134,A,1323,x
52136,C,1705,x
52138,A,1772,x
52139,B,1580,x
52140,C,1210,x
52141,B,1472,x
52142,A,1580,x
52144,B,1659,x
52145,A,1271,x
52146,A,1621,x
52147,D,1136,x
52148,A,1392,x
52149,D,1468,x
52150,D,1263,x
52152,B,1772,x
52154,A,1463,x
52157,D,1650,x
52159,A,1001,x
52160,A,1586,x
52161,A,1814,x
52162,A,1921,x
52164,B,1607,x
52165,D,1899,x
52166,C,1882,x
52167,B,1474,x
52176,D,1915,x
52179,D,1662,x
52181,B,1060,x
52182,A,1369,x
52184,B,1136,x
52186,A,1586,x
52187,C,1401,x
52188,D,1329,x
52189,D,1499,x
52190,A,1116,x
52193,D,1039,x
52195,B,1544,x
52196,C,1686,x
52197,C,1499,x
52199,B,1450,x
52200,B,1079,x
52203,A,1479,x
52205,A,1301,x
52206,B,1181,x
52207,B,1507,x
52213,B,1578,x
52214,C,1730,x
52217,C,1988,x
52218,B,1878,x
52221,A,1903,x
52222,C,1825,x
52224,B,1957,x
52225,B,1652,x
52227,B,1434,x
52231,A,1254,x
52233,A,1425,x
52236,B,1862,x
52237,B,1434,x
52239,B,1554,x
52240,C,1110,x
52243,A,1764,x
52244,B,1224,x
52245,A,1571,x
52249,D,1912,x
52255,D,1246,x
52256,B,1369,x
52257,B,1657,x
52258,B,1832,x
52259,B,1275,x
52264,B,1870,x
52265,D,1625,x
52266,B,1320,x
52267,D,1974,x
52271,C,1773,x
52272,C,1156,x
52273,B,1974,x
52277,B,1905,x
52280,A,1680,x
52281,B,1684,x
52285,B,1390,x
52286,A,1962,x
52289,C,1767,x
52296,B,1633,x
52298,A,1796,x
52300,B,1561,x
52301,C,1860,x
52305,D,1455,x
52306,A,1541,x
52310,D,1445,x
52318,D,1786,x
52320,B,1559,x
52322,A,1561,x
52327,A,1690,x
52329,C,1505,x
52333,D,1798,x
52334,B,1152,x
52336,C,1448,x
52337,B,1387,x
52340,D,1995,x
52341,C,1555,x
52347,A,1225,x
52348,C,1015,x
52351,D,1561,x
52352,B,1811,x
52355,D,1568,x
52357,D,1790,x
52359,B,1937,x
52360,D,1400,x
52366,A,1769,x
52367,D,1791,x
52372,D,1332,x
52375,B,1238,x
52376,A,1855,x
52381,C,1880,x
52384,D,1136,x
52385,D,1710,x
52386,B,1979,x
52387,D,1431,x
52388,D,1987,x
52391,B,1806,x
52392,C,1151,x
52393,B,1774,x
52396,B,1583,x
52399,B,1924,x
52400,D,1208,x
52403,B,1510,x
52404,B,1546,x
52405,B,1376,x
52412,A,1576,x
52413,B,1185,x
52414,B,1693,x
52416,D,1348,x
52417,D,1677,x
52420,B,1737,x
52421,C,1370,x
52422,B,1441,x
52426,C,1608,x
52427,B,1132,x
52428,D,1263,x
52429,A,1115,x
52432,D,1997,x
52434,A,1077,x
52435,D,1750,x
52439,C,1317,x
52440,B,1813,x
52441,B,1838,x
52451,C,1631,x
52452,D,1624,x
52453,B,1811,x
52455,A,1932,x
52456,D,1507,x
52457,B,1023,x
52459,C,1896,x
52460,B,1873,x
52462,B,1261,x
52463,B,1857,x
52464,D,1476,x
52465,B,1299,x
52466,C,1859,x
52469,C,1924,x
52471,C,1763,x
52474,D,1724,x
52475,C,1248,x
52477,C,1708,x
52478,C,1797,x
52483,A,1155,x
52486,A,1966,x
52487,A,1134,x
52490,A,1375,x
52491,A,1577,x
52492,A,1692,x
52493,A,1104,x
52496,B,1517,x
52497,B,1666,x
52498,D,1313,x
52500,B,1903,x
52501,D,1333,x
52502,A,1143,x
52504,A,1988,x
52508,D,1312,x
52509,A,1023,x
52517,C,1143,x
52518,B,1812,x
52519,D,1124,x
52521,A,1799,x
52530,C,1742,x
52531,C,1421,x
52533,D,1011,x
52539,C,1121,x
52540,B,1720,x
52541,D,1986,x
52543,B,1763,x
52544,A,1281,x
52546,D,1236,x
52547,A,1686,x
52548,B,1031,x
52549,D,1239,x
52550,A,1236,x
52551,A,1441,x
52552,A,1820,x
52554,B,1879,x
52556,B,1434,x
52557,A,1496,x
52559,B,1498,x
52560,D,1216,x
52561,B,1882,x
52563,B,1771,x
52564,D,1775,x
52567,C,1813,x
52568,B,1221,x
52570,D,1853,x
52571,C,1576,x
52573,D,1493,x
52574,A,1744,x
52575,A,1929,x
52576,B,1845,x
52577,C,1619,x
52578,D,1757,x
52580,C,1215,x
52584,D,1146,x
52589,D,1125,x
52591,D,1895,x
52593,C,1614,x
52594,C,1810,x
52598,A,1026,x
52599,B,1344,x
52601,C,1153,x
52602,D,1950,x
52605,A,1960,x
52606,C,1754,x
52607,A,1997,x
52608,A,1775,x
52612,B,1507,x
52613,C,1903,x
52614,B,1398,x
52615,B,1576,x
52616,C,1532,x
52618,B,1450,x
52620,B,1491,x
52623,B,1409,x
52624,A,1196,x
52627,D,1467,x
52628,C,1224,x
52630,A,1232,x
52632,C,1861,x
52635,B,1201,x
52636,A,1061,x
52639,D,1897,x
52640,B,1530,x
52643,A,1628,x
52650,B,1491,x
52656,B,1602,x
52659,D,1272,x
52661,D,1683,x
52669,C,1501,x
52670,B,1131,x
52672,A,1129,x
52674,A,1001,x
52677,A,1586,x
52685,B,1700,x
52688,A,1022,x
52690,A,1641,x
52691,A,1681,x
52692,A,1531,x
52693,C,1897,x
52694,C,1558,x
52697,A,1527,x
52699,A,1139,x
52702,C,1127,x
52704,D,1996,x
52707,D,1106,x
52710,D,1146,x
52712,D,1846,x
52714,D,1399,x
52716,C,1589,x
52717,B,1872,x
52718,D,1375,x
52720,B,1430,x
52722,D,1080,x
52724,B,1762,x
52725,A,1484,x
52727,B,1066,x
52728,C,1076,x
52729,B,1946,x
52730,D,1314,x
52732,D,1573,x
52735,B,1626,x
52737,D,1797,x
52741,C,1085,x
52742,A,1389,x
52743,B,1630,x
52744,D,1267,x
52748,A,1030,x
52751,B,1353,x
52753,A,1313,x
52754,A,1180,x
52756,D,1754,x
52757,A,1514,x
52760,D,1955,x
52763,D,1173,x
52764,C,1603,x
52765,A,1313,x
52766,D,1871,x
52768,A,1343,x
52769,C,1646,x
52772,D,1861,x
52774,C,1830,x
52775,C,1463,x
52776,A,1591,x
52777,A,1203,x
52779,A,1540,x
52780,D,1081,x
52781,D,1990,x
52782,D,1600,x
52783,C,1163,x
52784,B,1592,x
52785,C,1958,x
52788,B,1361,x
52790,A,1362,x
52792,C,1049,x
52794,D,1964,x
52796,B,1150,x
52797,A,1136,x
52799,A,1506,x
52801,A,1892,x
52803,C,1856,x
52804,C,1517,x
52807,C,1475,x
52810,C,1473,x
52811,D,1334,x
52814,B,1758,x
52815,B,1644,x
52816,C,1430,x
52818,D,1177,x
52820,A,1317,x
52821,C,1167,x
52824,B,1765,x
52825,B,1765,x
52826,B,1812,x
52828,A,1717,x
52829,C,1180,x
52831,C,1924,x
52832,A,1016,x
52835,D,1911,x
52836,A,1067,x
52838,B,1794,x
52844,D,1584,x
52845,D,1716,x
52848,A,1548,x
52849,A,1614,x
52850,A,1359,x
52853,D,1731,x
52854,D,1049,x
52861,C,1181,x
52862,D,1955,x
52869,C,1755,x
52873,C,1728,x
52875,C,1079,x
52877,D,1950,x
52878,D,1005,x
52881,A,1114,x
52883,D,1131,x
52886,B,1605,x
52888,D,1389,x
52891,B,1910,x
52892,B,1825,x
52893,B,1463,x
52894,C,1191,x
52895,C,1889,x
52896,A,1365,x
52898,D,1815,x
52902,B,1006,x
52904,C,1131,x
52906,C,1974,x
52908,B,1054,x
52910,D,1614,x
52913,B,1391,x
52916,B,1053,x
52917,C,1963,x
52919,D,1657,x
52921,B,1829,x
52922,C,1519,x
52927,C,1029,x
52929,B,1014,x
52930,C,1260,x
52932,D,1165,x
52934,C,1451,x
52937,C,1276,x
52938,A,1406,x
52939,C,1574,x
52940,C,1314,x
52944,B,1194,x
52945,C,1195,x
52946,A,1986,x
52948,D,1263,x
52949,D,1870,x
52950,C,1461,x
52954,C,1326,x
52958,D,1215,x
52959,A,1803,x
52961,A,1183,x
52963,C,1736,x
52967,C,1934,x
52968,B,1230,x
52969,C,1237,x
52972,B,1565,x
52976,B,1571,x
52977,C,1273,x
52979,A,1598,x
52980,C,1968,x
52981,C,1040,x
52982,A,1360,x
52984,C,1396,x
52986,B,1620,x
52987,A,1031,x
52989,D,1794,x
52991,A,1072,x
52993,B,1367,x
52997,B,1782,x
52999,B,1988,x
53002,C,1473,x
53003,B,1668,x
53004,A,1903,x
53006,D,1134,x
53008,D,1849,x
53009,C,1823,x
53011,A,1884,x
53012,A,1812,x
53013,B,1264,x
53015,B,1852,x
53016,B,1583,x
53017,A,1767,x
53018,D,1361,x
53019,B,1973,x
53020,D,1508,x
53025,B,1053,x
53028,B,1198,x
53029,D,1616,x
53032,A,1433,x
53035,D,1478,x
53037,B,1017,x
53038,A,1619,x
53039,D,1659,x
53041,C,1773,x
53043,A,1647,x
53044,A,1122,x
53046,A,1437,x
53048,D,1909,x
53051,D,1256,x
53052,C,1042,x
53057,B,1041,x
53061,D,1556,x
53067,A,1570,x
53068,A,1795,x
53069,B,1977,x
53070,D,1888,x
53073,C,1269,x
53075,B,1286,x
53076,A,1794,x
53077,D,1065,x
53079,A,1940,x
53080,B,1314,x
53081,C,1324,x
53082,C,1732,x
53083,D,1909,x
53084,A,1400,x
53085,D,1113,x
53087,D,1976,x
53088,B,1772,x
53091,D,1848,x
53092,D,1652,x
53094,D,1486,x
53096,A,1277,x
53097,B,1963,x
53098,B,1201,x
53099,A,1105,x
53100,A,1215,x
53102,B,1782,x
53103,C,1373,x
53104,C,1645,x
53105,A,1523,x
53107,C,1152,x
53108,D,1736,x
53109,C,1182,x
53111,D,1422,x
53112,B,1461,x
53113,B,1635,x
53114,A,1614,x
53115,A,1408,x
53116,B,1789,x
53121,C,1464,x
53122,C,1335,x
53123,A,1887,x
53124,A,1977,x
53125,D,1327,x
53134,B,1271,x
53136,B,1149,x
53137,B,1797,x
53139,B,1691,x
53140,C,1295,x
53141,D,1786,x
53143,D,1061,x
53144,A,1229,x
53145,A,1964,x
53146,D,1136,x
53149,D,1378,x
53150,B,1575,x
53151,B,1260,x
53154,C,1621,x
53155,B,1132,x
53157,A,1280,x
53160,B,1018,x
53162,D,1618,x
53164,C,1519,x
53167,B,1831,x
53169,B,1743,x
53170,D,1286,x
53171,C,1516,x
53175,A,1051,x
53177,B,1560,x
53178,D,1709,x
53179,D,1928,x
53183,A,1880,x
53184,C,1994,x
53185,C,1844,x
53187,B,1102,x
53188,C,1675,x
53192,B,1429,x
53197,D,1125,x
53198,B,1773,x
53199,C,1478,x
53201,B,1665,x
53204,A,1177,x
53205,C,1648,x
53206,D,1863,x
53207,B,1135,x
53210,B,1552,x
53211,B,1019,x
53214,B,1396,x
53215,C,1322,x
53217,D,1389,x
53218,A,1895,x
53221,A,1492,x
53222,A,1827,x
53223,B,1580,x
53227,B,1386,x
53232,B,1414,x
53233,B,1760,x
53234,A,1181,x
53238,A,1899,x
53239,A,1668,x
53240,D,1757,x
53241,D,1184,x
53242,D,1202,x
53243,D,1088,x
53244,C,1526,x
53246,C,1360,x
53248,B,1995,x
53249,A,1757,x
53253,B,1099,x
53254,C,1030,x
53255,D,1960,x
53256,A,1201,x
53259,A,1050,x
53262,A,1003,x
53265,A,1853,x
53266,A,1530,x
53267,B,1862,x
53268,C,1164,x
53273,C,1174,x
53276,B,1215,x
53277,C,1919,x
53278,D,1723,x
53280,A,1480,x
53285,B,1714,x
53290,D,1327,x
53291,A,1045,x
53293,C,1517,x
53297,A,1539,x
53304,D,1089,x
53306,A,1971,x
53310,D,1853,x
53311,D,1596,x
53312,D,1309,x
53314,A,1950,x
53315,C,1663,x
53316,C,1424,x
53317,A,1067,x
53318,B,1887,x
53323,A,1267,x
53325,B,1581,x
53327,A,1669,x
53329,A,1090,x
53331,A,1119,x
53336,C,1212,x
53341,B,1110,x
53342,A,1257,x
53343,D,1003,x
53348,B,1345,x
53352,C,1388,x
53354,B,1359,x
53356,B,1493,x
53357,C,1610,x
53359,C,1077,x
53360,B,1398,x
53361,D,1170,x
53362,D,1187,x
53364,A,1226,x
53365,A,1481,x
53366,B,1333,x
53367,C,1809,x
53372,B,1602,x
53373,B,1831,x
53377,A,1118,x
53378,A,1774,x
53380,D,1020,x
53384,B,1550,x
53389,C,1382,x
53391,A,1164,x
53393,C,1206,x
53396,A,1097,x
53397,C,1643,x
53398,C,1761,x
53401,C,1792,x
53402,C,1505,x
53403,A,1051,x
53404,B,1416,x
53406,B,1287,x
53407,D,1294,x
53409,A,1389,x
53411,B,1601,x
53413,A,1790,x
53415,B,1255,x
53416,D,1272,x
53417,B,1653,x
53418,D,1961,x
53419,C,1284,x
53424,A,1467,x
53426,B,1882,x
53428,B,1485,x
53431,B,1952,x
53433,A,1995,x
53434,B,1445,x
53436,D,1451,x
53439,C,1779,x
53440,C,1805,x
53442,B,1285,x
53446,A,1040,x
53448,D,1870,x
53450,C,1269,x
53452,A,1136,x
53453,A,1058,x
53454,C,1976,x
53455,A,1441,x
53456,A,1892,x
53458,C,1700,x
53461,D,1967,x
53463,D,1607,x
53467,C,1696,x
53469,D,1832,x
53472,D,1498,x
53473,D,1968,x
53474,D,1373,x
53475,D,1984,x
53479,B,1553,x
53483,A,1826,x
53484,D,1630,x
53486,B,1898,x
53487,B,1328,x
53488,D,1153,x
53489,C,1187,x
53490,B,1169,x
53492,B,1975,x
53493,B,1108,x
53494,A,1033,x
53495,D,1518,x
53497,C,1400,x
53498,A,1046,x
53499,D,1097,x
53500,A,1958,x
53501,D,1118,x
53503,C,1288,x
53510,A,1377,x
53512,D,1699,x
53514,B,1053,x
53516,A,1545,x
53518,C,1900,x
53519,C,1743,x
53520,C,1148,x
53523,D,1295,x
53524,C,1419,x
53525,C,1969,x
53527,D,1875,x
53530,D,1170,x
53531,A,1634,x
53532,A,1879,x
53533,C,1075,x
53534,B,1553,x
53536,C,1255,x
53537,C,1105,x
53538,B,1411,x
53539,C,1494,x
53542,D,1383,x
53543,B,1800,x
53545,A,1686,x
53553,B,1021,x
53555,A,1221,x
53556,B,1533,x
53557,B,1967,x
53558,B,1049,x
53559,C,1628,x
53562,C,1109,x
53567,C,1084,x
53572,C,1376,x
53573,C,1685,x
53574,A,1365,x
53577,C,1127,x
53578,C,1391,x
53583,D,1033,x
53585,D,1345,x
53591,C,1628,x
53594,A,1677,x
53596,D,1313,x
53599,D,1116,x
53600,A,1702,x
53601,B,1249,x
53605,B,1065,x
53607,B,1146,x
53608,B,1182,x
53609,C,1148,x
53610,A,1412,x
53611,A,1308,x
53612,D,1300,x
53614,C,1680,x
53617,A,1932,x
53618,A,1999,x
53619,B,1717,x
53622,B,1706,x
53623,B,1652,x
53624,C,1741,x
53625,D,1139,x
53627,A,1062,x
53628,C,1599,x
53629,D,1296,x
53630,C,1245,x
53631,C,1888,x
53632,D,1328,x
53633,D,1371,x
53634,D,1788,x
53635,B,1384,x
53637,A,1528,x
53638,C,1352,x
53641,D,1074,x
53642,B,1992,x
53643,A,1513,x
53645,B,1461,x
53646,C,1242,x
53648,A,1337,x
53650,C,1072,x
53653,D,1729,x
53656,D,1357,x
53659,D,1704,x
53662,A,1455,x
53663,C,1510,x
53666,A,1594,x
53668,C,1612,x
53669,B,1598,x
53670,B,1841,x
53671,B,1073,x
53674,D,1373,x
53677,C,1059,x
53678,B,1373,x
53679,C,1957,x
53680,B,1489,x
53681,D,1882,x
53686,D,1721,x
53687,C,1623,x
53688,D,1157,x
53691,A,1032,x
53692,A,1952,x
53693,C,1815,x
53696,D,1650,x
53697,C,1737,x
53699,A,1993,x
53700,D,1019,x
53701,A,1107,x
53704,B,1892,x
53705,D,1440,x
53706,C,1986,x
53708,A,1573,x
53712,D,1847,x
53713,C,1666,x
53716,D,1474,x
53717,D,1849,x
53718,C,1151,x
53724,D,1706,x
53727,C,1262,x
53729,A,1557,x
53730,A,1208,x
53731,A,1447,x
53732,A,1700,x
53733,A,1823,x
53736,A,1097,x
53738,B,1923,x
53739,A,1186,x
53740,C,1455,x
53744,C,1280,x
53745,B,1858,x
53746,C,1815,x
53747,A,1117,x
53748,C,1797,x
53749,B,1942,x
53750,D,1455,x
53752,C,1478,x
53758,C,1577,x
53759,C,1266,x
53761,B,1118,x
53762,B,1137,x
53763,C,1614,x
53766,D,1236,x
53773,D,1221,x
53775,B,1217,x
53776,D,1160,x
53778,C,1904,x
53779,D,1907,x
53780,B,1198,x
53781,A,1467,x
53783,D,1109,x
53784,C,1407,x
53786,C,1368,x
53787,C,1137,x
53789,C,1815,x
53790,B,1930,x
53791,A,1773,x
53792,C,1452,x
53796,B,1887,x
53797,B,1799,x
53803,D,1049,x
53804,B,1051,x
53808,B,1015,x
53809,B,1119,x
53811,D,1750,x
53812,D,1968,x
53813,A,1608,x
53814,A,1648,x
53815,A,1309,x
53817,C,1260,x
53822,D,1328,x
53825,D,1629,x
53826,B,1758,x
53828,A,1242,x
53830,C,1840,x
53831,B,1223,x
53833,A,1096,x
53834,D,1100,x
53835,D,1838,x
53837,B,1191,x
53839,B,1827,x
53846,D,1851,x
53847,C,1097,x
53848,B,1221,x
53849,C,1646,x
53850,D,1037,x
53851,D,1574,x
53852,A,1590,x
53859,A,1944,x
53862,A,1318,x
53865,A,1788,x
53869,A,1569,x
53871,D,1270,x
53872,A,1770,x
53873,B,1743,x
53876,A,1244,x
53880,D,1297,x
53884,B,1324,x
53885,A,1636,x
53888,C,1350,x
53890,A,1428,x
53891,C,1851,x
53892,B,1365,x
53894,A,1387,x
53895,D,1200,x
53897,A,1977,x
53898,C,1600,x
53899,A,1620,x
53900,C,1245,x
53902,D,1690,x
53903,C,1079,x
53905,A,1662,x
53911,A,1530,x
53915,D,1091,x
53918,B,1031,x
53921,D,1095,x
53924,B,1736,x
53926,C,1071,x
53928,A,1231,x
53929,A,1403,x
53930,D,1847,x
53936,A,1458,x
53941,C,1005,x
53943,C,1965,x
53945,A,1564,x
53946,C,1510,x
53948,B,1936,x
53950,B,1809,x
53951,B,1345,x
53952,B,1658,x
53954,B,1049,x
53955,C,1043,x
53957,D,1435,x
53958,A,1475,x
53962,D,1099,x
53963,C,1409,x
53966,A,1117,x
53967,D,1814,x
53969,C,1329,x
53970,D,1565,x
53971,B,1170,x
53972,D,1764,x
53973,B,1190,x
53974,D,1423,x
53975,B,1198,x
53977,A,1683,x
53980,D,1265,x
53987,C,1462,x
53989,B,1354,x
53995,A,1491,x
53996,C,1715,x
53997,A,1706,x
53998,A,1891,x
54000,D,1599,x
54002,D,1793,x
54004,B,1162,x
54006,A,1277,x
54007,B,1208,x
54008,D,1106,x
54009,C,1552,x
54011,D,1842,x
54013,C,1407,x
54014,B,1593,x
54015,D,1483,x
54019,B,1680,x
54021,C,1740,x
54022,A,1928,x
54024,B,1152,x
54025,C,1820,x
54029,C,1977,x
54031,D,1569,x
54032,A,1635,x
54033,B,1726,x
54034,C,1015,x
54035,C,1226,x
54039,A,1505,x
54040,A,1758,x
54041,C,1223,x
54042,D,1306,x
54043,C,1044,x
54044,B,1341,x
54046,C,1207,x
54047,A,1309,x
54051,D,1633,x
54053,A,1684,x
54054,A,1762,x
54059,C,1301,x
54061,A,1649,x
54062,D,1286,x
54064,A,1001,x
54065,A,1397,x
54068,D,1644,x
54070,C,1316,x
54071,D,1765,x
54073,A,1404,x
54074,A,1199,x
54075,C,1729,x
54076,A,1917,x
54078,C,1161,x
54080,B,1443,x
54082,D,1136,x
54086,C,1135,x
54087,B,1193,x
54088,A,1021,x
54091,C,1673,x
54092,B,1139,x
54095,C,1037,x
54097,C,1967,x
54102,D,1245,x
54103,C,1856,x
54105,A,1690,x
54107,C,1135,x
54109,B,1671,x
54111,A,1514,x
54114,D,1633,x
54115,A,1672,x
54118,C,1591,x
54119,C,1557,x
54120,D,1329,x
54123,A,1244,x
54126,D,1857,x
54130,C,1314,x
54131,C,1201,x
54132,D,1528,x
54134,B,1328,x
54136,A,1367,x
54138,C,1117,x
54142,C,1405,x
54143,C,1476,x
54144,C,1320,x
54145,A,1368,x
54146,B,1353,x
54147,D,1213,x
54149,C,1478,x
54151,C,1672,x
54152,A,1707,x
54155,D,1336,x
54156,B,1852,x
54158,A,1295,x
54160,C,1977,x
54163,B,1396,x
54169,A,1728,x
54171,B,1563,x
54176,B,1039,x
54177,B,1155,x
54179,C,1789,x
54181,A,1711,x
54182,C,1575,x
54188,B,1632,x
54190,B,1508,x
54191,C,1430,x
54192,D,1479,x
54193,C,1062,x
54194,C,1145,x
54195,C,1306,x
54196,B,1338,x
54200,C,1640,x
54201,C,1781,x
54202,C,1117,x
54203,A,1883,x
54205,D,1720,x
54206,A,1204,x
54207,A,1340,x
54209,D,1573,x
54215,C,1790,x
54217,D,1696,x
54218,C,1455,x
54219,B,1739,x
54220,B,1284,x
54221,D,1549,x
54222,D,1155,x
54224,B,1723,x
54225,A,1022,x
54226,D,1184,x
54229,A,1741,x
54232,D,1353,x
54236,B,1163,x
54237,D,1140,x
54238,A,1371,x
54240,B,1813,x
54241,D,1660,x
54242,B,1822,x
54244,A,1382,x
54247,A,1884,x
54255,C,1646,x
54260,B,1903,x
54261,D,1943,x
54263,D,1397,x
54265,A,1639,x
54266,A,1163,x
54268,D,1863,x
54272,D,1078,x
54278,C,1039,x
54283,C,1580,x
54285,B,1698,x
54286,B,1634,x
54288,A,1981,x
54289,B,1139,x
54290,B,1967,x
54291,A,1366,x
54292,D,1070,x
54293,B,1531,x
54296,A,1291,x
54298,C,1133,x
54299,A,1410,x
54300,D,1311,x
54305,D,1357,x
54309,A,1598,x
54310,B,1168,x
54311,C,1196,x
54312,C,1251,x
54314,D,1102,x
54315,B,1442,x
54316,D,1578,x
54320,A,1381,x
54322,B,1191,x
54323,C,1832,x
54324,A,1083,x
54326,D,1445,x
54327,B,1935,x
54331,D,1731,x
54336,A,1579,x
54337,D,1349,x
54338,A,1389,x
54339,D,1620,x
54344,C,1812,x
54345,B,1087,x
54347,B,1798,x
54348,A,1692,x
54350,D,1300,x
54351,C,1142,x
54353,B,1317,x
54354,A,1121,x
54357,C,1263,x
54360,A,1270,x
54362,B,1024,x
54363,A,1011,x
54365,D,1582,x
54366,D,1342,x
54368,A,1544,x
54369,C,1422,x
54372,A,1953,x
54373,A,1210,x
54375,A,1815,x
54377,D,1994,x
54378,C,1695,x
54379,A,1505,x
54381,C,1128,x
54382,C,1235,x
54385,D,1145,x
54387,D,1062,x
54388,D,1733,x
54389,D,1816,x
54391,C,1781,x
54393,B,1252,x
54399,D,1858,x
54400,C,1191,x
54401,A,1562,x
54402,A,1574,x
54405,C,1715,x
54406,D,1215,x
54409,A,1915,x
54411,D,1680,x
54414,D,1089,x
54415,A,1369,x
54417,D,1358,x
54419,C,1693,x
54422,A,1148,x
54423,B,1543,x
54424,B,1567,x
54426,C,1493,x
54431,D,1300,x
54432,B,1213,x
54433,C,1739,x
54434,D,1707,x
54435,D,1665,x
54436,C,1948,x
54437,B,1292,x
54438,A,1221,x
54439,C,1221,x
54441,D,1740,x
54442,A,1569,x
54444,B,1174,x
54445,A,1274,x
54446,A,1069,x
54447,A,1825,x
54448,D,1643,x
54450,A,1438,x
54453,A,1095,x
54455,A,1609,x
54457,C,1858,x
54459,B,1306,x
54460,B,1116,x
54463,C,1788,x
54469,B,1573,x
54471,B,1064,x
54473,B,1421,x
54474,C,1860,x
54476,B,1948,x
54480,B,1581,x
54481,D,1687,x
54482,B,1437,x
54488,A,1506,x
54489,C,1648,x
54490,C,1757,x
54491,D,1775,x
54493,B,1950,x
54495,B,1351,x
54498,C,1990,x
54500,A,1071,x
54501,B,1510,x
54502,D,1473,x
54503,A,1726,x
54507,D,1502,x
54510,D,1611,x
54512,C,1959,x
54513,A,1766,x
54514,B,1219,x
54515,B,1733,x
54519,B,1978,x
54521,C,1079,x
54522,B,1740,x
54523,A,1724,x
54524,D,1176,x
54525,C,1535,x
54526,A,1304,x
54527,B,1718,x
54529,B,1689,x
54530,D,1353,x
54539,A,1220,x
54542,C,1679,x
54543,A,1731,x
54544,D,1538,x
54545,D,1313,x
54546,D,1785,x
54547,D,1051,x
54548,C,1425,x
54550,D,1894,x
54556,A,1744,x
54557,A,1036,x
54558,A,1722,x
54560,A,1158,x
54561,A,1128,x
54562,C,1390,x
54563,A,1727,x
54564,C,1969,x
54565,C,1010,x
54569,A,1117,x
54570,B,1641,x
54572,C,1684,x
54574,C,1959,x
54576,C,1159,x
54579,C,1546,x
54582,C,1251,x
54585,B,1723,x
54588,D,1099,x
54589,C,1931,x
54592,A,1734,x
54593,D,1259,x
54594,C,1665,x
54600,A,1058,x
54601,C,1992,x
54607,A,1474,x
54610,D,1316,x
54611,C,1191,x
54612,C,1319,x
54613,A,1625,x
54614,B,1506,x
54625,C,1382,x
54627,A,1460,x
54628,B,1912,x
54629,A,1340,x
54630,A,1461,x
54631,A,1520,x
54632,A,1715,x
54638,C,1511,x
54639,B,1763,x
54642,B,1260,x
54647,D,1874,x
54648,B,1665,x
54649,D,1515,x
54651,B,1285,x
54654,C,1612,x
54659,D,1546,x
54663,D,1555,x
54665,B,1910,x
54670,A,1001,x
54671,C,1205,x
54675,A,1443,x
54676,C,1569,x
54677,D,1621,x
54680,C,1919,x
54681,C,1445,x
54685,C,1925,x
54688,C,1117,x
54689,D,1577,x
54691,A,1466,x
54693,C,1478,x
54696,D,1149,x
54697,B,1737,x
54698,C,1229,x
54699,D,1506,x
54700,C,1202,x
54701,B,1363,x
54702,C,1738,x
54703,C,1097,x
54708,B,1371,x
54709,B,1794,x
54710,B,1166,x
54713,D,1749,x
54714,A,1692,x
54715,D,1871,x
54717,A,1145,x
54720,A,1376,x
54723,C,1356,x
54725,B,1713,x
54727,D,1707,x
54728,D,1894,x
54731,D,1541,x
54734,C,1167,x
54736,B,1226,x
54738,D,1558,x
54739,C,1305,x
54741,C,1534,x
54742,C,1848,x
54743,C,1755,x
54745,B,1479,x
54748,B,1186,x
54750,B,1567,x
54751,A,1164,x
54756,B,1814,x
54758,D,1789,x
54759,A,1614,x
54762,C,1260,x
54766,D,1914,x
54767,C,1069,x
54770,C,1534,x
54771,B,1476,x
54772,A,1773,x
54774,D,1650,x
54775,A,1463,x
54779,C,1012,x
54780,B,1211,x
54782,D,1517,x
54783,C,1378,x
54784,C,1880,x
54786,D,1126,x
54788,B,1842,x
54796,C,1139,x
54798,D,1141,x
54802,A,1350,x
54803,C,1770,x
54808,C,1455,x
54811,C,1108,x
54816,C,1077,x
54822,D,1271,x
54823,C,1067,x
54824,C,1050,x
54826,B,1624,x
54828,B,1041,x
54829,D,1754,x
54830,D,1270,x
54833,C,1437,x
54839,B,1478,x
54840,D,1392,x
54841,A,1780,x
54845,C,1996,x
54846,A,1436,x
54849,B,1336,x
54852,C,1691,x
54853,B,1321,x
54854,A,1072,x
54857,B,1280,x
54858,B,1571,x
54859,A,1422,x
54861,D,1061,x
54868,D,1666,x
54870,D,1704,x
54872,A,1501,x
54873,B,1450,x
54874,A,1845,x
54877,C,1179,x
54880,A,1159,x
54881,B,1321,x
54883,D,1196,x
54884,B,1415,x
54886,B,1569,x
54887,C,1197,x
54888,C,1186,x
54889,B,1179,x
54890,B,1839,x
54895,C,1049,x
54896,D,1831,x
54897,A,1174,x
54898,B,1838,x
54901,A,1037,x
54902,D,1261,x
54904,B,1825,x
54907,D,1102,x
54908,B,1071,x
54909,A,1299,x
54910,C,1604,x
54912,A,1114,x
54913,B,1853,x
54914,A,1309,x
54916,B,1687,x
54918,C,1541,x
54920,B,1818,x
54922,A,1651,x
54924,A,1919,x
54927,C,1474,x
54928,B,1926,x
54930,A,1260,x
54933,D,1289,x
54937,C,1834,x
54939,A,1609,x
54940,B,1378,x
54943,C,1611,x
54947,C,1375,x
54948,D,1595,x
54949,A,1595,x
54954,C,1735,x
54955,D,1033,x
54956,D,1152,x
54958,D,1750,x
54959,C,1966,x
54960,B,1458,x
54963,A,1483,x
54964,D,1042,x
54965,D,1017,x
54966,B,1438,x
54967,A,1867,x
54968,D,1030,x
54972,A,1727,x
54974,C,1866,x
54975,B,1803,x
54976,C,1501,x
54979,C,1172,x
54980,D,1988,x
54981,B,1237,x
54984,D,1686,x
54987,C,1466,x
54988,B,1120,x
54990,C,1041,x
54993,A,1072,x
54994,A,1453,x
54995,A,1105,x
54997,D,1406,x
54999,A,1029,x
55002,C,1553,x
55003,A,1718,x
55004,D,1509,x
55008,D,1263,x
55014,B,1786,x
55015,C,1811,x
55018,B,1296,x
55019,C,1601,x
55022,D,1840,x
55023,A,1167,x
55026,C,1278,x
55027,D,1952,x
55028,A,1635,x
55029,B,1318,x
55030,B,1646,x
55032,A,1462,x
55033,C,1033,x
55034,B,1548,x
55038,D,1601,x
55040,C,1288,x
55042,B,1466,x
55044,B,1253,x
55047,B,1292,x
55048,C,1959,x
55050,C,1035,x
55051,B,1956,x
55052,D,1488,x
55054,D,1493,x
55055,A,1420,x
55056,D,1829,x
55057,C,1431,x
55058,A,1967,x
55060,A,1783,x
55061,D,1083,x
55062,A,1638,x
55063,A,1779,x
55064,B,1737,x
55068,A,1729,x
55069,A,1035,x
55073,D,1217,x
55074,A,1082,x
55076,C,1303,x
55077,C,1678,x
55078,C,1148,x
55080,B,1752,x
55082,C,1211,x
55086,C,1087,x
55087,D,1624,x
55089,B,1011,x
55090,B,1311,x
55094,A,1056,x
55096,B,1238,x
55102,D,1500,x
55103,C,1062,x
55104,D,1593,x
55106,C,1079,x
55107,C,1482,x
55108,B,1859,x
55110,A,1648,x
55111,B,1082,x
55115,A,1399,x
55118,B,1121,x
55119,A,1254,x
55122,A,1840,x
55123,B,1852,x
55125,C,1777,x
55128,C,1927,x
55130,B,1524,x
55131,B,1694,x
55133,C,1011,x
55138,A,1410,x
55141,A,1936,x
55143,D,1116,x
55144,A,1694,x
55145,A,1954,x
55146,C,1009,x
55148,D,1438,x
55150,B,1406,x
55151,B,1629,x
55152,B,1658,x
55155,B,1241,x
55157,D,1837,x
55158,B,1124,x
55159,D,1966,x
55162,C,1325,x
55166,A,1633,x
55167,D,1002,x
55173,A,1633,x
55175,D,1608,x
55177,C,1592,x
55178,C,1774,x
55180,D,1586,x
55181,D,1312,x
55182,A,1240,x
55184,C,1593,x
55185,D,1755,x
55186,B,1310,x
55187,C,1872,x
55188,C,1296,x
55191,B,1775,x
55192,C,1270,x
55193,A,1161,x
55194,C,1478,x
55195,A,1973,x
55196,A,1563,x
55199,D,1962,x
55200,C,1375,x
55202,B,1185,x
55206,A,1423,x
55207,C,1066,x
55208,B,1516,x
55209,B,1773,x
55212,D,1339,x
55216,A,1241,x
55219,C,1964,x
55221,A,1601,x
55228,A,1405,x
55231,C,1113,x
55232,D,1210,x
55236,A,1240,x
55237,C,1881,x
55241,C,1692,x
55242,C,1601,x
55245,A,1293,x
55246,C,1355,x
55248,C,1035,x
55249,A,1840,x
55251,A,1600,x
55252,B,1548,x
55254,D,1602,x
55255,B,1578,x
55259,C,1687,x
55261,B,1016,x
55262,C,1343,x
55263,D,1407,x
55266,A,1843,x
55270,D,1764,x
55274,B,1145,x
55277,D,1206,x
55280,A,1489,x
55281,B,1566,x
55282,B,1312,x
55283,B,1717,x
55284,A,1469,x
55285,A,1114,x
55291,C,1074,x
55294,A,1817,x
55295,C,1847,x
55296,C,1616,x
55299,C,1711,x
55300,A,1346,x
55303,B,1473,x
55306,B,1786,x
55307,B,1130,x
55310,D,1285,x
55311,C,1835,x
55314,C,1839,x
55318,D,1883,x
55320,C,1420,x
55321,C,1842,x
55323,C,1659,x
55326,A,1543,x
55330,D,1438,x
55332,C,1543,x
55333,B,1828,x
55336,C,1440,x
55337,A,1885,x
55338,A,1712,x
55342,D,1829,x
55343,D,1548,x
55344,D,1901,x
55345,A,1467,x
55353,D,1992,x
55356,A,1893,x
55358,A,1478,x
55359,C,1033,x
55364,B,1351,x
55368,C,1350,x
55376,C,1807,x
55377,A,1966,x
55378,B,1769,x
55380,B,1105,x
55383,C,1051,x
55384,B,1280,x
55385,A,1327,x
55386,C,1912,x
55389,A,1972,x
55393,A,1602,x
55394,C,1077,x
55395,C,1289,x
55396,D,1663,x
55405,B,1984,x
55406,C,1565,x
55407,B,1552,x
55409,B,1218,x
55410,C,1817,x
55411,D,1838,x
55412,B,1334,x
55413,B,1456,x
55414,A,1346,x
55415,A,1155,x
55416,B,1885,x
55420,D,1834,x
55421,C,1621,x
55423,D,1447,x
55425,D,1808,x
55432,B,1045,x
55434,A,1687,x
55437,A,1550,x
55440,A,1712,x
55441,C,1043,x
55442,B,1690,x
55443,D,1458,x
55444,C,1573,x
55447,D,1080,x
55450,C,1799,x
55453,D,1846,x
55456,C,1447,x
55457,A,1175,x
55458,A,1575,x
55462,B,1866,x
55463,D,1276,x
55464,D,1371,x
55466,D,1155,x
55467,B,1157,x
55468,D,1865,x
55473,D,1898,x
55474,B,1816,x
55476,A,1326,x
55477,C,1794,x
55480,D,1554,x
55481,D,1308,x
55484,B,1369,x
55485,B,1240,x
55486,D,1627,x
55487,B,1256,x
55489,D,1258,x
55490,D,1842,x
55493,C,1236,x
55495,B,1442,x
55496,A,1235,x
55501,C,1951,x
55504,D,1729,x
55507,A,1337,x
55509,D,1299,x
55510,D,1098,x
55513,A,1376,x
55517,A,1993,x
55519,D,1964,x
55523,D,1582,x
55524,A,1030,x
55525,C,1277,x
55526,B,1329,x
55529,C,1946,x
55530,D,1489,x
55534,D,1418,x
55535,C,1494,x
55536,A,1362,x
55543,C,1389,x
55545,A,1002,x
55546,D,1047,x
55548,D,1367,x
55551,B,1011,x
55556,B,1528,x
55558,B,1100,x
55562,C,1394,x
55565,B,1294,x
55566,D,1807,x
55567,A,1346,x
55570,D,1628,x
55571,B,1172,x
55579,D,1020,x
55580,C,1143,x
55581,B,1435,x
55583,C,1793,x
55585,B,1068,x
55587,C,1870,x
55590,D,1427,x
55592,C,1361,x
55594,C,1374,x
55596,D,1218,x
55597,A,1032,x
55602,B,1765,x
55606,D,1447,x
55607,D,1913,x
55608,B,1029,x
55610,C,1263,x
55612,B,1711,x
55613,D,1287,x
55615,B,1996,x
55616,B,1504,x
55617,A,1623,x
55618,B,1862,x
55619,B,1248,x
55620,A,1922,x
55622,B,1450,x
55626,C,1704,x
55632,D,1072,x
55634,B,1132,x
55635,C,1146,x
55636,B,1702,x
55637,D,1218,x
55640,A,1579,x
55642,C,1175,x
55645,D,1619,x
55646,A,1979,x
55647,C,1466,x
55649,B,1881,x
55651,C,1062,x
55654,B,1168,x
55655,B,1790,x
55657,B,1591,x
55661,B,1596,x
55662,C,1969,x
55663,B,1782,x
55664,A,1255,x
55665,B,1632,x
55666,C,1994,x
55667,C,1865,x
55668,A,1153,x
55670,D,1846,x
55678,D,1718,x
55680,C,1360,x
55684,B,1438,x
55685,B,1984,x
55686,B,1036,x
55687,D,1174,x
55688,B,1607,x
55690,C,1649,x
55694,C,1267,x
55696,C,1722,x
55697,A,1955,x
55699,D,1906,x
55703,D,1763,x
55704,A,1218,x
55706,B,1913,x
55708,A,1770,x
55709,C,1682,x
55710,C,1400,x
55711,D,1342,x
55715,B,1281,x
55716,A,1966,x
55717,B,1612,x
55718,A,1484,x
55719,C,1844,x
55722,B,1976,x
55723,A,1580,x
55724,D,1629,x
55725,D,1526,x
55726,B,1473,x
55727,D,1529,x
55728,A,1926,x
55732,C,1266,x
55733,C,1858,x
55735,B,1199,x
55737,D,1319,x
55741,D,1024,x
55743,D,1624,x
55744,C,1074,x
55746,B,1723,x
55747,C,1782,x
55748,B,1953,x
55749,C,1494,x
55751,A,1831,x
55752,C,1024,x
55753,D,1845,x
55758,C,1859,x
55759,B,1251,x
55760,B,1848,x
55763,D,1928,x
55766,C,1934,x
55768,A,1085,x
55769,A,1707,x
55775,A,1580,x
55776,B,1996,x
55778,A,1975,x
55779,A,1050,x
55780,A,1624,x
55781,D,1016,x
55782,D,1932,x
55785,C,1596,x
55789,B,1892,x
55790,A,1124,x
55792,C,1606,x
55793,A,1068,x
55800,B,1037,x
55802,B,1699,x
55803,D,1042,x
55814,C,1909,x
55817,B,1024,x
55818,C,1367,x
55819,D,1864,x
55823,A,1281,x
55824,C,1214,x
55830,D,1977,x
55831,A,1164,x
55832,A,1596,x
55835,C,1976,x
55837,B,1806,x
55838,C,1842,x
55839,D,1698,x
55840,C,1658,x
55841,A,1055,x
55842,A,1741,x
55843,D,1131,x
55844,D,1269,x
55846,B,1150,x
55848,D,1599,x
55851,A,1899,x
55854,A,1563,x
55856,B,1033,x
55857,B,1498,x
55858,C,1264,x
55860,A,1067,x
55867,D,1257,x
55870,B,1767,x
55871,B,1958,x
55872,A,1052,x
55874,D,1502,x
55875,C,1656,x
55880,A,1403,x
55885,C,1998,x
55886,D,1632,x
55887,B,1644,x
55892,B,1530,x
55894,C,1948,x
55895,B,1174,x
55897,D,1194,x
55899,C,1448,x
55901,C,1846,x
55902,B,1064,x
55907,D,1168,x
55909,C,1135,x
55911,A,1692,x
55912,D,1303,x
55919,D,1104,x
55921,D,1330,x
55923,D,1838,x
55925,A,1064,x
55926,C,1495,x
55927,C,1464,x
55928,A,1387,x
55929,B,1113,x
55930,C,1783,x
55932,A,1834,x
55933,A,1887,x
55936,D,1949,x
55939,B,1784,x
55944,A,1405,x
55946,B,1348,x
55947,B,1716,x
55949,A,1131,x
55951,B,1678,x
55952,B,1794,x
55955,A,1646,x
55956,A,1329,x
55958,B,1293,x
55962,C,1046,x
55964,D,1050,x
55965,C,1515,x
55969,A,1536,x
55970,D,1214,x
55972,C,1953,x
55973,C,1060,x
55974,D,1543,x
55975,D,1117,x
55978,A,1762,x
55980,A,1884,x
55981,C,1839,x
55983,D,1820,x
55984,C,1642,x
55988,B,1529,x
55990,A,1680,x
55991,B,1683,x
55992,A,1214,x
55993,D,1104,x
55994,C,1364,x
55995,C,1336,x
55997,A,1437,x
55999,A,1103,x
56002,C,1068,x
56003,B,1031,x
56004,A,1492,x
56006,C,1090,x
56009,D,1491,x
56010,A,1345,x
56016,B,1436,x
56018,D,1631,x
56019,B,1743,x
56020,B,1175,x
56021,B,1579,x
56022,A,1145,x
56023,D,1998,x
56025,D,1498,x
56026,D,1933,x
56027,D,1588,x
56028,A,1863,x
56031,C,1500,x
56032,D,1200,x
56033,C,1764,x
56035,B,1415,x
56037,A,1639,x
56038,B,1797,x
56039,B,1640,x
56041,C,1900,x
56043,B,1816,x
56044,B,1275,x
56045,A,1964,x
56047,D,1160,x
56050,C,1547,x
56053,D,1868,x
56054,A,1109,x
56055,D,1768,x
56056,A,1484,x
56057,C,1297,x
56058,A,1298,x
56060,A,1602,x
56065,D,1166,x
56066,A,1487,x
56067,D,1447,x
56071,C,1499,x
56073,A,1428,x
56074,D,1355,x
56077,D,1316,x
56079,A,1692,x
56080,C,1505,x
56086,B,1286,x
56087,C,1029,x
56089,B,1036,x
56090,D,1206,x
56094,C,1235,x
56095,D,1670,x
56098,D,1972,x
56102,D,1859,x
56103,A,1516,x
56104,C,1519,x
56107,B,1941,x
56109,B,1539,x
56110,A,1229,x
56112,A,1216,x
56114,A,1056,x
56117,A,1075,x
56120,D,1457,x
56124,B,1742,x
56130,D,1478,x
56135,D,1716,x
56136,B,1474,x
56137,C,1846,x
56139,D,1913,x
56140,D,1431,x
56142,B,1681,x
56144,D,1703,x
56146,A,1695,x
56147,C,1309,x
56148,D,1776,x
56150,D,1349,x
56151,C,1869,x
56153,C,1182,x
56155,A,1212,x
56161,C,1310,x
56162,A,1233,x
56165,D,1569,x
56170,A,1087,x
56175,C,1479,x
56176,B,1808,x
56180,C,1355,x
56181,D,1586,x
56187,A,1853,x
56188,A,1883,x
56189,A,1694,x
56191,B,1288,x
56193,B,1883,x
56196,C,1949,x
56197,A,1193,x
56198,D,1283,x
56200,B,1593,x
56201,D,1815,x
56202,B,1048,x
56203,C,1753,x
56205,A,1214,x
56206,A,1653,x
56218,B,1953,x
56221,B,1680,x
56224,D,1033,x
56226,D,1668,x
56227,B,1757,x
56228,A,1343,x
56229,B,1716,x
56231,B,1780,x
56232,A,1917,x
56233,B,1927,x
56234,D,1298,x
56239,C,1756,x
56243,B,1584,x
56245,A,1089,x
56248,C,1102,x
56249,A,1701,x
56250,C,1171,x
56251,D,1842,x
56256,A,1461,x
56257,A,1318,x
56258,B,1995,x
56260,B,1076,x
56261,D,1860,x
56263,B,1287,x
56265,A,1257,x
56267,D,1704,x
56270,A,1415,x
56271,B,1948,x
56281,D,1803,x
56284,B,1577,x
56285,A,1479,x
56287,A,1458,x
56288,D,1197,x
56290,D,1364,x
56291,A,1587,x
56292,B,1469,x
56293,A,1857,x
56294,A,1255,x
56297,A,1112,x
56300,B,1302,x
56302,D,1850,x
56303,B,1325,x
56306,C,1321,x
56307,C,1363,x
56308,C,1256,x
56311,A,1939,x
56312,C,1555,x
56313,B,1164,x
56319,A,1944,x
56323,D,1084,x
56325,A,1879,x
56326,A,1101,x
56327,B,1369,x
56332,B,1743,x
56333,D,1774,x
56334,B,1063,x
56335,A,1571,x
56336,A,1023,x
56338,A,1814,x
56339,D,1915,x
56344,A,1652,x
56345,C,1825,x
56348,B,1111,x
56349,D,1369,x
56352,B,1014,x
56354,A,1753,x
56355,D,1170,x
56356,A,1402,x
56358,B,1094,x
56359,C,1904,x
56360,D,1975,x
56361,B,1084,x
56362,B,1620,x
56364,A,1299,x
56366,A,1418,x
56372,C,1896,x
56374,C,1620,x
56375,C,1702,x
56377,B,1800,x
56380,C,1901,x
56381,D,1683,x
56382,D,1890,x
56384,B,1854,x
56386,A,1980,x
56387,D,1854,x
56388,D,1691,x
56391,B,1346,x
56394,B,1895,x
56397,D,1447,x
56398,D,1806,x
56400,A,1220,x
56402,C,1046,x
56404,A,1979,x
56406,D,1902,x
56411,D,1879,x
56412,B,1784,x
56414,D,1447,x
56415,C,1517,x
56416,C,1196,x
56419,D,1258,x
56422,B,1197,x
56426,B,1318,x
56427,B,1593,x
56428,B,1097,x
56429,A,1446,x
56432,A,1582,x
56434,B,1696,x
56436,D,1605,x
56439,D,1872,x
56441,D,1402,x
56444,A,1716,x
56445,C,1414,x
56446,A,1929,x
56450,B,1105,x
56456,D,1026,x
56457,A,1209,x
56458,B,1048,x
56459,C,1330,x
56461,A,1453,x
56466,D,1746,x
56470,D,1243,x
56471,A,1708,x
56472,A,1401,x
56475,C,1210,x
56480,B,1043,x
56482,C,1017,x
56483,D,1460,x
56487,C,1095,x
56490,B,1491,x
56493,A,1808,x
56494,B,1765,x
56497,B,1620,x
56498,A,1073,x
56500,D,1221,x
56501,A,1571,x
56502,C,1742,x
56505,A,1293,x
56508,D,1751,x
56509,A,1362,x
56512,C,1608,x
56514,A,1137,x
56517,D,1642,x
56518,B,1259,x
56519,C,1835,x
56521,D,1115,x
56523,C,1763,x
56525,D,1266,x
56527,B,1472,x
56529,D,1051,x
56530,C,1095,x
56531,B,1908,x
56537,A,1480,x
56539,D,1061,x
56542,A,1846,x
56544,B,1698,x
56545,B,1068,x
56546,A,1554,x
56548,D,1867,x
56549,B,1106,x
56550,D,1301,x
56551,B,1124,x
56552,C,1855,x
56556,B,1438,x
56560,A,1034,x
56563,A,1463,x
56565,C,1079,x
56566,B,1693,x
56567,D,1824,x
56569,A,1668,x
56570,D,1783,x
56572,B,1520,x
56573,C,1098,x
56574,D,1975,x
56577,C,1778,x
56578,A,1294,x
56579,B,1770,x
56585,A,1224,x
56586,A,1437,x
56588,C,1038,x
56590,A,1825,x
56591,B,1829,x
56592,D,1233,x
56594,D,1416,x
56596,B,1236,x
56598,B,1218,x
56599,C,1154,x
56600,D,1483,x
56601,C,1601,x
56604,B,1470,x
56606,D,1200,x
56607,B,1996,x
56608,A,1630,x
56609,D,1162,x
56610,B,1037,x
56612,D,1536,x
56613,D,1997,x
56615,B,1311,x
56616,B,1188,x
56619,D,1250,x
56620,C,1180,x
56623,D,1088,x
56625,A,1702,x
56626,B,1261,x
56628,A,1184,x
56630,B,1657,x
56632,D,1297,x
56633,C,1822,x
56634,B,1060,x
56636,D,1316,x
56637,C,1345,x
56639,C,1755,x
56644,D,1196,x
56648,D,1923,x
56650,D,1379,x
56652,C,1141,x
56656,A,1639,x
56657,C,1544,x
56660,D,1281,x
56662,A,1529,x
56663,C,1308,x
56664,A,1297,x
56665,B,1586,x
56667,B,1923,x
56672,D,1025,x
56677,B,1850,x
56678,A,1026,x
56680,C,1950,x
56681,A,1188,x
56683,B,1976,x
56684,C,1304,x
56685,C,1829,x
56688,D,1226,x
56689,D,1059,x
56692,D,1555,x
56694,D,1134,x
56695,B,1282,x
56696,A,1737,x
56700,D,1745,x
56703,C,1574,x
56704,C,1100,x
56706,C,1456,x
56707,B,1563,x
56709,C,1313,x
56712,B,1361,x
56713,C,1080,x
56714,D,1548,x
56715,D,1277,x
56717,A,1180,x
56719,B,1580,x
56720,C,1056,x
56724,D,1701,x
56725,C,1343,x
56726,A,1343,x
56732,C,1914,x
56734,A,1995,x
56739,B,1837,x
56741,C,1798,x
56743,A,1875,x
56744,B,1031,x
56745,B,1619,x
56749,B,1250,x
56750,B,1014,x
56751,B,1309,x
56756,B,1022,x
56758,A,1233,x
56759,C,1741,x
56763,C,1621,x
56764,D,1631,x
56766,A,1712,x
56770,A,1495,x
56772,C,1300,x
56774,B,1046,x
56777,A,1132,x
56778,A,1417,x
56780,B,1807,x
56782,C,1386,x
56783,C,1543,x
56784,B,1884,x
56785,D,1363,x
56788,A,1300,x
56789,D,1816,x
56790,C,1480,x
56791,B,1046,x
56794,A,1818,x
56795,D,1802,x
56797,A,1469,x
56798,B,1324,x
56801,D,1682,x
56802,B,1466,x
56805,C,1775,x
56810,C,1279,x
56812,C,1775,x
56814,A,1870,x
56815,B,1360,x
56819,B,1286,x
56824,C,1391,x
56827,D,1578,x
56830,D,1485,x
56831,B,1272,x
56833,A,1761,x
56834,A,1088,x
56836,D,1446,x
56840,B,1027,x
56842,C,1232,x
56843,B,1703,x
56845,D,1014,x
56846,D,1436,x
56847,B,1649,x
56850,D,1751,x
56853,B,1195,x
56854,B,1723,x
56856,C,1947,x
56857,D,1594,x
56858,C,1371,x
56861,C,1925,x
56862,C,1564,x
56863,C,1923,x
56867,C,1953,x
56870,B,1775,x
56872,D,1053,x
56873,D,1643,x
56877,A,1517,x
56879,B,1456,x
56881,B,1561,x
56883,C,1709,x
56890,C,1163,x
56891,A,1459,x
56893,C,1854,x
56894,C,1775,x
56895,D,1552,x
56898,C,1105,x
56899,D,1845,x
56902,C,1176,x
56903,D,1841,x
56905,A,1561,x
56908,C,1392,x
56910,D,1283,x
56912,B,1853,x
56916,B,1436,x
56917,C,1270,x
56918,A,1432,x
56920,C,1623,x
56921,B,1471,x
56922,A,1305,x
56927,D,1255,x
56930,D,1376,x
56931,B,1339,x
56932,C,1072,x
56933,B,1555,x
56935,A,1261,x
56938,D,1910,x
56940,B,1041,x
56941,B,1943,x
56944,D,1479,x
56950,C,1856,x
56954,B,1445,x
56955,D,1131,x
56958,C,1172,x
56961,C,1571,x
56962,B,1697,x
56963,B,1318,x
56964,D,1522,x
56965,D,1899,x
56967,A,1884,x
56970,B,1521,x
56973,D,1550,x
56974,A,1743,x
56976,B,1806,x
56977,D,1232,x
56978,D,1998,x
56980,D,1414,x
56983,A,1646,x
56987,D,1517,x
56988,B,1679,x
56989,D,1316,x
56993,C,1415,x
56996,C,1794,x
56998,C,1784,x
56999,B,1791,x
57000,B,1952,x
57001,C,1180,x
57002,A,1713,x
57003,A,1023,x
57004,C,1257,x
57005,B,1791,x
57006,D,1805,x
57007,B,1982,x
57011,B,1048,x
57012,D,1063,x
57013,A,1779,x
57014,D,1916,x
57015,B,1656,x
57016,A,1597,x
57017,B,1568,x
57018,D,1654,x
57019,A,1197,x
57024,B,1260,x
57026,C,1163,x
57028,C,1015,x
57029,A,1657,x
57031,A,1137,x
57035,B,1807,x
57036,A,1244,x
57038,A,1361,x
57040,D,1641,x
57047,A,1901,x
57048,B,1600,x
57049,B,1562,x
57057,C,1233,x
57059,C,1279,x
57060,D,1786,x
57063,D,1404,x
57064,C,1675,x
57065,A,1478,x
57066,D,1630,x
57068,C,1379,x
57071,C,1148,x
57072,C,1470,x
57074,A,1937,x
57078,A,1350,x
57080,C,1284,x
57081,C,1951,x
57083,D,1896,x
57084,A,1321,x
57085,B,1363,x
57087,C,1090,x
57088,A,1915,x
57089,A,1451,x
57091,A,1917,x
57093,B,1363,x
57094,D,1500,x
57095,D,1725,x
57096,D,1224,x
57097,B,1391,x
57098,C,1951,x
57107,B,1296,x
57108,D,1009,x
57109,D,1673,x
57113,D,1376,x
57115,A,1805,x
57119,D,1217,x
57121,B,1802,x
57122,C,1662,x
57124,D,1541,x
57125,C,1435,x
57126,A,1829,x
57128,A,1427,x
57130,D,1185,x
57133,D,1886,x
57139,C,1263,x
57143,A,1539,x
57145,B,1111,x
57146,A,1388,x
57148,B,1958,x
57150,A,1747,x
57153,A,1262,x
57154,D,1991,x
57155,C,1573,x
57158,A,1523,x
57160,B,1646,x
57161,D,1187,x
57162,B,1436,x
57166,B,1548,x
57168,A,1968,x
57169,B,1032,x
57172,D,1043,x
57174,C,1535,x
57175,B,1026,x
57176,B,1497,x
57178,C,1066,x
57182,C,1137,x
57183,A,1098,x
57184,A,1375,x
57188,D,1736,x
57191,C,1439,x
57192,D,1471,x
57193,C,1835,x
57194,D,1634,x
57197,B,1138,x
57198,C,1075,x
57199,A,1824,x
57200,D,1341,x
57201,B,1529,x
57202,D,1942,x
57204,D,1841,x
57205,C,1935,x
57206,A,1906,x
57212,A,1286,x
57213,B,1939,x
57214,B,1646,x
57215,B,1041,x
57217,D,1496,x
57218,D,1838,x
57220,B,1645,x
57223,A,1948,x
57224,C,1338,x
57227,B,1914,x
57228,A,1617,x
57229,A,1749,x
57230,B,1331,x
57232,D,1386,x
57236,A,1607,x
57238,A,1245,x
57239,D,1983,x
57241,C,1024,x
57242,A,1462,x
57244,A,1979,x
57245,D,1198,x
57246,A,1597,x
57247,A,1059,x
57248,C,1038,x
57251,C,1827,x
57253,C,1361,x
57254,D,1880,x
57255,A,1557,x
57256,D,1738,x
57257,D,1861,x
57259,B,1461,x
57262,D,1745,x
57264,C,1237,x
57267,A,1658,x
57268,C,1859,x
57271,A,1230,x
57273,C,1943,x
57274,B,1567,x
57277,D,1655,x
57280,A,1566,x
57284,D,1985,x
57287,A,1495,x
57288,B,1180,x
57292,B,1554,x
57297,C,1053,x
57298,C,1404,x
57299,D,1551,x
57301,D,1870,x
57302,C,1666,x
57305,C,1877,x
57306,B,1902,x
57309,D,1388,x
57311,D,1237,x
57314,A,1409,x
57315,B,1876,x
57323,A,1781,x
57324,A,1736,x
57325,C,1187,x
57326,C,1576,x
57328,D,1444,x
57329,A,1267,x
57330,D,1536,x
57335,A,1656,x
57336,D,1750,x
57337,D,1291,x
57339,B,1622,x
57340,A,1021,x
57346,D,1026,x
57348,C,1649,x
57350,A,1186,x
57351,B,1285,x
57352,B,1252,x
57354,A,1173,x
57356,B,1470,x
57358,A,1266,x
57362,A,1913,x
57365,A,1807,x
57368,D,1649,x
57370,D,1997,x
57375,B,1901,x
57382,B,1448,x
57386,D,1326,x
57391,A,1400,x
57392,C,1858,x
57398,D,1748,x
57399,C,1158,x
57402,D,1439,x
57405,C,1235,x
57411,B,1367,x
57414,A,1335,x
57415,C,1337,x
57416,C,1727,x
57417,D,1171,x
57420,C,1354,x
57421,D,1116,x
57423,B,1055,x
57426,C,1791,x
57427,B,1061,x
57428,A,1854,x
57429,C,1904,x
57432,B,1854,x
57442,D,1964,x
57446,C,1744,x
57447,A,1465,x
57448,B,1943,x
57453,B,1329,x
57457,D,1128,x
57459,B,1918,x
57463,C,1854,x
57467,C,1796,x
57470,A,1081,x
57471,D,1323,x
57473,C,1134,x
57475,A,1829,x
57480,C,1368,x
57483,C,1373,x
57484,D,1179,x
57485,D,1195,x
57487,A,1761,x
57489,B,1869,x
57490,B,1666,x
57491,B,1951,x
57492,D,1712,x
57493,B,1209,x
57494,A,1546,x
57496,B,1898,x
57497,B,1104,x
57503,C,1963,x
57510,A,1860,x
57512,D,1694,x
57516,A,1538,x
57517,B,1959,x
57518,B,1438,x
57520,A,1142,x
57521,A,1285,x
57523,A,1663,x
57524,A,1259,x
57525,C,1380,x
57527,C,1288,x
57528,C,1919,x
57529,C,1359,x
57530,B,1845,x
57531,A,1375,x
57532,D,1526,x
57533,D,1606,x
57540,A,1539,x
57541,A,1897,x
57543,D,1619,x
57545,A,1401,x
57547,C,1275,x
57548,C,1006,x
57549,D,1985,x
57550,B,1328,x
57551,D,1307,x
57553,A,1529,x
57554,C,1719,x
57555,C,1498,x
57558,D,1819,x
57563,D,1250,x
57564,B,1551,x
57565,B,1815,x
57569,C,1739,x
57571,B,1330,x
57572,C,1464,x
57575,A,1233,x
57577,C,1351,x
57580,A,1728,x
57585,B,1012,x
57588,C,1602,x
57589,C,1725,x
57591,B,1088,x
57592,D,1807,x
57594,D,1732,x
57595,A,1273,x
57596,B,1984,x
57600,C,1024,x
57601,D,1172,x
57602,B,1569,x
57603,D,1279,x
57605,B,1189,x
57606,D,1495,x
57607,A,1356,x
57608,C,1447,x
57609,B,1859,x
57611,A,1464,x
57612,D,1373,x
57614,A,1230,x
57618,C,1239,x
57619,C,1271,x
57622,D,1383,x
57623,B,1691,x
57625,A,1779,x
57627,C,1980,x
57628,A,1699,x
57629,C,1013,x
57633,A,1448,x
57634,D,1566,x
57638,D,1123,x
57639,C,1983,x
57643,B,1073,x
57644,D,1424,x
57645,A,1218,x
57646,D,1366,x
57647,A,1025,x
57649,D,1623,x
57651,C,1992,x
57652,C,1996,x
57653,B,1881,x
57655,A,1686,x
57656,B,1934,x
57657,C,1359,x
57660,A,1364,x
57665,B,1474,x
57668,D,1229,x
57670,D,1688,x
57671,D,1352,x
57673,A,1184,x
57674,C,1862,x
57675,A,1245,x
57677,A,1694,x
57678,A,1624,x
57680,A,1823,x
57686,D,1762,x
57687,B,1168,x
57689,A,1099,x
57690,A,1391,x
57693,B,1083,x
57699,C,1139,x
57700,D,1973,x
57702,A,1072,x
57703,B,1048,x
57704,B,1909,x
57705,C,1455,x
57706,C,1413,x
57708,A,1730,x
57711,A,1518,x
57712,D,1767,x
57714,D,1742,x
57715,B,1438,x
57717,D,1864,x
57718,B,1657,x
57723,B,1305,x
57724,A,1560,x
57728,B,1473,x
57729,A,1208,x
57732,D,1191,x
57736,B,1322,x
57738,A,1771,x
57739,C,1609,x
57740,A,1614,x
57741,B,1956,x
57745,B,1040,x
57747,C,1705,x
57748,A,1451,x
57749,C,1517,x
57750,D,1135,x
57752,D,1930,x
57753,A,1423,x
57757,B,1188,x
57758,C,1763,x
57759,D,1046,x
57760,D,1707,x
57761,A,1928,x
57764,D,1427,x
57765,D,1161,x
57766,C,1018,x
57768,C,1276,x
57770,A,1707,x
57772,A,1265,x
57773,A,1576,x
57777,B,1162,x
57781,D,1307,x
57782,B,1358,x
57783,B,1469,x
57784,D,1346,x
57786,A,1258,x
57790,D,1096,x
57791,C,1903,x
57793,D,1797,x
57795,C,1760,x
57799,A,1320,x
57800,C,1720,x
57802,D,1132,x
57804,B,1555,x
57805,B,1636,x
57806,D,1446,x
57808,B,1390,x
57813,C,1376,x
57814,C,1150,x
57816,A,1244,x
57820,C,1418,x
57822,D,1065,x
57823,C,1729,x
57824,C,1305,x
57826,B,1734,x
57827,D,1113,x
57829,D,1258,x
57830,C,1004,x
57831,C,1887,x
57832,A,1532,x
57833,B,1922,x
57837,A,1396,x
57840,C,1300,x
57841,C,1767,x
57842,C,1452,x
57843,D,1406,x
57846,D,1465,x
57850,A,1862,x
57851,C,1790,x
57853,C,1542,x
57854,D,1877,x
57856,A,1298,x
57857,B,1592,x
57858,D,1150,x
57859,D,1204,x
57863,D,1011,x
57864,C,1503,x
57866,D,1187,x
57867,A,1678,x
57876,C,1004,x
57877,D,1525,x
57878,C,1422,x
57879,A,1985,x
57883,B,1086,x
57884,D,1573,x
57885,C,1700,x
57886,B,1171,x
57888,C,1274,x
57892,B,1916,x
57895,A,1909,x
57896,B,1535,x
57897,A,1932,x
57898,A,1493,x
57899,C,1069,x
57902,A,1820,x
57904,B,1382,x
57905,C,1527,x
57906,D,1581,x
57908,B,1493,x
57912,C,1562,x
57913,D,1542,x
57914,A,1357,x
57918,C,1010,x
57922,C,1394,x
57923,C,1139,x
57924,A,1175,x
57927,B,1899,x
57928,C,1979,x
57929,C,1663,x
57933,D,1995,x
57934,A,1212,x
57935,A,1550,x
57936,D,1999,x
57938,D,1177,x
57943,B,1922,x
57944,B,1348,x
57947,D,1143,x
57948,D,1141,x
57949,D,1431,x
57950,C,1936,x
57951,D,1553,x
57952,C,1584,x
57953,C,1469,x
57954,C,1963,x
57956,C,1365,x
57957,A,1980,x
57958,A,1026,x
57959,C,1927,x
57960,D,1472,x
57962,C,1620,x
57965,C,1004,x
57966,B,1601,x
57970,A,1950,x
57971,A,1842,x
57972,D,1532,x
57975,A,1924,x
57978,B,1217,x
57979,C,1539,x
57981,A,1856,x
57984,C,1353,x
57986,D,1390,x
57989,A,1510,x
57991,B,1453,x
57992,B,1876,x
57995,A,1480,x
57999,D,1466,x
58000,A,1551,x
58002,C,1182,x
58003,D,1021,x
58004,B,1162,x
58007,D,1446,x
58011,B,1312,x
58012,D,1753,x
58013,B,1038,x
58014,D,1982,x
58015,A,1341,x
58016,C,1487,x
58019,D,1040,x
58021,A,1928,x
58023,B,1805,x
58024,C,1099,x
58026,B,1403,x
58028,C,1013,x
58031,D,1558,x
58032,A,1550,x
58034,D,1237,x
58035,B,1043,x
58039,B,1526,x
58041,B,1637,x
58044,B,1763,x
58045,A,1288,x
58049,C,1720,x
58050,D,1813,x
58058,B,1832,x
58059,B,1685,x
58060,D,1556,x
58065,B,1711,x
58068,D,1295,x
58069,B,1629,x
58071,A,1968,x
58072,A,1815,x
58073,C,1294,x
58074,B,1707,x
58076,C,1986,x
58080,B,1333,x
58081,C,1484,x
58084,A,1937,x
58086,C,1903,x
58090,B,1051,x
58093,C,1782,x
58097,D,1526,x
58098,C,1087,x
58103,C,1203,x
58105,B,1469,x
58109,A,1536,x
58114,C,1104,x
58125,C,1008,x
58127,A,1005,x
58128,A,1690,x
58132,B,1468,x
58133,D,1010,x
58137,B,1956,x
58138,B,1875,x
58139,C,1595,x
58140,A,1605,x
58141,C,1324,x
58142,B,1429,x
58143,D,1915,x
58145,D,1762,x
58146,B,1948,x
58147,B,1822,x
58148,C,1369,x
58150,A,1380,x
58151,B,1356,x
58155,B,1909,x
58156,D,1841,x
58157,B,1849,x
58159,A,1752,x
58160,B,1328,x
58161,B,1087,x
58165,D,1585,x
58166,D,1862,x
58168,D,1295,x
58170,A,1432,x
58171,C,1283,x
58174,D,1957,x
58179,C,1572,x
58180,A,1318,x
58182,C,1127,x
58183,C,1586,x
58184,D,1144,x
58188,B,1540,x
58193,B,1363,x
58195,B,1137,x
58196,A,1912,x
58199,B,1764,x
58204,B,1300,x
58205,B,1069,x
58206,D,1506,x
58207,B,1812,x
58208,D,1911,x
58209,D,1398,x
58210,D,1722,x
58211,A,1349,x
58212,C,1948,x
58215,C,1724,x
58216,D,1718,x
58217,A,1568,x
58218,D,1275,x
58219,A,1449,x
58220,A,1932,x
58222,D,1547,x
58224,D,1570,x
58225,D,1758,x
58226,B,1173,x
58228,D,1317,x
58231,B,1169,x
58232,C,1505,x
58233,C,1978,x
58236,D,1043,x
58241,D,1044,x
58243,A,1592,x
58244,B,1492,x
58245,B,1766,x
58249,C,1722,x
58251,D,1409,x
58253,C,1565,x
58254,B,1522,x
58257,B,1255,x
58258,A,1364,x
58260,B,1298,x
58261,B,1239,x
58262,B,1510,x
58263,C,1850,x
58264,D,1517,x
58267,D,1108,x
58269,A,1181,x
58272,B,1930,x
58273,C,1701,x
58274,D,1384,x
58275,C,1462,x
58276,C,1401,x
58278,C,1922,x
58279,C,1495,x
58281,B,1821,x
58282,B,1081,x
58286,D,1438,x
58287,D,1523,x
58288,A,1326,x
58291,C,1240,x
58292,B,1479,x
58293,B,1031,x
58294,A,1812,x
58297,A,1771,x
58298,A,1096,x
58299,C,1344,x
58300,B,1209,x
58302,A,1676,x
58306,B,1323,x
58308,D,1427,x
58309,B,1141,x
58311,C,1915,x
58313,B,1603,x
58314,C,1082,x
58316,B,1510,x
58317,B,1620,x
58318,B,1534,x
58319,B,1843,x
58327,D,1336,x
58328,B,1708,x
58329,A,1491,x
58330,C,1475,x
58331,A,1927,x
58336,B,1253,x
58339,B,1860,x
58341,A,1149,x
58345,D,1329,x
58347,B,1880,x
58348,A,1937,x
58349,D,1962,x
58351,A,1084,x
58352,C,1948,x
58354,B,1254,x
58356,B,1949,x
58357,C,1471,x
58358,D,1767,x
58359,C,1148,x
58360,B,1946,x
58361,D,1719,x
58364,C,1759,x
58365,D,1725,x
58367,A,1268,x
58369,A,1857,x
58373,C,1759,x
58374,A,1045,x
58375,D,1115,x
58377,D,1413,x
58379,B,1391,x
58380,B,1147,x
58383,B,1477,x
58387,B,1348,x
58391,A,1995,x
58393,D,1721,x
58395,C,1340,x
58396,D,1147,x
58399,A,1115,x
58400,D,1655,x
58401,D,1131,x
58403,B,1966,x
58405,A,1857,x
58410,C,1850,x
58411,B,1548,x
58412,A,1941,x
58414,D,1358,x
58415,C,1037,x
58416,A,1638,x
58417,D,1872,x
58419,B,1405,x
58420,C,1322,x
58422,A,1118,x
58425,C,1716,x
58427,A,1805,x
58429,C,1183,x
58430,A,1320,x
58432,B,1559,x
58433,B,1820,x
58435,D,1594,x
58437,C,1271,x
58439,C,1140,x
58440,D,1842,x
58442,B,1041,x
58445,C,1173,x
58446,D,1728,x
58447,C,1696,x
58450,B,1160,x
58451,B,1376,x
58454,A,1563,x
58455,B,1162,x
58456,A,1971,x
58457,B,1467,x
58458,D,1397,x
58459,A,1610,x
58460,A,1223,x
58462,C,1430,x
58464,D,1757,x
58466,B,1162,x
58468,B,1997,x
58469,C,1755,x
58470,C,1940,x
58472,B,1310,x
58474,B,1091,x
58476,A,1019,x
58480,B,1164,x
58481,A,1460,x
58483,B,1086,x
58484,C,1415,x
58485,A,1428,x
58486,A,1440,x
58488,C,1872,x
58489,A,1636,x
58496,D,1028,x
58497,C,1520,x
58500,A,1692,x
58506,B,1603,x
58509,D,1454,x
58510,D,1639,x
58512,D,1799,x
58514,D,1624,x
58516,D,1251,x
58517,D,1066,x
58518,C,1288,x
58521,A,1436,x
58522,B,1225,x
58524,B,1218,x
58526,D,1415,x
58528,C,1532,x
58530,C,1792,x
58531,B,1227,x
58534,D,1276,x
58537,C,1142,x
58538,B,1160,x
58541,C,1120,x
58542,A,1334,x
58545,B,1729,x
58547,D,1240,x
58551,B,1726,x
58552,A,1195,x
58553,C,1483,x
58554,B,1255,x
58555,B,1127,x
58557,A,1537,x
58559,B,1843,x
58560,D,1198,x
58565,B,1503,x
58570,D,1876,x
58571,B,1363,x
58573,B,1976,x
58574,D,1370,x
58575,C,1160,x
58583,D,1546,x
58584,A,1323,x
58587,B,1203,x
58589,B,1591,x
58592,C,1083,x
58593,A,1169,x
58594,A,1051,x
58595,B,1042,x
58597,A,1165,x
58598,A,1040,x
58601,C,1795,x
58604,D,1257,x
58605,C,1911,x
58607,C,1134,x
58609,A,1375,x
58610,C,1107,x
58613,D,1514,x
58615,B,1099,x
58616,A,1753,x
58617,C,1354,x
58622,D,1531,x
58623,B,1382,x
58624,C,1207,x
58625,B,1650,x
58626,C,1157,x
58629,B,1845,x
58631,B,1238,x
58633,B,1438,x
58634,C,1511,x
58635,C,1011,x
58640,B,1657,x
58641,B,1788,x
58642,D,1157,x
58643,A,1297,x
58644,D,1538,x
58645,A,1429,x
58647,A,1128,x
58649,C,1205,x
58650,C,1794,x
58653,A,1295,x
58654,A,1721,x
58655,A,1970,x
58656,B,1799,x
58657,B,1568,x
58658,D,1392,x
58660,C,1590,x
58661,C,1165,x
58662,B,1028,x
58663,C,1369,x
58664,A,1272,x
58666,C,1452,x
58669,D,1847,x
58672,A,1366,x
58673,C,1025,x
58679,A,1362,x
58683,C,1961,x
58684,C,1177,x
58686,C,1612,x
58687,D,1594,x
58695,C,1148,x
58696,A,1292,x
58697,B,1037,x
58698,C,1651,x
58699,D,1531,x
58701,C,1143,x
58702,C,1404,x
58704,D,1872,x
58706,A,1942,x
58707,C,1461,x
58709,C,1313,x
58712,B,1825,x
58713,D,1103,x
58715,B,1063,x
58717,D,1393,x
58720,A,1339,x
58722,D,1985,x
58723,D,1827,x
58724,B,1995,x
58725,B,1114,x
58726,A,1655,x
58727,D,1879,x
58729,D,1173,x
58732,D,1550,x
58733,B,1063,x
58734,B,1067,x
58735,A,1160,x
58736,A,1611,x
58737,D,1680,x
58738,D,1906,x
58739,A,1607,x
58740,B,1719,x
58741,C,1438,x
58743,B,1882,x
58744,A,1381,x
58746,A,1185,x
58747,D,1677,x
58751,B,1741,x
58754,D,1925,x
58755,B,1174,x
58756,B,1586,x
58757,B,1747,x
58758,D,1065,x
58759,B,1506,x
58766,A,1732,x
58767,A,1009,x
58770,D,1881,x
58773,C,1488,x
58777,D,1800,x
58779,D,1499,x
58781,D,1494,x
58791,C,1711,x
58793,B,1162,x
58794,B,1420,x
58795,A,1290,x
58797,C,1443,x
58808,B,1491,x
58811,C,1825,x
58813,D,1128,x
58815,A,1735,x
58816,C,1986,x
58817,D,1973,x
58818,C,1805,x
58820,A,1112,x
58824,A,1804,x
58826,A,1239,x
58829,C,1438,x
58830,D,1841,x
58831,B,1422,x
58833,D,1666,x
58834,A,1249,x
58835,D,1974,x
58839,A,1274,x
58840,D,1902,x
58841,D,1584,x
58842,C,1563,x
58848,D,1668,x
58850,D,1676,x
58851,C,1442,x
58853,D,1407,x
58856,D,1695,x
58857,A,1847,x
58858,B,1892,x
58859,A,1942,x
58861,D,1013,x
58862,D,1553,x
58865,B,1762,x
58866,A,1483,x
58867,C,1937,x
58868,B,1733,x
58869,B,1184,x
58871,A,1227,x
58872,B,1094,x
58875,C,1238,x
58876,D,1575,x
58877,C,1862,x
58878,B,1817,x
58879,C,1611,x
58880,C,1935,x
58884,B,1161,x
58886,A,1653,x
58888,C,1143,x
58889,A,1637,x
58892,D,1727,x
58894,B,1331,x
58895,D,1879,x
58896,C,1830,x
58902,B,1128,x
58904,D,1972,x
58906,B,1455,x
58914,B,1152,x
58915,C,1376,x
58916,B,1724,x
58917,B,1679,x
58918,B,1554,x
58920,B,1350,x
58923,B,1221,x
58924,C,1440,x
58925,D,1996,x
58926,B,1760,x
58927,B,1619,x
58929,B,1678,x
58932,D,1353,x
58934,D,1560,x
58935,B,1064,x
58937,A,1915,x
58941,D,1833,x
58945,C,1301,x
58946,C,1100,x
58950,D,1851,x
58951,B,1801,x
58954,D,1097,x
58955,A,1978,x
58956,C,1271,x
58957,C,1583,x
58959,D,1872,x
58963,D,1698,x
58966,B,1503,x
58968,A,1274,x
58972,B,1143,x
58974,C,1874,x
58975,B,1578,x
58977,B,1065,x
58979,D,1814,x
58981,A,1307,x
58983,D,1987,x
58985,A,1524,x
58987,B,1159,x
58989,B,1912,x
58990,A,1233,x
58991,C,1703,x
58992,B,1064,x
58993,C,1039,x
58995,B,1897,x
58997,B,1382,x
58998,D,1867,x
59004,B,1156,x
59005,A,1183,x
59013,D,1993,x
59016,A,1370,x
59018,D,1835,x
59019,C,1095,x
59020,A,1744,x
59021,A,1950,x
59023,A,1994,x
59024,D,1265,x
59028,D,1814,x
59029,B,1917,x
59031,C,1385,x
59032,D,1314,x
59036,C,1212,x
59038,A,1711,x
59041,A,1092,x
59043,B,1358,x
59045,D,1657,x
59046,C,1468,x
59050,A,1498,x
59054,C,1242,x
59056,C,1797,x
59057,A,1698,x
59058,C,1318,x
59059,B,1123,x
59061,C,1871,x
59064,A,1247,x
59069,C,1132,x
59070,D,1424,x
59071,D,1137,x
59073,C,1918,x
59075,A,1453,x
59077,D,1570,x
59079,A,1619,x
59086,A,1717,x
59087,B,1700,x
59088,A,1327,x
59089,A,1099,x
59092,B,1368,x
59094,D,1734,x
59095,D,1924,x
59096,A,1467,x
59097,B,1497,x
59099,B,1231,x
59101,A,1800,x
59102,A,1934,x
59104,B,1003,x
59105,C,1161,x
59107,A,1516,x
59108,B,1010,x
59112,A,1170,x
59113,C,1887,x
59116,A,1720,x
59118,A,1625,x
59119,A,1898,x
59120,A,1276,x
59121,D,1600,x
59123,B,1759,x
59125,D,1905,x
59127,D,1244,x
59132,B,1766,x
59133,C,1881,x
59134,C,1125,x
59135,D,1371,x
59137,C,1973,x
59139,B,1954,x
59141,C,1907,x
59142,C,1418,x
59148,D,1282,x
59149,A,1422,x
59150,B,1370,x
59151,B,1707,x
59152,C,1101,x
59154,B,1767,x
59158,C,1801,x
59162,C,1562,x
59163,C,1900,x
59164,B,1973,x
59165,A,1806,x
59168,A,1146,x
59171,C,1364,x
59172,C,1918,x
59175,B,1530,x
59176,B,1132,x
59181,C,1194,x
59182,B,1880,x
59184,D,1866,x
59186,B,1866,x
59187,D,1399,x
59191,B,1371,x
59192,B,1745,x
59196,C,1890,x
59197,C,1373,x
59198,C,1534,x
59200,A,1983,x
59202,D,1613,x
59203,B,1606,x
59204,B,1795,x
59205,B,1606,x
59207,D,1938,x
59213,B,1260,x
59217,D,1899,x
59220,A,1166,x
59221,D,1417,x
59223,B,1933,x
59224,D,1784,x
59225,C,1105,x
59226,A,1808,x
59227,A,1718,x
59228,A,1976,x
59229,A,1338,x
59231,D,1856,x
59232,B,1677,x
59236,C,1285,x
59237,D,1842,x
59238,D,1301,x
59239,D,1082,x
59241,D,1350,x
59242,A,1862,x
59246,C,1603,x
59247,B,1405,x
59249,D,1958,x
59251,C,1987,x
59255,D,1085,x
59259,A,1631,x
59260,D,1997,x
59261,D,1867,x
59262,D,1472,x
59263,A,1983,x
59264,C,1174,x
59265,B,1253,x
59266,D,1557,x
59267,C,1271,x
59268,C,1415,x
59269,B,1192,x
59270,A,1821,x
59271,A,1090,x
59272,C,1495,x
59273,B,1876,x
59275,C,1645,x
59277,B,1909,x
59279,A,1789,x
59281,D,1938,x
59285,C,1457,x
59286,C,1224,x
59288,C,1411,x
59294,A,1253,x
59296,B,1258,x
59297,D,1680,x
59300,B,1691,x
59304,A,1022,x
59305,D,1305,x
59307,B,1321,x
59310,C,1820,x
59323,D,1815,x
59328,C,1569,x
59329,B,1414,x
59330,C,1808,x
59331,B,1111,x
59332,D,1277,x
59333,A,1875,x
59335,D,1802,x
59336,D,1165,x
59337,D,1771,x
59338,A,1402,x
59339,A,1811,x
59340,C,1527,x
59341,B,1197,x
59343,C,1883,x
59345,D,1798,x
59351,B,1619,x
59353,B,1956,x
59357,C,1016,x
59358,D,1246,x
59361,B,1439,x
59362,B,1874,x
59363,C,1547,x
59364,A,1745,x
59365,C,1898,x
59367,A,1364,x
59369,D,1979,x
59370,B,1543,x
59371,D,1484,x
59372,D,1627,x
59374,B,1671,x
59377,B,1343,x
59378,A,1662,x
59380,B,1511,x
59381,B,1391,x
59382,B,1250,x
59383,A,1236,x
59384,D,1422,x
59386,B,1445,x
59388,D,1186,x
59389,B,1085,x
59391,C,1746,x
59392,C,1784,x
59394,D,1633,x
59397,A,1395,x
59403,A,1926,x
59404,B,1863,x
59405,B,1818,x
59406,D,1132,x
59407,A,1814,x
59408,D,1187,x
59409,B,1100,x
59411,D,1654,x
59413,C,1911,x
59414,A,1893,x
59415,B,1572,x
59417,D,1422,x
59418,B,1268,x
59422,B,1729,x
59423,B,1963,x
59425,A,1286,x
59427,B,1620,x
59429,D,1048,x
59430,A,1333,x
59431,D,1364,x
59433,A,1061,x
59434,C,1323,x
59436,D,1665,x
59438,C,1081,x
59441,D,1452,x
59442,B,1271,x
59445,B,1040,x
59446,D,1733,x
59447,B,1268,x
59449,A,1047,x
59451,A,1088,x
59452,C,1898,x
59454,B,1724,x
59455,C,1230,x
59458,C,1413,x
59459,A,1019,x
59461,D,1362,x
59462,C,1892,x
59463,D,1885,x
59464,A,1270,x
59468,C,1625,x
59470,B,1658,x
59473,C,1111,x
59475,B,1965,x
59486,A,1469,x
59487,A,1314,x
59488,A,1908,x
59489,A,1281,x
59491,A,1988,x
59492,A,1073,x
59493,C,1598,x
59495,B,1611,x
59498,C,1930,x
59500,D,1735,x
59501,C,1100,x
59502,B,1240,x
59504,D,1717,x
59505,D,1782,x
59507,B,1595,x
59509,B,1986,x
59511,D,1439,x
59512,A,1966,x
59513,D,1297,x
59515,C,1783,x
59517,A,1039,x
59518,C,1979,x
59520,B,1929,x
59521,A,1864,x
59525,D,1058,x
59526,D,1613,x
59527,B,1888,x
59528,B,1024,x
59529,D,1701,x
59530,B,1280,x
59533,C,1169,x
59536,B,1657,x
59537,C,1210,x
59540,A,1319,x
59541,B,1791,x
59542,C,1950,x
59544,A,1850,x
59546,D,1438,x
59548,C,1723,x
59550,A,1854,x
59553,A,1453,x
59554,C,1019,x
59556,D,1714,x
59557,D,1059,x
59558,D,1099,x
59560,D,1352,x
59561,D,1930,x
59564,D,1653,x
59567,D,1967,x
59569,B,1705,x
59571,B,1338,x
59572,A,1127,x
59573,A,1479,x
59575,C,1366,x
59576,C,1129,x
59578,A,1027,x
59579,C,1990,x
59580,C,1349,x
59582,B,1354,x
59583,C,1430,x
59584,C,1921,x
59585,B,1195,x
59586,A,1670,x
59587,D,1690,x
59592,D,1199,x
59594,B,1997,x
59596,D,1942,x
59597,A,1016,x
59598,B,1315,x
59600,D,1285,x
59603,D,1702,x
59604,D,1151,x
59605,A,1758,x
59606,A,1217,x
59608,B,1213,x
59610,C,1332,x
59612,B,1865,x
59614,A,1056,x
59615,B,1843,x
59617,B,1579,x
59618,A,1516,x
59621,D,1634,x
59623,D,1914,x
59627,D,1152,x
59628,D,1094,x
59629,D,1780,x
59630,A,1275,x
59631,A,1117,x
59634,B,1826,x
59635,C,1581,x
59636,B,1486,x
59638,B,1295,x
59640,C,1875,x
59641,C,1077,x
59643,C,1884,x
59646,B,1259,x
59647,B,1263,x
59652,C,1449,x
59653,D,1217,x
59654,C,1462,x
59655,A,1398,x
59656,A,1379,x
59657,D,1992,x
59658,D,1960,x
59661,D,1682,x
59662,C,1448,x
59663,B,1220,x
59666,B,1678,x
59667,C,1283,x
59671,B,1783,x
59673,C,1599,x
59676,A,1040,x
59679,C,1651,x
59680,C,1090,x
59681,C,1246,x
59684,C,1286,x
59687,A,1887,x
59688,B,1111,x
59689,D,1944,x
59690,D,1076,x
59691,B,1063,x
59692,B,1095,x
59693,B,1112,x
59695,B,1734,x
59698,D,1654,x
59699,D,1608,x
59706,D,1291,x
59711,C,1929,x
59714,A,1069,x
59715,D,1497,x
59717,C,1026,x
59718,C,1831,x
59719,A,1770,x
59721,B,1262,x
59723,B,1647,x
59726,B,1771,x
59727,D,1895,x
59728,C,1343,x
59729,C,1699,x
59732,B,1842,x
59734,D,1298,x
59735,B,1457,x
59736,A,1782,x
59738,A,1961,x
59739,A,1814,x
59741,C,1860,x
59742,B,1406,x
59743,A,1902,x
59744,A,1458,x
59745,D,1178,x
59747,B,1275,x
59748,D,1350,x
59749,C,1711,x
59750,D,1552,x
59752,A,1054,x
59755,D,1363,x
59758,C,1832,x
59760,B,1864,x
59762,A,1020,x
59763,C,1467,x
59768,C,1911,x
59769,A,1779,x
59770,B,1561,x
59773,B,1236,x
59777,B,1507,x
59778,B,1064,x
59784,D,1527,x
59788,D,1594,x
59789,D,1115,x
59790,D,1880,x
59794,B,1214,x
59795,B,1698,x
59796,A,1636,x
59797,A,1472,x
59800,B,1810,x
59801,A,1668,x
59805,B,1037,x
59806,C,1266,x
59807,B,1760,x
59808,C,1932,x
59810,D,1601,x
59812,C,1037,x
59817,A,1064,x
59818,A,1069,x
59819,A,1175,x
59823,B,1514,x
59825,C,1746,x
59827,A,1234,x
59829,B,1656,x
59835,A,1683,x
59836,A,1234,x
59838,B,1188,x
59839,C,1355,x
59841,D,1848,x
59843,D,1156,x
59845,D,1351,x
59846,C,1598,x
59847,D,1681,x
59850,A,1182,x
59851,C,1392,x
59855,B,1289,x
59856,D,1275,x
59857,A,1032,x
59858,D,1927,x
59859,C,1686,x
59860,C,1272,x
59863,B,1028,x
59864,B,1866,x
59865,D,1369,x
59868,D,1301,x
59870,C,1993,x
59877,C,1277,x
59879,A,1103,x
59880,C,1004,x
59881,A,1362,x
59882,D,1005,x
59883,C,1729,x
59885,B,1033,x
59886,D,1791,x
59887,D,1544,x
59892,C,1110,x
59895,C,1169,x
59896,A,1773,x
59899,B,1639,x
59904,D,1599,x
59905,C,1106,x
59906,D,1441,x
59908,C,1557,x
59910,C,1930,x
59911,D,1494,x
59912,C,1796,x
59917,A,1634,x
59918,C,1490,x
59919,A,1683,x
59921,B,1336,x
59922,D,1696,x
59924,B,1320,x
59925,B,1221,x
59926,C,1838,x
59927,A,1349,x
59928,B,1161,x
59929,C,1116,x
59932,B,1781,x
59933,D,1594,x
59934,D,1111,x
59940,D,1981,x
59941,B,1522,x
59943,B,1323,x
59944,A,1672,x
59945,C,1428,x
59946,C,1578,x
59947,A,1446,x
59949,C,1445,x
59950,C,1368,x
59955,B,1512,x
59958,A,1323,x
59959,A,1420,x
59961,D,1896,x
59963,B,1205,x
59964,A,1650,x
59965,B,1982,x
59966,A,1418,x
59968,B,1532,x
59973,D,1471,x
59974,C,1094,x
59977,D,1634,x
59978,C,1615,x
59979,B,1477,x
59980,B,1651,x
59981,B,1941,x
59982,D,1596,x
59983,C,1858,x
59990,B,1494,x
59994,A,1482,x
59996,A,1931,x
59997,B,1648,x
59999,B,1138,x
60000,B,1954,x
60004,A,1033,x
60005,B,1420,x
60006,D,1507,x
60007,B,1790,x
60009,A,1425,x
60010,B,1486,x
60014,B,1308,x
60015,A,1548,x
60016,B,1869,x
60017,A,1568,x
60018,C,1660,x
60022,B,1715,x
60024,C,1091,x
60026,A,1111,x
60028,A,1736,x
60032,D,1900,x
60040,D,1065,x
60045,A,1364,x
60046,B,1994,x
60047,A,1093,x
60051,C,1623,x
60054,A,1450,x
60061,A,1892,x
60062,B,1668,x
60063,C,1946,x
60064,A,1294,x
60069,D,1622,x
60071,D,1385,x
60072,A,1855,x
60075,C,1058,x
60078,C,1253,x
60080,A,1176,x
60081,A,1439,x
60088,D,1033,x
60090,C,1192,x
60091,A,1894,x
60093,B,1680,x
60095,A,1332,x
60101,B,1477,x
60105,B,1520,x
60106,D,1345,x
60107,C,1978,x
60108,B,1373,x
60110,C,1125,x
60111,B,1945,x
60112,B,1316,x
60113,A,1285,x
60114,B,1630,x
60118,D,1069,x
60120,C,1943,x
60122,A,1583,x
60123,C,1592,x
60125,B,1088,x
60126,B,1664,x
60127,D,1793,x
60128,B,1638,x
60130,A,1575,x
60131,B,1813,x
60132,D,1979,x
60133,D,1457,x
60134,B,1470,x
60135,C,1238,x
60136,C,1714,x
60137,C,1762,x
60139,D,1190,x
60140,D,1001,x
60146,A,1619,x
60148,A,1081,x
60149,B,1454,x
60150,A,1089,x
60151,B,1919,x
60152,A,1114,x
60153,B,1817,x
60154,A,1532,x
60156,A,1623,x
60157,C,1830,x
60160,B,1196,x
60162,D,1760,x
60166,A,1093,x
60167,B,1769,x
60169,C,1159,x
60173,C,1389,x
60177,D,1388,x
60179,D,1724,x
60181,D,1584,x
60182,C,1697,x
60183,B,1704,x
60184,A,1691,x
60189,A,1840,x
60190,A,1406,x
60193,B,1980,x
60196,B,1590,x
60198,B,1374,x
60200,A,1023,x
60201,A,1269,x
60202,D,1811,x
60203,C,1454,x
60204,C,1337,x
60205,C,1446,x
60207,C,1923,x
60208,A,1090,x
60210,B,1181,x
60213,A,1617,x
60216,B,1422,x
60218,D,1148,x
60221,C,1637,x
60223,C,1428,x
60224,A,1958,x
60226,C,1709,x
60229,D,1293,x
60230,C,1688,x
60232,A,1050,x
60233,D,1337,x
60237,A,1236,x
60239,C,1810,x
60240,A,1835,x
60241,C,1202,x
60245,D,1542,x
60247,C,1339,x
60249,D,1313,x
60250,A,1290,x
60254,C,1125,x
60255,A,1151,x
60256,C,1069,x
60257,D,1541,x
60258,C,1038,x
60259,A,1790,x
60260,B,1862,x
60261,D,1361,x
60265,C,1824,x
60267,A,1051,x
60269,A,1530,x
60270,C,1274,x
60271,C,1889,x
60273,C,1202,x
60275,B,1412,x
60276,A,1542,x
60277,D,1120,x
60278,A,1051,x
60279,A,1622,x
60280,A,1870,x
60289,C,1728,x
60291,A,1257,x
60293,C,1708,x
60294,A,1958,x
60295,A,1218,x
60296,A,1912,x
60297,D,1573,x
60299,C,1975,x
60300,D,1616,x
60301,B,1080,x
60304,B,1340,x
60305,C,1527,x
60306,A,1727,x
60307,D,1596,x
60310,B,1478,x
60312,B,1462,x
60318,A,1913,x
60320,B,1666,x
60324,C,1670,x
60329,B,1056,x
60330,C,1977,x
60331,D,1131,x
60332,A,1662,x
60333,B,1983,x
60335,D,1308,x
60337,D,1260,x
60339,A,1711,x
60341,B,1858,x
60342,D,1170,x
60344,A,1601,x
60345,D,1850,x
60347,A,1956,x
60348,B,1734,x
60354,C,1814,x
60357,A,1086,x
60358,B,1466,x
60359,B,1499,x
60360,B,1673,x
60365,D,1844,x
60366,A,1309,x
60367,B,1788,x
60368,C,1695,x
60371,C,1789,x
60373,C,1032,x
60375,A,1261,x
60377,C,1136,x
60379,B,1638,x
60380,C,1689,x
60383,B,1281,x
60384,D,1787,x
60385,A,1607,x
60386,B,1492,x
60388,B,1844,x
60392,D,1868,x
60395,C,1599,x
60397,D,1087,x
60401,A,1920,x
60402,C,1959,x
60406,B,1093,x
60407,A,1803,x
60408,C,1018,x
60409,C,1876,x
60410,B,1827,x
60416,C,1404,x
60420,C,1684,x
60422,B,1626,x
60423,D,1376,x
60428,D,1030,x
60430,A,1966,x
60433,D,1618,x
60434,D,1564,x
60435,A,1532,x
60441,A,1148,x
60443,A,1548,x
60446,B,1864,x
60447,A,1579,x
60448,A,1891,x
60451,B,1861,x
60452,B,1251,x
60453,B,1371,x
60454,D,1936,x
60458,B,1105,x
60461,D,1391,x
60463,A,1211,x
60464,C,1729,x
60465,D,1143,x
60470,D,1621,x
60475,D,1810,x
60478,A,1114,x
60482,C,1321,x
60486,D,1700,x
60487,B,1583,x
60488,D,1022,x
60489,D,1017,x
60490,B,1453,x
60493,C,1714,x
60494,A,1532,x
60497,B,1117,x
60499,B,1426,x
60500,D,1072,x
60503,D,1649,x
60504,A,1630,x
60505,D,1381,x
60507,B,1613,x
60508,D,1917,x
60509,C,1464,x
60510,A,1758,x
60512,D,1605,x
60514,B,1167,x
60515,A,1162,x
60516,A,1128,x
60517,C,1191,x
60519,A,1779,x
60522,B,1521,x
60523,C,1740,x
60524,D,1116,x
60526,A,1371,x
60527,B,1708,x
60531,B,1798,x
60532,C,1908,x
60537,A,1577,x
60538,A,1619,x
60540,A,1650,x
60542,A,1426,x
60545,A,1766,x
60546,C,1319,x
60552,D,1640,x
60557,C,1124,x
60559,C,1196,x
60560,D,1389,x
60563,B,1903,x
60564,A,1549,x
60565,C,1624,x
60570,A,1213,x
60571,C,1478,x
60572,B,1596,x
60573,C,1007,x
60575,B,1053,x
60577,C,1817,x
60582,C,1439,x
60583,A,1181,x
60584,C,1345,x
60586,C,1785,x
60588,C,1040,x
60589,B,1478,x
60590,C,1077,x
60592,A,1352,x
60593,B,1448,x
60597,D,1788,x
60599,C,1827,x
60600,C,1206,x
60601,A,1578,x
60603,B,1643,x
60604,A,1358,x
60605,A,1669,x
60607,D,1249,x
60608,D,1228,x
60609,C,1989,x
60610,C,1918,x
60612,D,1233,x
60615,D,1366,x
60616,C,1678,x
60617,C,1027,x
60619,B,1657,x
60621,A,1018,x
60622,A,1523,x
60623,C,1441,x
60624,C,1022,x
60628,D,1035,x
60629,B,1937,x
60630,C,1944,x
60633,A,1629,x
60637,C,1098,x
60638,C,1620,x
60640,A,1601,x
60641,C,1368,x
60642,C,1974,x
60643,C,1023,x
60644,B,1528,x
60648,C,1461,x
60652,B,1798,x
60653,D,1931,x
60654,B,1221,x
60656,A,1763,x
60659,C,1354,x
60661,D,1375,x
60665,C,1702,x
60666,B,1274,x
60667,B,1587,x
60671,C,1245,x
60674,B,1327,x
60675,C,1524,x
60676,A,1812,x
60677,B,1017,x
60679,A,1233,x
60680,D,1047,x
60681,A,1706,x
60683,D,1827,x
60684,B,1733,x
60685,D,1073,x
60687,D,1020,x
60688,D,1294,x
60689,D,1070,x
60690,B,1852,x
60691,D,1852,x
60693,C,1802,x
60694,A,1688,x
60696,D,1013,x
60700,B,1642,x
60701,D,1819,x
60704,C,1712,x
60707,C,1193,x
60708,A,1784,x
60709,D,1756,x
60710,A,1545,x
60715,D,1831,x
60719,B,1764,x
60721,D,1894,x
60722,C,1439,x
60723,B,1641,x
60724,C,1953,x
60725,A,1939,x
60727,A,1325,x
60728,D,1176,x
60730,D,1871,x
60736,C,1871,x
60738,A,1325,x
60739,C,1621,x
60742,C,1148,x
60743,A,1856,x
60744,D,1916,x
60745,C,1831,x
60746,B,1104,x
60747,A,1644,x
60749,B,1524,x
60750,D,1583,x
60755,B,1313,x
60759,C,1906,x
60761,C,1563,x
60762,A,1939,x
60763,C,1374,x
60764,C,1867,x
60770,B,1131,x
60772,C,1934,x
60774,C,1951,x
60780,A,1687,x
60781,B,1524,x
60782,A,1969,x
60783,A,1253,x
60785,C,1209,x
60788,A,1056,x
60796,D,1357,x
60797,A,1067,x
60800,A,1899,x
60802,A,1813,x
60804,C,1683,x
60805,D,1178,x
60806,D,1762,x
60808,A,1109,x
60810,C,1988,x
60814,A,1335,x
60815,C,1378,x
60816,B,1006,x
60820,A,1882,x
60823,A,1960,x
60824,D,1451,x
60825,A,1808,x
60826,B,1391,x
60827,D,1726,x
60828,D,1486,x
60833,A,1865,x
60835,D,1157,x
60836,A,1668,x
60839,A,1057,x
60840,C,1713,x
60842,B,1745,x
60843,B,1894,x
60844,B,1145,x
60845,D,1615,x
60850,C,1711,x
60853,C,1457,x
60854,D,1445,x
60855,B,1943,x
60856,D,1933,x
60858,A,1989,x
60860,A,1391,x
60861,C,1054,x
60869,D,1913,x
60870,C,1771,x
60874,C,1083,x
60884,B,1159,x
60888,C,1908,x
60889,D,1599,x
60890,C,1782,x
60894,B,1925,x
60897,A,1196,x
60898,D,1698,x
60903,D,1619,x
60906,B,1749,x
60907,A,1112,x
60908,A,1010,x
60910,A,1522,x
60915,C,1474,x
60916,D,1773,x
60917,C,1854,x
60918,A,1444,x
60919,B,1975,x
60920,B,1063,x
60921,A,1415,x
60923,B,1023,x
60924,C,1799,x
60925,C,1035,x
60930,B,1941,x
60932,A,1255,x
60936,D,1092,x
60940,A,1686,x
60941,D,1658,x
60942,D,1636,x
60943,B,1365,x
60944,B,1724,x
60947,B,1724,x
60952,A,1592,x
60953,A,1163,x
60954,B,1256,x
60956,A,1945,x
60957,A,1983,x
60960,D,1308,x
60961,A,1587,x
60964,A,1124,x
60965,C,1779,x
60968,D,1017,x
60971,A,1036,x
60973,A,1812,x
60974,C,1869,x
60975,B,1232,x
60979,C,1331,x
60981,B,1566,x
60985,B,1795,x
60988,D,1845,x
60989,A,1879,x
60992,B,1949,x
60993,A,1383,x
60996,B,1106,x
60999,D,1366,x
61000,C,1025,x
61001,C,1036,x
61002,B,1172,x
61006,B,1543,x
61008,A,1758,x
61009,A,1686,x
61011,B,1764,x
61012,B,1037,x
61013,D,1273,x
61014,B,1998,x
61017,D,1072,x
61019,C,1659,x
61021,B,1552,x
61022,B,1841,x
61023,C,1812,x
61025,D,1600,x
61026,B,1258,x
61028,A,1191,x
61030,C,1307,x
61031,B,1464,x
61032,A,1322,x
61036,D,1413,x
61037,C,1852,x
61039,B,1927,x
61040,C,1049,x
61041,C,1521,x
61047,D,1422,x
61048,C,1668,x
61049,A,1447,x
61050,D,1613,x
61052,C,1845,x
61053,A,1949,x
61055,B,1302,x
61056,C,1234,x
61062,A,1824,x
61063,A,1368,x
61064,D,1414,x
61065,D,1314,x
61068,C,1308,x
61069,B,1534,x
61070,C,1124,x
61071,A,1276,x
61075,B,1499,x
61076,C,1428,x
61079,A,1633,x
61081,D,1166,x
61083,C,1142,x
61085,D,1496,x
61089,B,1730,x
61095,A,1558,x
61098,A,1546,x
61100,B,1708,x
61104,A,1466,x
61107,D,1838,x
61108,A,1023,x
61110,A,1557,x
61111,B,1170,x
61112,A,1612,x
61113,C,1711,x
61114,A,1190,x
61115,C,1108,x
61119,A,1427,x
61121,D,1616,x
61122,D,1305,x
61125,D,1041,x
61126,A,1030,x
61127,D,1848,x
61130,C,1478,x
61133,C,1898,x
61136,A,1859,x
61137,B,1376,x
61138,D,1225,x
61140,C,1210,x
61143,A,1834,x
61149,A,1585,x
61151,C,1535,x
61152,D,1960,x
61154,A,1953,x
61155,A,1006,x
61156,B,1286,x
61157,A,1999,x
61160,C,1025,x
61163,B,1649,x
61164,B,1251,x
61167,D,1301,x
61168,A,1496,x
61169,A,1545,x
61170,D,1308,x
61172,D,1981,x
61175,A,1520,x
61179,C,1763,x
61185,A,1255,x
61186,D,1524,x
61187,B,1771,x
61188,C,1604,x
61189,A,1924,x
61196,B,1373,x
61201,D,1047,x
61202,A,1651,x
61206,A,1407,x
61207,C,1303,x
61208,C,1574,x
61209,D,1864,x
61210,A,1635,x
61211,C,1621,x
61213,D,1528,x
61216,C,1753,x
61217,B,1673,x
61218,D,1520,x
61219,D,1601,x
61220,A,1855,x
61221,A,1154,x
61222,A,1150,x
61232,A,1075,x
61234,B,1602,x
61235,A,1076,x
61236,D,1648,x
61237,D,1419,x
61239,C,1308,x
61240,D,1150,x
61241,C,1026,x
61243,C,1255,x
61244,C,1942,x
61250,A,1549,x
61251,D,1712,x
61252,B,1988,x
61253,D,1106,x
61254,B,1276,x
61255,A,1144,x
61256,D,1663,x
61259,B,1609,x
61260,A,1858,x
61263,C,1928,x
61266,D,1378,x
61268,A,1614,x
61272,D,1383,x
61273,A,1659,x
61275,B,1324,x
61277,B,1696,x
61281,C,1198,x
61282,D,1452,x
61283,C,1863,x
61284,C,1315,x
61289,A,1748,x
61290,B,1867,x
61291,B,1857,x
61295,A,1380,x
61298,D,1280,x
61300,B,1385,x
61302,B,1831,x
61308,A,1048,x
61309,B,1581,x
61313,A,1175,x
61315,D,1133,x
61316,D,1309,x
61318,D,1747,x
61319,B,1547,x
61321,B,1986,x
61323,A,1723,x
61324,C,1418,x
61325,D,1663,x
61326,C,1896,x
61330,C,1033,x
61331,B,1679,x
61335,D,1804,x
61337,A,1570,x
61338,A,1759,x
61347,D,1628,x
61351,C,1286,x
61353,B,1655,x
61354,D,1658,x
61355,C,1968,x
61356,B,1795,x
61359,C,1092,x
61361,B,1653,x
61363,C,1288,x
61365,A,1691,x
61367,B,1876,x
61369,D,1004,x
61370,D,1680,x
61373,B,1459,x
61375,B,1372,x
61379,C,1731,x
61380,D,1786,x
61383,B,1195,x
61387,C,1392,x
61388,B,1374,x
61390,C,1954,x
61391,C,1714,x
61392,A,1106,x
61393,C,1119,x
61394,B,1708,x
61398,B,1538,x
61400,D,1122,x
61403,B,1795,x
61410,D,1248,x
61411,C,1823,x
61412,C,1238,x
61413,C,1197,x
61414,D,1644,x
61416,C,1437,x
61418,D,1840,x
61419,B,1332,x
61420,A,1872,x
61421,A,1285,x
61425,D,1960,x
61427,C,1052,x
61429,B,1104,x
61432,D,1236,x
61438,B,1854,x
61440,D,1247,x
61441,A,1865,x
61443,A,1782,x
61444,D,1028,x
61447,D,1278,x
61450,A,1210,x
61451,A,1571,x
61458,D,1625,x
61460,C,1533,x
61461,D,1063,x
61464,C,1626,x
61466,C,1819,x
61471,C,1711,x
61473,A,1914,x
61474,D,1479,x
61475,B,1022,x
61477,D,1351,x
61479,D,1167,x
61481,D,1328,x
61482,D,1388,x
61484,D,1790,x
61485,C,1601,x
61487,A,1132,x
61493,D,1797,x
61494,C,1344,x
61496,A,1527,x
61497,D,1419,x
61498,A,1732,x
61499,B,1606,x
61501,B,1619,x
61503,C,1609,x
61505,C,1251,x
61506,B,1195,x
61509,D,1150,x
61510,B,1717,x
61512,D,1642,x
61513,C,1529,x
61514,B,1043,x
61515,B,1542,x
61516,A,1564,x
61517,B,1769,x
61518,D,1022,x
61520,D,1759,x
61521,C,1227,x
61522,C,1058,x
61524,D,1099,x
61525,A,1192,x
61526,B,1713,x
61527,D,1926,x
61529,C,1600,x
61531,A,1450,x
61532,D,1999,x
61533,B,1233,x
61535,D,1716,x
61538,D,1990,x
61540,B,1188,x
61541,C,1810,x
61544,C,1691,x
61551,B,1610,x
61554,A,1547,x
61555,C,1561,x
61556,D,1510,x
61557,D,1595,x
61558,D,1307,x
61560,D,1357,x
61563,D,1946,x
61564,D,1510,x
61566,C,1089,x
61569,D,1905,x
61570,A,1967,x
61571,A,1476,x
61572,C,1874,x
61574,A,1832,x
61575,C,1796,x
61576,C,1781,x
61577,D,1140,x
61578,D,1019,x
61579,A,1482,x
61580,A,1144,x
61582,C,1234,x
61584,A,1153,x
61585,C,1614,x
61586,C,1628,x
61587,D,1842,x
61588,D,1069,x
61590,B,1293,x
61591,C,1379,x
61592,C,1144,x
61593,B,1861,x
61600,B,1852,x
61601,A,1505,x
61602,B,1526,x
61603,D,1370,x
61604,B,1818,x
61608,D,1801,x
61612,B,1364,x
61613,A,1812,x
61615,B,1565,x
61617,C,1187,x
61618,C,1245,x
61619,C,1416,x
61620,C,1542,x
61626,C,1693,x
61627,B,1160,x
61628,A,1887,x
61630,B,1188,x
61632,C,1789,x
61637,A,1316,x
61639,A,1379,x
61640,B,1870,x
61644,C,1125,x
61647,B,1795,x
61649,D,1138,x
61651,D,1273,x
61656,B,1592,x
61657,A,1593,x
61659,D,1804,x
61660,C,1436,x
61662,D,1192,x
61663,D,1871,x
61664,A,1280,x
61665,A,1168,x
61666,A,1144,x
61667,A,1530,x
61668,C,1863,x
61670,A,1402,x
61674,D,1263,x
61675,A,1360,x
61677,B,1091,x
61678,B,1987,x
61679,D,1030,x
61681,C,1618,x
61683,B,1440,x
61684,C,1988,x
61687,D,1211,x
61688,B,1439,x
61690,B,1654,x
61692,B,1115,x
61696,C,1200,x
61697,D,1091,x
61698,D,1055,x
61699,D,1976,x
61700,D,1945,x
61705,D,1039,x
61706,B,1393,x
61707,B,1951,x
61709,B,1674,x
61711,B,1361,x
61712,C,1075,x
61717,C,1794,x
61718,D,1842,x
61722,C,1087,x
61723,A,1162,x
61727,B,1030,x
61728,C,1634,x
61731,B,1526,x
61732,B,1656,x
61733,B,1675,x
61735,A,1451,x
61739,B,1181,x
61740,D,1025,x
61741,D,1130,x
61744,C,1749,x
61746,B,1465,x
61748,B,1240,x
61749,A,1981,x
61750,C,1357,x
61754,C,1802,x
61755,A,1627,x
61756,B,1998,x
61757,D,1084,x
61758,B,1793,x
61760,D,1693,x
61761,C,1495,x
61763,D,1102,x
61765,D,1923,x
61766,D,1913,x
61771,B,1918,x
61775,C,1185,x
61777,D,1345,x
61779,D,1264,x
61781,A,1644,x
61782,A,1094,x
61785,C,1533,x
61786,A,1291,x
61787,A,1640,x
61789,B,1343,x
61790,D,1886,x
61794,C,1291,x
61798,C,1523,x
61800,B,1151,x
61802,C,1683,x
61803,D,1083,x
61806,C,1222,x
61808,D,1184,x
61813,B,1151,x
61816,A,1646,x
61817,C,1507,x
61818,B,1048,x
61819,B,1314,x
61820,D,1512,x
61822,D,1824,x
61825,B,1178,x
61828,D,1977,x
61830,C,1078,x
61831,C,1240,x
61832,A,1536,x
61836,A,1716,x
61838,C,1585,x
61839,A,1789,x
61840,C,1166,x
61843,B,1868,x
61844,B,1016,x
61845,C,1232,x
61846,D,1211,x
61852,B,1681,x
61853,D,1607,x
61855,C,1001,x
61856,C,1504,x
61859,C,1525,x
61861,C,1683,x
61863,A,1178,x
61864,A,1010,x
61867,A,1569,x
61868,D,1855,x
61870,D,1351,x
61871,D,1421,x
61872,B,1215,x
61873,C,1537,x
61874,C,1529,x
61877,C,1779,x
61878,B,1814,x
61883,A,1691,x
61884,D,1772,x
61885,D,1872,x
61886,A,1862,x
61888,D,1310,x
61890,B,1527,x
61891,A,1121,x
61892,C,1503,x
61893,D,1890,x
61894,C,1880,x
61897,A,1001,x
61898,B,1892,x
61899,D,1800,x
61903,A,1255,x
61904,B,1091,x
61907,C,1442,x
61908,C,1321,x
61910,C,1814,x
61912,A,1047,x
61913,D,1520,x
61914,C,1784,x
61915,D,1596,x
61916,D,1546,x
61917,B,1010,x
61918,C,1949,x
61922,B,1418,x
61923,A,1068,x
61927,D,1546,x
61928,D,1262,x
61929,A,1483,x
61930,A,1469,x
61931,D,1351,x
61932,B,1454,x
61937,C,1818,x
61939,C,1248,x
61940,A,1974,x
61941,A,1633,x
61943,C,1879,x
61945,C,1862,x
61948,D,1045,x
61953,B,1343,x
61954,A,1009,x
61955,B,1964,x
61957,B,1059,x
61958,B,1464,x
61959,C,1950,x
61961,C,1723,x
61963,C,1988,x
61965,A,1675,x
61966,A,1160,x
61967,D,1583,x
61969,B,1988,x
61971,C,1311,x
61972,A,1009,x
61973,D,1871,x
61974,C,1575,x
61977,A,1846,x
61978,D,1932,x
61979,B,1452,x
61980,A,1293,x
61982,B,1869,x
61989,C,1696,x
61990,C,1385,x
61991,A,1775,x
61992,D,1904,x
61995,C,1148,x
61996,B,1759,x
62001,B,1753,x
62003,B,1652,x
62005,D,1365,x
62007,C,1045,x
62009,C,1335,x
62010,B,1246,x
62016,C,1756,x
62017,B,1562,x
62018,B,1132,x
62019,B,1583,x
62022,D,1256,x
62026,A,1940,x
62029,A,1577,x
62030,A,1940,x
62032,C,1090,x
62034,A,1943,x
62039,C,1707,x
62040,B,1857,x
62041,C,1298,x
62042,C,1212,x
62043,A,1433,x
62044,D,1316,x
62046,A,1404,x
62048,D,1936,x
62049,A,1921,x
62050,D,1491,x
62053,D,1542,x
62054,C,1571,x
62055,C,1340,x
62057,B,1477,x
62059,D,1414,x
62060,B,1186,x
62062,B,1564,x
62063,C,1332,x
62064,D,1727,x
62065,B,1451,x
62067,B,1300,x
62068,B,1574,x
62069,B,1913,x
62071,C,1229,x
62075,D,1179,x
62076,A,1470,x
62078,B,1848,x
62079,B,1944,x
62082,D,1356,x
62083,D,1242,x
62085,B,1152,x
62086,D,1422,x
62088,D,1079,x
62089,A,1652,x
62091,A,1992,x
62092,A,1981,x
62094,B,1921,x
62096,B,1925,x
62097,A,1112,x
62098,B,1816,x
62101,C,1451,x
62102,C,1294,x
62106,D,1052,x
62107,B,1263,x
62111,C,1008,x
62115,C,1327,x
62116,D,1846,x
62117,A,1852,x
62119,B,1634,x
62120,A,1502,x
62121,D,1919,x
62122,A,1093,x
62124,B,1835,x
62127,B,1435,x
62129,C,1326,x
62130,C,1758,x
62132,D,1798,x
62134,C,1443,x
62138,D,1415,x
62140,D,1037,x
62143,B,1063,x
62146,D,1145,x
62147,C,1427,x
62149,A,1598,x
62150,B,1253,x
62151,A,1732,x
62152,D,1633,x
62155,B,1293,x
62158,C,1191,x
62160,C,1066,x
62164,C,1076,x
62165,D,1247,x
62168,A,1538,x
62169,B,1718,x
62170,D,1622,x
62172,C,1161,x
62175,D,1041,x
62176,A,1450,x
62178,D,1260,x
62180,A,1324,x
62181,D,1608,x
62182,D,1202,x
62183,B,1816,x
62185,B,1521,x
62186,D,1519,x
62188,D,1765,x
62193,C,1749,x
62194,A,1707,x
62196,D,1699,x
62198,D,1791,x
62199,D,1584,x
62201,A,1281,x
62203,A,1522,x
62204,B,1033,x
62205,B,1642,x
62207,A,1543,x
62208,B,1603,x
62213,A,1480,x
62217,B,1441,x
62218,D,1995,x
62219,B,1093,x
62220,D,1375,x
62221,B,1752,x
62224,A,1751,x
62225,D,1425,x
62226,D,1205,x
62228,D,1220,x
62229,C,1558,x
62230,D,1507,x
62231,C,1835,x
62233,D,1669,x
62234,C,1518,x
62235,D,1217,x
62236,C,1361,x
62237,C,1392,x
62238,A,1663,x
62239,D,1933,x
62243,D,1646,x
62246,B,1683,x
62247,A,1869,x
62249,C,1552,x
62250,B,1397,x
62255,C,1266,x
62256,C,1315,x
62257,C,1721,x
62258,A,1316,x
62259,A,1487,x
62262,B,1860,x
62264,A,1438,x
62265,D,1414,x
62273,B,1282,x
62274,B,1112,x
62276,A,1484,x
62277,D,1391,x
62280,A,1371,x
62281,A,1369,x
62282,A,1107,x
62283,A,1075,x
62286,C,1674,x
62287,A,1935,x
62289,C,1060,x
62290,A,1222,x
62293,C,1033,x
62294,D,1425,x
62295,D,1659,x
62296,B,1052,x
62299,C,1093,x
62300,D,1504,x
62304,B,1163,x
62305,C,1692,x
62306,A,1826,x
62307,B,1548,x
62308,A,1650,x
62311,A,1990,x
62312,D,1913,x
62313,A,1466,x
62315,C,1258,x
62317,B,1919,x
62318,B,1769,x
62322,C,1477,x
62324,A,1013,x
62328,D,1905,x
62331,B,1613,x
62335,C,1084,x
62336,C,1108,x
62337,B,1796,x
62338,B,1951,x
62340,A,1577,x
62345,A,1793,x
62346,A,1162,x
62347,A,1485,x
62349,A,1103,x
62350,A,1815,x
62351,C,1565,x
62353,A,1894,x
62356,A,1623,x
62358,B,1736,x
62361,A,1227,x
62362,D,1547,x
62366,C,1347,x
62368,C,1574,x
62369,A,1441,x
62370,C,1773,x
62371,D,1640,x
62375,B,1326,x
62382,C,1889,x
62385,C,1597,x
62386,B,1336,x
62389,B,1675,x
62391,D,1391,x
62392,C,1990,x
62395,D,1685,x
62396,A,1062,x
62397,C,1922,x
62398,B,1218,x
62400,C,1779,x
62401,B,1762,x
62404,A,1642,x
62405,C,1724,x
62406,B,1866,x
62408,B,1590,x
62409,A,1048,x
62411,A,1469,x
62412,A,1132,x
62413,A,1340,x
62415,C,1643,x
62417,D,1194,x
62419,A,1859,x
62420,C,1899,x
62422,B,1659,x
62425,D,1100,x
62427,C,1230,x
62429,A,1213,x
62430,D,1937,x
62431,C,1037,x
62442,C,1704,x
62443,D,1877,x
62445,D,1026,x
62449,B,1233,x
62451,A,1915,x
62455,D,1227,x
62456,A,1825,x
62464,B,1449,x
62465,A,1620,x
62467,B,1381,x
62468,B,1556,x
62469,A,1132,x
62470,D,1417,x
62472,D,1027,x
62473,B,1106,x
62474,A,1093,x
62475,C,1082,x
62480,C,1557,x
62481,D,1628,x
62483,C,1146,x
62485,D,1866,x
62486,D,1443,x
62487,D,1812,x
62492,D,1297,x
62495,B,1007,x
62496,A,1339,x
62497,C,1224,x
62500,B,1782,x
62503,B,1506,x
62504,A,1519,x
62507,C,1990,x
62508,C,1517,x
62512,C,1683,x
62513,D,1389,x
62516,A,1818,x
62517,A,1900,x
62520,A,1049,x
62521,A,1260,x
62522,C,1688,x
62526,C,1182,x
62529,C,1988,x
62530,A,1114,x
62531,B,1196,x
62532,D,1939,x
62533,B,1367,x
62538,A,1381,x
62541,D,1071,x
62544,A,1886,x
62546,D,1079,x
62547,C,1112,x
62548,A,1498,x
62549,C,1151,x
62553,A,1837,x
62557,A,1625,x
62558,B,1781,x
62559,A,1527,x
62560,D,1042,x
62563,C,1319,x
62565,C,1840,x
62566,C,1698,x
62567,A,1594,x
62569,C,1306,x
62572,B,1952,x
62574,D,1311,x
62575,D,1805,x
62576,C,1752,x
62579,A,1229,x
62580,C,1498,x
62581,A,1169,x
62582,B,1952,x
62583,A,1825,x
62584,A,1752,x
62585,C,1626,x
62586,B,1411,x
62588,C,1867,x
62589,C,1930,x
62590,B,1829,x
62591,B,1752,x
62592,D,1439,x
62593,C,1619,x
62594,A,1226,x
62595,B,1649,x
62596,B,1637,x
62597,D,1676,x
62598,A,1211,x
62599,B,1023,x
62601,D,1883,x
62604,A,1028,x
62609,C,1261,x
62613,C,1537,x
62616,D,1392,x
62617,C,1663,x
62618,B,1011,x
62620,B,1666,x
62623,A,1456,x
62624,A,1101,x
62625,D,1820,x
62627,B,1355,x
62628,C,1244,x
62630,C,1718,x
62631,A,1391,x
62632,A,1722,x
62634,B,1057,x
62639,D,1071,x
62640,A,1572,x
62642,A,1005,x
62645,B,1411,x
62646,C,1505,x
62647,D,1366,x
62648,C,1483,x
62653,A,1643,x
62654,A,1275,x
62655,D,1917,x
62659,A,1326,x
62664,C,1158,x
62666,D,1109,x
62667,C,1901,x
62669,B,1657,x
62671,D,1151,x
62672,B,1704,x
62675,D,1859,x
62676,D,1392,x
62682,A,1065,x
62683,A,1898,x
62686,A,1084,x
62690,C,1516,x
62693,C,1774,x
62697,A,1408,x
62698,A,1497,x
62700,D,1338,x
62701,B,1786,x
62702,A,1776,x
62705,A,1850,x
62709,A,1939,x
62710,D,1466,x
62712,D,1212,x
62714,A,1688,x
62717,B,1126,x
62719,D,1045,x
62723,C,1001,x
62725,B,1849,x
62726,A,1218,x
62727,A,1254,x
62728,C,1012,x
62729,B,1080,x
62732,C,1033,x
62734,D,1981,x
62738,C,1171,x
62743,B,1325,x
62746,B,1443,x
62748,A,1953,x
62749,A,1141,x
62750,A,1817,x
62753,C,1622,x
62759,C,1833,x
62760,D,1965,x
62762,C,1468,x
62763,D,1265,x
62764,A,1686,x
62766,D,1135,x
62767,C,1763,x
62769,C,1896,x
62771,A,1055,x
62772,D,1222,x
62773,B,1111,x
62774,A,1320,x
62776,D,1961,x
62777,B,1230,x
62781,B,1132,x
62782,B,1659,x
62785,A,1866,x
62790,B,1839,x
62791,A,1861,x
62792,B,1745,x
62793,D,1757,x
62796,B,1122,x
62797,D,1024,x
62798,A,1155,x
62799,D,1100,x
62800,C,1870,x
62802,D,1573,x
62803,A,1210,x
62806,A,1407,x
62809,C,1334,x
62811,D,1106,x
62812,A,1620,x
62813,D,1667,x
62814,C,1436,x
62815,C,1703,x
62816,B,1082,x
62817,D,1597,x
62822,D,1055,x
62824,A,1633,x
62826,D,1646,x
62829,B,1633,x
62831,D,1871,x
62832,D,1200,x
62834,B,1626,x
62837,B,1022,x
62840,A,1160,x
62841,A,1044,x
62842,B,1098,x
62844,C,1536,x
62847,A,1317,x
62853,C,1016,x
62854,D,1554,x
62855,B,1696,x
62856,A,1655,x
62859,D,1126,x
62861,B,1100,x
62863,A,1906,x
62864,B,1688,x
62865,C,1165,x
62869,A,1069,x
62870,B,1185,x
62871,A,1028,x
62874,B,1054,x
62876,C,1380,x
62877,D,1592,x
62878,B,1892,x
62880,B,1974,x
62882,A,1045,x
62883,B,1916,x
62885,A,1356,x
62886,B,1689,x
62887,D,1822,x
62889,A,1404,x
62892,D,1493,x
62893,C,1125,x
62898,C,1796,x
62899,C,1214,x
62901,A,1793,x
62904,C,1168,x
62906,C,1837,x
62908,D,1225,x
62909,B,1132,x
62910,A,1720,x
62912,A,1650,x
62915,B,1966,x
62917,C,1242,x
62920,D,1658,x
62921,C,1307,x
62922,A,1468,x
62923,D,1200,x
62925,A,1053,x
62926,D,1383,x
62927,B,1925,x
62929,A,1510,x
62931,B,1800,x
62932,A,1346,x
62933,B,1200,x
62935,A,1216,x
62936,B,1905,x
62937,B,1207,x
62938,D,1204,x
62939,A,1920,x
62940,D,1603,x
62942,A,1456,x
62946,C,1845,x
62947,D,1948,x
62949,D,1855,x
62950,B,1747,x
62951,A,1824,x
62955,A,1117,x
62956,A,1879,x
62958,C,1997,x
62960,C,1514,x
62961,D,1132,x
62964,B,1994,x
62966,B,1890,x
62972,D,1560,x
62974,D,1152,x
62977,A,1275,x
62982,A,1681,x
62984,A,1496,x
62987,B,1315,x
62988,B,1228,x
62990,A,1901,x
62991,A,1771,x
62993,C,1462,x
62996,B,1648,x
62997,A,1167,x
62998,D,1864,x
62999,D,1403,x
63000,C,1103,x
63005,D,1077,x
63008,B,1917,x
63009,C,1744,x
63010,C,1552,x
63012,A,1293,x
63016,D,1054,x
63021,A,1623,x
63022,A,1020,x
63023,B,1972,x
63024,C,1917,x
63025,D,1710,x
63027,B,1764,x
63028,A,1713,x
63031,D,1645,x
63034,D,1055,x
63035,A,1256,x
63039,B,1298,x
63040,A,1257,x
63041,C,1607,x
63044,D,1427,x
63048,D,1754,x
63049,A,1971,x
63050,A,1766,x
63052,B,1665,x
63057,D,1011,x
63058,B,1442,x
63059,A,1765,x
63061,A,1025,x
63062,C,1324,x
63063,D,1495,x
63064,B,1365,x
63069,A,1605,x
63071,B,1678,x
63072,D,1399,x
63074,C,1787,x
63075,B,1580,x
63085,A,1289,x
63089,A,1749,x
63093,D,1672,x
63100,C,1457,x
63101,C,1126,x
63103,A,1202,x
63105,B,1056,x
63108,C,1784,x
63113,B,1329,x
63114,B,1533,x
63115,A,1772,x
63116,C,1637,x
63117,B,1231,x
63119,D,1805,x
63120,A,1700,x
63123,A,1508,x
63124,C,1357,x
63125,B,1281,x
63126,C,1216,x
63127,B,1241,x
63128,B,1699,x
63129,C,1441,x
63135,D,1935,x
63136,B,1096,x
63138,D,1631,x
63139,A,1089,x
63140,A,1703,x
63142,C,1539,x
63146,B,1203,x
63148,D,1158,x
63149,B,1807,x
63153,B,1358,x
63154,A,1642,x
63156,C,1939,x
63158,B,1200,x
63159,D,1782,x
63160,C,1834,x
63164,D,1799,x
63165,A,1543,x
63168,C,1522,x
63169,D,1383,x
63170,B,1567,x
63171,A,1208,x
63172,D,1923,x
63173,A,1394,x
63177,B,1734,x
63179,C,1159,x
63182,D,1301,x
63184,A,1408,x
63187,D,1431,x
63191,C,1267,x
63192,A,1649,x
63193,B,1063,x
63195,C,1650,x
63196,B,1757,x
63197,C,1993,x
63198,A,1969,x
63200,C,1608,x
63203,C,1262,x
63204,C,1852,x
63205,A,1687,x
63206,C,1673,x
63209,D,1844,x
63210,D,1562,x
63212,B,1367,x
63213,D,1770,x
63215,C,1726,x
63216,C,1993,x
63219,A,1771,x
63222,D,1788,x
63225,D,1893,x
63227,A,1888,x
63228,D,1016,x
63229,A,1293,x
63230,B,1384,x
63231,C,1826,x
63232,D,1817,x
63233,B,1936,x
63234,B,1976,x
63235,B,1019,x
63236,B,1506,x
63238,C,1109,x
63239,C,1483,x
63240,D,1609,x
63241,D,1565,x
63242,A,1602,x
63243,B,1588,x
63244,D,1772,x
63245,A,1641,x
63246,A,1133,x
63248,A,1463,x
63253,D,1920,x
63254,C,1277,x
63257,C,1217,x
63259,D,1191,x
63262,C,1524,x
63263,C,1761,x
63264,C,1844,x
63266,D,1271,x
63269,A,1691,x
63271,A,1051,x
63272,C,1041,x
63275,D,1421,x
63276,C,1610,x
63280,B,1481,x
63281,D,1883,x
63285,C,1311,x
63286,C,1915,x
63287,A,1087,x
63289,A,1025,x
63292,B,1634,x
63293,C,1845,x
63297,D,1089,x
63299,B,1410,x
63302,B,1109,x
63303,D,1026,x
63304,A,1073,x
63307,D,1973,x
63308,C,1400,x
63309,C,1295,x
63310,B,1160,x
63314,D,1972,x
63315,D,1211,x
63316,C,1281,x
63318,A,1472,x
63321,C,1911,x
63322,C,1431,x
63323,D,1078,x
63324,B,1377,x
63327,D,1500,x
63328,C,1348,x
63329,C,1687,x
63330,D,1712,x
63331,D,1637,x
63333,C,1154,x
63335,B,1528,x
63337,D,1756,x
63338,C,1971,x
63340,B,1053,x
63346,C,1984,x
63350,D,1365,x
63351,A,1194,x
63353,B,1880,x
63354,A,1340,x
63357,B,1052,x
63358,C,1374,x
63360,C,1017,x
63362,D,1535,x
63365,B,1084,x
63368,D,1149,x
63371,C,1594,x
63374,A,1260,x
63377,D,1275,x
63381,D,1634,x
63382,B,1441,x
63383,A,1155,x
63384,A,1292,x
63385,A,1133,x
63387,A,1198,x
63388,A,1114,x
63390,B,1401,x
63392,D,1509,x
63393,B,1640,x
63394,D,1229,x
63396,D,1446,x
63398,C,1216,x
63399,B,1866,x
63401,C,1780,x
63402,D,1296,x
63405,C,1125,x
63406,C,1861,x
63408,D,1688,x
63409,C,1731,x
63411,C,1561,x
63412,C,1204,x
63414,C,1815,x
63416,C,1131,x
63418,B,1307,x
63419,A,1430,x
63422,D,1018,x
63427,C,1838,x
63428,C,1477,x
63429,D,1683,x
63430,D,1274,x
63431,C,1730,x
63432,A,1442,x
63434,C,1758,x
63439,D,1789,x
63440,C,1745,x
63441,D,1848,x
63443,A,1318,x
63447,B,1057,x
63448,B,1476,x
63449,C,1867,x
63451,C,1174,x
63453,B,1830,x
63456,B,1210,x
63457,A,1485,x
63458,C,1830,x
63461,D,1798,x
63463,B,1421,x
63464,C,1910,x
63467,D,1757,x
63468,A,1665,x
63469,D,1089,x
63472,A,1183,x
63474,C,1406,x
63477,A,1005,x
63478,B,1316,x
63483,A,1428,x
63486,D,1089,x
63488,C,1769,x
63490,B,1911,x
63496,C,1509,x
63498,D,1369,x
63499,A,1980,x
63500,C,1504,x
63502,B,1155,x
63503,C,1031,x
63505,D,1075,x
63506,C,1919,x
63508,B,1473,x
63509,D,1732,x
63510,D,1498,x
63512,D,1724,x
63515,C,1766,x
63516,D,1043,x
63517,A,1207,x
63521,B,1201,x
63523,B,1470,x
63524,C,1121,x
63528,A,1610,x
63531,D,1650,x
63532,D,1462,x
63533,A,1160,x
63535,A,1250,x
63536,A,1616,x
63539,A,1972,x
63541,B,1731,x
63543,D,1537,x
63545,D,1989,x
63547,D,1596,x
63550,B,1328,x
63551,B,1138,x
63552,B,1908,x
63553,B,1695,x
63554,D,1298,x
63555,D,1741,x
63556,A,1140,x
63557,D,1270,x
63559,D,1534,x
63560,D,1338,x
63561,D,1351,x
63562,D,1157,x
63563,B,1057,x
63564,B,1696,x
63566,A,1298,x
63569,C,1601,x
63570,D,1459,x
63572,C,1745,x
63574,C,1018,x
63577,D,1861,x
63578,B,1833,x
63582,B,1271,x
63583,A,1330,x
63584,B,1846,x
63585,A,1314,x
63586,A,1281,x
63587,B,1473,x
63588,C,1097,x
63590,A,1540,x
63591,B,1328,x
63592,A,1031,x
63593,D,1547,x
63594,C,1556,x
63598,A,1938,x
63601,C,1888,x
63603,D,1043,x
63604,A,1719,x
63605,A,1191,x
63607,C,1139,x
63608,D,1618,x
63610,C,1255,x
63611,B,1936,x
63612,D,1826,x
63616,A,1198,x
63618,D,1025,x
63622,D,1072,x
63625,C,1539,x
63628,D,1342,x
63629,B,1384,x
63630,C,1997,x
63633,C,1906,x
63635,B,1539,x
63637,D,1390,x
63638,B,1215,x
63641,D,1184,x
63643,A,1859,x
63645,C,1996,x
63648,C,1110,x
63651,A,1260,x
63652,B,1913,x
63655,D,1642,x
63657,D,1661,x
63658,B,1923,x
63659,C,1487,x
63660,D,1107,x
63662,A,1093,x
63663,D,1558,x
63667,D,1212,x
63668,A,1777,x
63669,C,1472,x
63671,C,1074,x
63672,A,1497,x
63673,D,1690,x
63674,B,1628,x
63678,D,1003,x
63680,D,1808,x
63681,A,1088,x
63683,C,1335,x
63686,C,1867,x
63688,C,1893,x
63690,A,1204,x
63694,A,1485,x
63698,B,1814,x
63700,C,1866,x
63702,D,1819,x
63705,A,1257,x
63706,B,1502,x
63709,B,1984,x
63710,A,1530,x
63711,B,1965,x
63712,C,1372,x
63713,A,1465,x
63716,A,1311,x
63717,A,1163,x
63722,B,1936,x
63724,C,1563,x
63726,C,1199,x
63728,A,1930,x
63729,D,1258,x
63731,C,1165,x
63733,D,1128,x
63736,A,1922,x
63738,D,1181,x
63740,B,1134,x
63742,D,1973,x
63743,D,1120,x
63744,B,1452,x
63748,D,1431,x
63750,D,1472,x
63754,B,1626,x
63757,A,1844,x
63758,A,1641,x
63760,C,1060,x
63764,B,1899,x
63765,A,1085,x
63768,C,1922,x
63769,C,1566,x
63773,D,1940,x
63774,A,1632,x
63776,C,1313,x
63778,B,1860,x
63781,A,1877,x
63784,B,1643,x
63786,A,1653,x
63787,D,1527,x
63788,C,1354,x
63789,B,1924,x
63790,A,1365,x
63792,B,1554,x
63793,C,1268,x
63797,C,1229,x
63798,B,1779,x
63799,A,1388,x
63800,B,1133,x
63801,C,1918,x
63803,D,1305,x
63804,A,1099,x
63806,D,1148,x
63807,A,1039,x
63808,C,1361,x
63811,B,1054,x
63812,A,1596,x
63814,A,1252,x
63819,B,1219,x
63820,D,1823,x
63821,B,1683,x
63823,D,1032,x
63824,D,1253,x
63825,A,1173,x
63827,D,1523,x
63829,C,1059,x
63835,C,1801,x
63839,D,1759,x
63843,B,1207,x
63844,A,1794,x
63845,C,1135,x
63846,A,1686,x
63848,C,1880,x
63849,C,1271,x
63850,D,1201,x
63851,B,1935,x
63852,A,1638,x
63857,D,1070,x
63858,B,1086,x
63859,C,1824,x
63861,B,1417,x
63863,C,1884,x
63865,D,1384,x
63866,D,1890,x
63871,C,1622,x
63873,C,1029,x
63875,B,1990,x
63876,D,1390,x
63881,D,1415,x
63882,A,1394,x
63883,C,1773,x
63886,D,1399,x
63892,C,1844,x
63895,D,1449,x
63897,C,1967,x
63905,C,1897,x
63908,C,1526,x
63912,D,1762,x
63917,D,1112,x
63921,B,1334,x
63922,B,1722,x
63924,B,1647,x
63926,D,1782,x
63927,C,1578,x
63932,D,1583,x
63933,D,1891,x
63935,C,1425,x
63936,B,1020,x
63937,C,1447,x
63938,D,1180,x
63939,C,1106,x
63940,B,1813,x
63942,B,1184,x
63943,D,1191,x
63949,B,1010,x
63950,A,1952,x
63951,B,1868,x
63955,A,1234,x
63957,C,1810,x
63960,D,1308,x
63961,C,1678,x
63962,B,1045,x
63964,B,1726,x
63967,D,1562,x
63972,A,1105,x
63974,B,1776,x
63975,A,1763,x
63978,B,1512,x
63980,D,1283,x
63982,C,1879,x
63986,D,1674,x
63988,D,1609,x
63989,B,1611,x
63990,A,1234,x
63991,B,1083,x
63994,D,1132,x
63996,A,1003,x
63997,C,1485,x
64002,D,1790,x
64005,A,1671,x
64006,C,1718,x
64008,A,1458,x
64009,D,1185,x
64010,A,1544,x
64011,A,1884,x
64012,C,1377,x
64015,A,1597,x
64017,D,1192,x
64020,B,1305,x
64023,D,1441,x
64026,D,1303,x
64027,A,1055,x
64029,B,1169,x
64032,C,1498,x
64033,B,1583,x
64036,C,1271,x
64037,B,1431,x
64039,C,1439,x
64041,A,1724,x
64042,B,1233,x
64048,C,1533,x
64051,C,1830,x
64053,D,1510,x
64055,C,1029,x
64056,D,1533,x
64057,B,1254,x
64058,C,1511,x
64059,A,1869,x
64060,D,1095,x
64064,B,1108,x
64070,B,1773,x
64076,C,1148,x
64077,D,1541,x
64078,A,1872,x
64079,D,1384,x
64081,A,1994,x
64082,B,1586,x
64083,D,1466,x
64089,D,1711,x
64090,A,1249,x
64091,C,1288,x
64092,D,1439,x
64094,A,1124,x
64095,A,1970,x
64096,C,1881,x
64097,C,1133,x
64098,A,1432,x
64100,B,1263,x
64101,A,1531,x
64102,A,1434,x
64103,B,1896,x
64105,A,1126,x
64106,D,1954,x
64108,C,1353,x
64109,B,1409,x
64110,A,1209,x
64116,B,1217,x
64118,D,1535,x
64120,B,1421,x
64124,D,1472,x
64126,D,1383,x
64130,A,1929,x
64131,A,1044,x
64133,A,1976,x
64135,C,1852,x
64136,D,1358,x
64137,B,1868,x
64138,C,1577,x
64140,C,1040,x
64145,A,1452,x
64146,D,1888,x
64148,A,1504,x
64150,A,1722,x
64153,D,1681,x
64155,C,1786,x
64158,A,1598,x
64159,A,1762,x
64164,B,1752,x
64165,C,1045,x
64166,B,1503,x
64169,A,1287,x
64170,B,1807,x
64171,A,1191,x
64172,C,1506,x
64173,B,1703,x
64176,C,1374,x
64177,B,1313,x
64178,B,1463,x
64180,C,1384,x
64182,A,1142,x
64185,A,1273,x
64197,D,1180,x
64199,C,1110,x
64200,D,1586,x
64203,C,1850,x
64204,B,1510,x
64205,D,1699,x
64208,C,1638,x
64209,B,1772,x
64210,D,1022,x
64214,A,1844,x
64215,B,1495,x
64216,A,1916,x
64218,B,1675,x
64225,D,1236,x
64226,B,1218,x
64227,D,1977,x
64230,A,1375,x
64231,C,1062,x
64233,D,1195,x
64235,B,1945,x
64236,C,1572,x
64238,D,1478,x
64239,A,1429,x
64240,D,1874,x
64242,D,1569,x
64246,D,1288,x
64247,C,1018,x
64248,D,1122,x
64251,B,1568,x
64252,A,1335,x
64253,D,1318,x
64254,D,1324,x
64255,D,1488,x
64256,D,1026,x
64257,A,1114,x
64258,D,1449,x
64261,B,1128,x
64262,B,1516,x
64266,B,1275,x
64272,D,1624,x
64274,C,1476,x
64275,D,1292,x
64277,B,1452,x
64280,B,1569,x
64281,C,1997,x
64283,D,1463,x
64286,D,1729,x
64287,D,1181,x
64288,C,1081,x
64289,D,1921,x
64290,D,1672,x
64292,A,1516,x
64293,A,1129,x
64297,C,1774,x
64299,B,1303,x
64301,B,1885,x
64302,B,1850,x
64305,C,1108,x
64306,B,1712,x
64307,A,1945,x
64308,C,1656,x
64311,B,1815,x
64315,C,1377,x
64316,B,1064,x
64317,A,1225,x
64319,D,1214,x
64320,B,1332,x
64321,A,1476,x
64323,A,1454,x
64324,C,1260,x
64326,B,1379,x
64327,B,1398,x
64328,B,1451,x
64329,C,1799,x
64332,A,1773,x
64333,D,1486,x
64334,A,1203,x
64336,A,1974,x
64344,C,1241,x
64345,C,1627,x
64348,C,1565,x
64353,B,1789,x
64354,C,1608,x
64355,A,1749,x
64357,C,1282,x
64358,B,1804,x
64362,C,1494,x
64366,C,1311,x
64367,A,1546,x
64369,B,1011,x
64371,B,1222,x
64375,D,1319,x
64376,D,1808,x
64377,A,1415,x
64379,C,1560,x
64380,D,1444,x
64381,A,1621,x
64382,D,1110,x
64385,D,1507,x
64390,A,1347,x
64391,C,1662,x
64392,B,1078,x
64393,C,1449,x
64396,C,1403,x
64398,A,1102,x
64399,C,1518,x
64400,A,1550,x
64405,C,1171,x
64407,A,1039,x
64409,D,1516,x
64410,D,1633,x
64412,D,1700,x
64414,C,1623,x
64417,B,1653,x
64418,A,1222,x
64419,B,1003,x
64421,D,1980,x
64422,B,1034,x
64423,D,1103,x
64425,C,1093,x
64428,B,1381,x
64431,D,1508,x
64432,B,1073,x
64433,C,1093,x
64434,B,1686,x
64435,D,1638,x
64436,A,1912,x
64438,A,1057,x
64439,B,1860,x
64440,B,1915,x
64442,A,1073,x
64443,C,1547,x
64445,A,1398,x
64446,A,1988,x
64448,B,1303,x
64449,C,1828,x
64451,B,1974,x
64453,C,1181,x
64454,C,1785,x
64455,D,1930,x
64456,A,1695,x
64462,A,1330,x
64467,D,1494,x
64469,C,1448,x
64470,D,1348,x
64473,A,1107,x
64474,A,1426,x
64475,D,1460,x
64476,A,1608,x
64479,C,1849,x
64481,A,1725,x
64482,A,1515,x
64483,C,1281,x
64484,A,1023,x
64487,C,1400,x
64488,D,1497,x
64491,D,1753,x
64492,C,1555,x
64493,B,1438,x
64494,B,1307,x
64495,A,1084,x
64497,D,1638,x
64499,B,1292,x
64502,A,1649,x
64503,A,1842,x
64509,B,1072,x
64510,C,1055,x
64512,D,1284,x
64513,A,1675,x
64514,C,1687,x
64515,A,1848,x
64517,C,1224,x
64518,B,1889,x
64519,B,1715,x
64520,C,1420,x
64522,B,1618,x
64524,B,1626,x
64534,C,1641,x
64535,C,1024,x
64544,C,1374,x
64546,A,1036,x
64551,C,1779,x
64553,D,1265,x
64554,D,1841,x
64555,D,1824,x
64556,D,1425,x
64558,B,1159,x
64559,D,1308,x
64561,C,1331,x
64562,D,1037,x
64563,A,1706,x
64565,A,1206,x
64566,D,1237,x
64567,A,1621,x
64569,B,1697,x
64574,A,1677,x
64576,D,1766,x
64578,B,1238,x
64584,A,1759,x
64587,A,1111,x
64588,A,1155,x
64590,B,1578,x
64591,C,1179,x
64593,D,1832,x
64598,A,1415,x
64600,B,1071,x
64602,B,1278,x
64603,D,1838,x
64608,B,1776,x
64609,D,1448,x
64613,A,1127,x
64614,C,1983,x
64617,B,1673,x
64621,D,1361,x
64624,C,1481,x
64625,A,1046,x
64627,B,1799,x
64629,D,1658,x
64631,A,1672,x
64632,B,1218,x
64634,D,1923,x
64635,D,1116,x
64638,C,1148,x
64640,A,1727,x
64644,A,1706,x
64645,D,1989,x
64650,B,1416,x
64651,C,1163,x
64652,D,1224,x
64653,B,1684,x
64655,D,1473,x
64657,A,1994,x
64659,B,1127,x
64660,D,1779,x
64663,D,1771,x
64664,C,1806,x
64666,C,1095,x
64667,C,1602,x
64669,A,1219,x
64672,A,1726,x
64673,A,1244,x
64674,A,1832,x
64676,C,1968,x
64679,D,1944,x
64680,B,1665,x
64681,D,1997,x
64682,B,1378,x
64683,C,1126,x
64687,B,1513,x
64688,B,1656,x
64689,D,1492,x
64691,A,1334,x
64693,C,1669,x
64694,B,1593,x
64699,A,1449,x
64703,C,1045,x
64704,B,1567,x
64705,D,1645,x
64706,C,1457,x
64707,B,1943,x
64708,A,1056,x
64709,B,1216,x
64710,C,1928,x
64712,A,1644,x
64715,C,1336,x
64716,B,1484,x
64718,A,1285,x
64719,A,1790,x
64720,C,1627,x
64722,A,1214,x
64723,B,1896,x
64725,D,1704,x
64726,D,1161,x
64728,A,1765,x
64729,C,1128,x
64730,C,1930,x
64732,A,1072,x
64734,C,1922,x
64738,D,1564,x
64739,A,1733,x
64741,B,1857,x
64742,C,1061,x
64744,C,1916,x
64745,D,1702,x
64749,D,1223,x
64750,C,1431,x
64752,D,1068,x
64754,C,1451,x
64755,C,1474,x
64756,D,1180,x
64757,A,1313,x
64758,A,1361,x
64764,C,1201,x
64766,D,1389,x
64767,B,1608,x
64768,A,1873,x
64770,D,1621,x
64773,B,1084,x
64774,C,1868,x
64778,C,1527,x
64783,C,1082,x
64786,A,1781,x
64787,A,1919,x
64790,B,1949,x
64791,D,1067,x
64792,C,1869,x
64794,C,1722,x
64796,D,1791,x
64798,C,1191,x
64800,A,1910,x
64801,A,1627,x
64805,D,1678,x
64806,D,1235,x
64807,A,1720,x
64808,C,1959,x
64809,B,1035,x
64813,D,1204,x
64814,B,1635,x
64816,A,1215,x
64818,B,1877,x
64821,C,1004,x
64823,D,1805,x
64824,C,1465,x
64825,D,1885,x
64827,D,1425,x
64829,A,1488,x
64830,B,1420,x
64833,C,1169,x
64834,B,1057,x
64835,B,1681,x
64837,C,1814,x
64838,C,1624,x
64840,B,1551,x
64841,B,1353,x
64845,B,1945,x
64846,C,1738,x
64850,D,1001,x
64851,B,1385,x
64854,B,1516,x
64855,C,1581,x
64856,B,1051,x
64858,C,1298,x
64861,A,1695,x
64863,A,1535,x
64865,B,1618,x
64866,D,1032,x
64867,D,1435,x
64868,D,1649,x
64876,B,1528,x
64878,C,1160,x
64879,C,1566,x
64880,C,1799,x
64881,C,1948,x
64883,C,1624,x
64886,D,1790,x
64888,A,1058,x
64889,A,1783,x
64890,D,1388,x
64891,B,1396,x
64892,A,1159,x
64895,A,1645,x
64896,A,1391,x
64897,D,1117,x
64899,C,1591,x
64901,A,1486,x
64902,C,1523,x
64905,D,1396,x
64906,A,1122,x
64907,A,1179,x
64910,A,1644,x
64911,A,1100,x
64914,B,1916,x
64915,A,1741,x
64916,B,1449,x
64918,A,1098,x
64919,A,1096,x
64920,D,1438,x
64924,C,1570,x
64925,B,1571,x
64926,C,1170,x
64927,C,1164,x
64930,A,1869,x
64931,C,1646,x
64934,B,1382,x
64935,A,1692,x
64938,D,1026,x
64939,D,1537,x
64941,C,1052,x
64942,D,1873,x
64945,B,1165,x
64946,A,1182,x
64947,C,1198,x
64948,A,1668,x
64950,A,1341,x
64951,C,1095,x
64959,A,1275,x
64960,A,1226,x
64961,B,1875,x
64962,C,1914,x
64964,D,1424,x
64965,C,1657,x
64975,A,1044,x
64976,C,1613,x
64977,B,1351,x
64980,C,1522,x
64981,A,1303,x
64982,B,1340,x
64985,A,1163,x
64987,A,1163,x
64989,C,1328,x
64990,D,1536,x
64991,B,1331,x
64994,C,1225,x
64995,D,1170,x
64996,D,1177,x
64998,B,1666,x
64999,A,1748,x
65000,A,1302,x
65001,D,1328,x
65004,A,1755,x
65005,C,1511,x
65007,B,1536,x
65008,B,1186,x
65011,C,1177,x
65013,C,1763,x
65014,D,1618,x
65017,C,1163,x
65019,D,1053,x
65021,B,1524,x
65024,A,1226,x
65025,C,1548,x
65026,A,1417,x
65027,D,1410,x
65028,D,1773,x
65029,D,1496,x
65031,B,1663,x
65034,D,1390,x
65035,B,1233,x
65037,C,1305,x
65038,D,1447,x
65039,A,1029,x
65040,B,1278,x
65042,D,1534,x
65043,B,1674,x
65044,D,1181,x
65047,A,1928,x
65050,A,1338,x
65053,D,1901,x
65064,C,1868,x
65065,B,1030,x
65066,C,1535,x
65067,D,1636,x
65068,A,1355,x
65070,C,1014,x
65074,C,1657,x
65075,A,1012,x
65080,D,1037,x
65081,C,1456,x
65083,A,1705,x
65084,D,1699,x
65085,D,1187,x
65086,D,1182,x
65087,A,1832,x
65092,C,1966,x
65094,C,1556,x
65096,D,1510,x
65098,B,1313,x
65100,D,1801,x
65103,A,1785,x
65104,A,1220,x
65111,D,1919,x
65112,D,1672,x
65117,A,1037,x
65118,A,1677,x
65119,A,1448,x
65122,C,1303,x
65123,C,1323,x
65125,B,1090,x
65133,B,1381,x
65136,A,1070,x
65138,B,1338,x
65139,A,1106,x
65140,C,1998,x
65148,B,1251,x
65150,C,1540,x
65152,B,1568,x
65154,B,1290,x
65155,B,1310,x
65156,B,1319,x
65157,C,1284,x
65158,D,1898,x
65160,D,1103,x
65161,B,1475,x
65162,B,1863,x
65164,D,1131,x
65165,B,1747,x
65167,A,1336,x
65169,B,1892,x
65170,C,1149,x
65173,B,1885,x
65175,C,1110,x
65179,A,1920,x
65180,A,1087,x
65182,B,1657,x
65186,C,1541,x
65188,C,1615,x
65189,A,1510,x
65190,C,1653,x
65191,C,1078,x
65194,D,1858,x
65198,A,1281,x
65202,A,1538,x
65203,C,1577,x
65205,D,1791,x
65207,C,1146,x
65208,D,1970,x
65209,C,1872,x
65211,D,1340,x
65212,B,1705,x
65214,D,1072,x
65218,A,1985,x
65223,B,1484,x
65224,D,1761,x
65227,B,1209,x
65229,C,1355,x
65230,A,1256,x
65231,D,1167,x
65233,A,1989,x
65238,C,1790,x
65243,C,1670,x
65246,D,1328,x
65247,A,1170,x
65248,D,1809,x
65251,D,1637,x
65252,C,1368,x
65255,B,1301,x
65256,C,1409,x
65257,D,1668,x
65258,B,1416,x
65259,A,1712,x
65260,A,1291,x
65261,B,1743,x
65263,A,1433,x
65265,C,1447,x
65267,D,1565,x
65268,C,1893,x
65269,B,1876,x
65273,D,1650,x
65274,D,1468,x
65275,C,1067,x
65278,A,1420,x
65279,A,1242,x
65280,B,1769,x
65282,C,1994,x
65283,C,1716,x
65286,A,1687,x
65292,C,1392,x
65297,A,1870,x
65298,D,1261,x
65300,C,1500,x
65305,B,1826,x
65306,C,1760,x
65308,D,1946,x
65309,A,1749,x
65310,A,1061,x
65311,B,1495,x
65317,C,1571,x
65318,D,1913,x
65327,D,1258,x
65328,D,1340,x
65330,C,1675,x
65331,D,1014,x
65339,B,1960,x
65343,D,1205,x
65345,C,1113,x
65347,A,1431,x
65349,D,1702,x
65350,B,1817,x
65352,C,1232,x
65357,A,1185,x
65358,C,1656,x
65359,A,1048,x
65361,D,1154,x
65362,D,1385,x
65363,B,1153,x
65366,C,1039,x
65367,C,1547,x
65368,A,1528,x
65369,C,1930,x
65370,D,1701,x
65371,A,1541,x
65372,C,1195,x
65373,B,1115,x
65374,B,1367,x
65380,C,1209,x
65381,A,1425,x
65383,C,1816,x
65384,A,1133,x
65385,A,1865,x
65388,A,1357,x
65389,B,1541,x
65390,C,1885,x
65392,D,1520,x
65393,D,1048,x
65395,D,1189,x
65399,C,1285,x
65402,D,1044,x
65403,B,1609,x
65404,D,1330,x
65406,B,1864,x
65408,C,1889,x
65409,A,1618,x
65411,D,1765,x
65415,A,1646,x
65416,C,1146,x
65417,C,1395,x
65418,B,1188,x
65419,A,1486,x
65420,B,1462,x
65421,D,1206,x
65423,B,1252,x
65424,A,1758,x
65425,B,1949,x
65429,C,1718,x
65430,A,1437,x
65432,A,1570,x
65434,A,1458,x
65436,A,1071,x
65441,C,1621,x
65442,C,1360,x
65444,A,1600,x
65445,A,1633,x
65446,C,1582,x
65449,C,1069,x
65450,B,1965,x
65452,B,1517,x
65454,B,1160,x
65455,C,1453,x
65457,B,1523,x
65458,B,1593,x
65460,A,1080,x
65461,C,1244,x
65464,B,1859,x
65467,A,1542,x
65470,B,1621,x
65471,B,1038,x
65472,D,1922,x
65474,C,1524,x
65475,A,1562,x
65476,B,1968,x
65477,C,1103,x
65479,B,1544,x
65481,B,1097,x
65484,C,1489,x
65489,D,1882,x
65493,D,1383,x
65495,D,1926,x
65496,C,1750,x
65497,B,1585,x
65499,C,1954,x
65503,C,1275,x
65505,C,1405,x
65506,B,1993,x
65511,A,1766,x
65513,D,1940,x
65521,C,1081,x
65522,B,1582,x
65528,A,1639,x
65529,A,1374,x
65530,A,1876,x
65532,B,1367,x
65533,B,1151,x
65534,A,1090,x
65535,C,1386,x
65541,B,1582,x
65542,D,1039,x
65544,B,1963,x
65545,B,1027,x
65546,A,1759,x
65547,D,1729,x
65549,D,1402,x
65550,A,1810,x
65553,B,1264,x
65558,B,1223,x
65559,B,1463,x
65563,C,1364,x
65565,B,1435,x
65567,B,1693,x
65570,C,1726,x
65571,D,1623,x
65573,C,1962,x
65576,C,1808,x
65580,A,1366,x
65583,D,1934,x
65585,B,1539,x
65586,C,1390,x
65587,D,1562,x
65588,C,1426,x
65589,C,1495,x
65590,C,1026,x
65592,C,1220,x
65593,B,1391,x
65596,A,1315,x
65597,D,1580,x
65598,B,1183,x
65600,D,1644,x
65603,A,1232,x
65608,D,1686,x
65611,B,1154,x
65613,C,1394,x
65614,D,1337,x
65616,A,1244,x
65617,A,1951,x
65623,B,1890,x
65631,D,1195,x
65633,C,1718,x
65635,C,1974,x
65636,B,1051,x
65637,D,1622,x
65638,B,1595,x
65640,B,1327,x
65641,B,1620,x
65642,A,1859,x
65648,B,1226,x
65649,D,1661,x
65650,B,1410,x
65652,C,1811,x
65653,A,1449,x
65654,C,1066,x
65656,A,1159,x
65658,B,1204,x
65659,D,1582,x
65664,C,1330,x
65665,C,1899,x
65671,B,1959,x
65674,D,1895,x
65675,D,1585,x
65676,B,1126,x
65677,A,1891,x
65678,D,1876,x
65680,D,1710,x
65684,C,1195,x
65685,D,1538,x
65686,A,1481,x
65687,B,1441,x
65689,C,1807,x
65690,D,1807,x
65696,B,1047,x
65702,D,1833,x
65704,D,1686,x
65707,B,1639,x
65708,B,1612,x
65711,D,1119,x
65712,D,1288,x
65713,C,1398,x
65715,B,1163,x
65717,B,1312,x
65718,A,1987,x
65720,A,1844,x
65721,B,1021,x
65722,B,1193,x
65725,B,1770,x
65727,B,1597,x
65728,B,1600,x
65729,D,1846,x
65730,D,1471,x
65732,C,1059,x
65737,B,1688,x
65738,A,1981,x
65740,C,1344,x
65741,C,1717,x
65743,C,1049,x
65744,B,1357,x
65750,A,1572,x
65752,C,1300,x
65753,B,1094,x
65762,D,1590,x
65763,A,1131,x
65767,D,1525,x
65769,C,1456,x
65770,C,1399,x
65774,B,1179,x
65775,D,1337,x
65776,D,1568,x
65777,A,1528,x
65778,C,1428,x
65779,D,1185,x
65780,C,1062,x
65783,A,1862,x
65786,C,1459,x
65787,C,1378,x
65789,D,1424,x
65791,B,1891,x
65793,B,1606,x
65794,B,1982,x
65795,D,1427,x
65798,B,1503,x
65799,D,1306,x
65800,B,1317,x
65801,C,1746,x
65802,C,1810,x
65803,B,1029,x
65805,B,1736,x
65806,C,1428,x
65807,C,1879,x
65809,A,1824,x
65810,D,1747,x
65816,B,1614,x
65818,A,1358,x
65822,A,1248,x
65823,D,1216,x
65825,C,1660,x
65828,C,1922,x
65829,C,1211,x
65831,D,1633,x
65832,C,1822,x
65833,A,1629,x
65837,A,1523,x
65841,B,1026,x
65845,D,1084,x
65849,D,1028,x
65855,C,1216,x
65856,C,1951,x
65859,D,1571,x
65860,D,1794,x
65861,C,1249,x
65862,A,1804,x
65867,B,1416,x
65869,A,1557,x
65871,A,1243,x
65872,D,1813,x
65875,A,1009,x
65876,D,1792,x
65880,D,1392,x
65889,A,1941,x
65890,B,1588,x
65891,A,1703,x
65892,D,1917,x
65893,D,1333,x
65896,B,1988,x
65897,C,1673,x
65898,A,1309,x
65900,D,1497,x
65902,C,1140,x
65903,A,1807,x
65904,D,1451,x
65906,A,1194,x
65908,A,1330,x
65911,C,1294,x
65912,B,1694,x
65918,D,1922,x
65921,A,1064,x
65922,D,1862,x
65927,C,1351,x
65928,C,1461,x
65931,C,1913,x
65941,D,1518,x
65942,A,1059,x
65944,D,1810,x
65945,B,1513,x
65949,B,1496,x
65950,B,1907,x
65951,B,1685,x
65952,C,1323,x
65954,A,1538,x
65955,C,1622,x
65956,A,1388,x
65960,C,1622,x
65961,D,1526,x
65963,D,1315,x
65966,D,1161,x
65967,B,1785,x
65968,A,1841,x
65969,C,1028,x
65970,A,1010,x
65971,B,1717,x
65972,D,1200,x
65978,A,1802,x
65980,A,1246,x
65982,C,1824,x
65983,B,1828,x
65989,C,1250,x
65991,C,1323,x
65992,D,1547,x
65993,A,1052,x
65996,D,1190,x
65998,B,1587,x
65999,D,1094,x
66000,A,1164,x
66002,B,1632,x
66004,D,1373,x
66005,B,1001,x
66007,C,1444,x
66009,C,1680,x
66011,C,1086,x
66012,C,1641,x
66014,B,1882,x
66015,B,1453,x
66016,A,1852,x
66017,C,1017,x
66019,D,1133,x
66021,A,1319,x
66023,D,1507,x
66024,B,1568,x
66027,C,1669,x
66028,B,1970,x
66031,C,1671,x
66033,B,1612,x
66035,D,1863,x
66037,D,1453,x
66038,D,1145,x
66039,D,1130,x
66043,D,1086,x
66044,B,1331,x
66047,C,1150,x
66049,A,1296,x
66050,B,1783,x
66053,A,1010,x
66054,B,1554,x
66056,B,1268,x
66058,B,1613,x
66061,C,1854,x
66062,D,1597,x
66063,D,1663,x
66064,A,1413,x
66069,B,1257,x
66071,A,1490,x
66072,B,1515,x
66077,B,1412,x
66078,C,1791,x
66079,B,1670,x
66081,D,1260,x
66084,C,1205,x
66085,D,1976,x
66086,B,1525,x
66087,D,1871,x
66088,D,1146,x
66097,D,1796,x
66098,B,1987,x
66100,B,1212,x
66103,C,1394,x
66106,C,1300,x
66107,D,1981,x
66111,A,1858,x
66114,A,1945,x
66115,C,1713,x
66116,D,1578,x
66117,A,1295,x
66118,B,1107,x
66120,A,1882,x
66121,B,1051,x
66123,C,1103,x
66125,D,1972,x
66127,B,1675,x
66128,B,1003,x
66129,C,1975,x
66132,C,1450,x
66135,B,1299,x
66138,C,1909,x
66140,A,1335,x
66141,D,1568,x
66143,D,1390,x
66144,B,1891,x
66146,D,1107,x
66152,C,1742,x
66155,A,1168,x
66156,A,1038,x
66157,D,1958,x
66158,D,1231,x
66159,A,1340,x
66160,A,1003,x
66161,B,1863,x
66162,C,1101,x
66163,D,1521,x
66166,B,1801,x
66170,B,1256,x
66172,A,1991,x
66173,B,1940,x
66175,C,1407,x
66179,C,1587,x
66182,D,1990,x
66192,A,1733,x
66193,A,1705,x
66194,D,1200,x
66195,C,1446,x
66196,D,1289,x
66197,D,1069,x
66199,B,1473,x
66200,B,1885,x
66202,A,1269,x
66204,C,1498,x
66207,A,1298,x
66209,A,1217,x
66210,B,1097,x
66213,D,1294,x
66217,B,1364,x
66218,D,1352,x
66219,B,1980,x
66220,C,1547,x
66221,C,1903,x
66224,C,1342,x
66228,C,1845,x
66229,B,1682,x
66231,B,1811,x
66232,A,1729,x
66234,D,1940,x
66237,A,1667,x
66239,A,1035,x
66241,B,1132,x
66242,D,1232,x
66244,B,1486,x
66245,B,1408,x
66249,C,1008,x
66250,D,1631,x
66253,C,1650,x
66255,D,1100,x
66256,D,1750,x
66257,A,1286,x
66260,D,1988,x
66261,B,1911,x
66263,B,1621,x
66264,D,1377,x
66265,A,1155,x
66269,C,1691,x
66271,C,1135,x
66272,D,1316,x
66274,B,1092,x
66275,C,1439,x
66281,A,1499,x
66282,D,1866,x
66283,B,1673,x
66284,B,1667,x
66285,B,1450,x
66287,C,1380,x
66288,D,1686,x
66289,A,1978,x
66293,B,1686,x
66295,D,1913,x
66296,B,1116,x
66297,B,1789,x
66298,A,1079,x
66299,A,1029,x
66303,B,1329,x
66307,B,1263,x
66309,B,1086,x
66310,D,1856,x
66311,A,1633,x
66313,C,1557,x
66314,B,1621,x
66315,B,1043,x
66318,B,1554,x
66319,B,1271,x
66322,C,1614,x
66328,D,1394,x
66330,C,1721,x
66333,D,1242,x
66337,A,1611,x
66338,B,1805,x
66339,D,1482,x
66340,C,1451,x
66345,C,1132,x
66348,B,1372,x
66352,D,1943,x
66358,D,1933,x
66363,B,1038,x
66364,A,1072,x
66366,D,1762,x
66367,A,1054,x
66368,C,1159,x
66371,C,1288,x
66372,A,1218,x
66373,B,1979,x
66374,B,1533,x
66375,D,1713,x
66378,C,1177,x
66379,A,1360,x
66382,A,1820,x
66385,D,1536,x
66386,D,1238,x
66387,B,1637,x
66395,B,1583,x
66396,C,1950,x
66399,C,1030,x
66400,D,1598,x
66401,B,1982,x
66403,D,1758,x
66406,C,1199,x
66408,D,1674,x
66410,D,1757,x
66411,D,1321,x
66421,D,1391,x
66423,D,1689,x
66428,C,1139,x
66429,D,1427,x
66432,B,1852,x
66435,C,1339,x
66436,D,1457,x
66439,D,1625,x
66443,D,1251,x
66444,A,1888,x
66445,A,1715,x
66446,B,1729,x
66447,B,1854,x
66450,A,1148,x
66451,D,1880,x
66452,B,1737,x
66455,A,1510,x
66457,C,1856,x
66461,B,1223,x
66466,A,1736,x
66468,A,1496,x
66472,C,1004,x
66473,C,1564,x
66475,B,1495,x
66476,A,1729,x
66480,B,1836,x
66481,A,1107,x
66482,D,1086,x
66486,A,1351,x
66489,A,1913,x
66490,D,1900,x
66491,A,1483,x
66492,A,1822,x
66495,B,1290,x
66496,D,1244,x
66498,D,1035,x
66502,D,1202,x
66503,C,1805,x
66506,B,1524,x
66507,C,1429,x
66509,D,1311,x
66511,B,1246,x
66515,C,1178,x
66516,C,1900,x
66517,C,1194,x
66520,A,1486,x
66521,A,1191,x
66523,D,1887,x
66524,D,1636,x
66525,A,1103,x
66527,D,1331,x
66528,C,1636,x
66530,B,1471,x
66531,B,1091,x
66532,B,1050,x
66533,A,1465,x
66534,C,1211,x
66535,B,1641,x
66537,A,1132,x
66538,A,1720,x
66540,D,1370,x
66543,B,1461,x
66545,A,1938,x
66548,C,1842,x
66549,C,1304,x
66556,B,1793,x
66558,B,1516,x
66560,C,1650,x
66563,A,1799,x
66564,A,1230,x
66565,A,1343,x
66567,A,1891,x
66569,C,1222,x
66573,D,1665,x
66574,D,1109,x
66575,D,1583,x
66576,A,1346,x
66578,C,1118,x
66583,A,1248,x
66584,A,1386,x
66585,C,1495,x
66590,B,1083,x
66593,A,1723,x
66596,C,1511,x
66598,A,1289,x
66601,D,1272,x
66603,B,1394,x
66604,D,1639,x
66606,A,1180,x
66610,D,1311,x
66611,B,1893,x
66613,A,1305,x
66615,A,1780,x
66616,A,1735,x
66618,A,1015,x
66619,B,1672,x
66620,B,1881,x
66622,B,1824,x
66623,A,1627,x
66624,A,1268,x
66625,D,1569,x
66627,A,1298,x
66628,A,1839,x
66629,B,1170,x
66632,C,1875,x
66636,C,1226,x
66637,B,1702,x
66638,B,1095,x
66639,D,1151,x
66640,A,1380,x
66641,B,1844,x
66642,D,1232,x
66648,B,1474,x
66651,B,1813,x
66652,D,1972,x
66654,D,1371,x
66656,B,1295,x
66659,A,1943,x
66661,D,1294,x
66663,D,1786,x
66664,A,1626,x
66665,A,1665,x
66666,C,1794,x
66667,C,1467,x
66668,D,1659,x
66669,A,1278,x
66671,D,1344,x
66672,D,1711,x
66673,D,1200,x
66675,D,1482,x
66676,D,1840,x
66677,C,1066,x
66679,A,1016,x
66680,B,1967,x
66682,A,1985,x
66683,D,1314,x
66684,B,1621,x
66685,C,1311,x
66687,B,1328,x
66689,C,1727,x
66691,B,1452,x
66695,C,1337,x
66696,A,1165,x
66697,A,1720,x
66698,A,1981,x
66699,D,1923,x
66700,C,1242,x
66701,B,1684,x
66703,D,1105,x
66707,C,1242,x
66708,A,1531,x
66710,C,1516,x
66711,D,1532,x
66712,D,1263,x
66716,A,1838,x
66717,C,1838,x
66720,D,1914,x
66725,C,1769,x
66728,C,1872,x
66730,D,1035,x
66733,D,1929,x
66736,D,1850,x
66739,C,1968,x
66740,D,1349,x
66742,C,1818,x
66743,C,1065,x
66744,D,1324,x
66746,B,1763,x
66747,D,1909,x
66750,A,1992,x
66751,A,1630,x
66752,C,1624,x
66753,C,1813,x
66754,B,1087,x
66755,B,1429,x
66756,D,1669,x
66758,D,1772,x
66759,B,1112,x
66762,B,1982,x
66764,C,1115,x
66765,D,1941,x
66766,C,1252,x
66767,D,1109,x
66769,C,1296,x
66770,D,1828,x
66774,C,1060,x
66777,D,1537,x
66778,C,1544,x
66779,A,1085,x
66781,A,1335,x
66784,B,1737,x
66785,D,1436,x
66790,A,1552,x
66792,B,1743,x
66793,D,1799,x
66795,B,1435,x
66796,A,1193,x
66797,D,1519,x
66798,B,1494,x
66800,D,1189,x
66801,D,1346,x
66802,D,1389,x
66804,D,1175,x
66805,A,1328,x
66808,A,1793,x
66809,A,1132,x
66811,D,1040,x
66813,C,1456,x
66815,C,1760,x
66817,D,1978,x
66818,C,1625,x
66819,B,1606,x
66820,A,1826,x
66824,B,1156,x
66825,C,1265,x
66826,B,1536,x
66827,D,1846,x
66837,B,1925,x
66839,B,1829,x
66840,D,1834,x
66843,B,1486,x
66844,A,1750,x
66847,C,1227,x
66848,D,1664,x
66850,A,1053,x
66851,D,1016,x
66856,A,1881,x
66857,D,1996,x
66859,A,1587,x
66860,A,1940,x
66861,C,1957,x
66863,A,1538,x
66864,A,1035,x
66865,B,1575,x
66866,D,1795,x
66869,C,1387,x
66871,B,1394,x
66872,D,1184,x
66877,C,1412,x
66879,B,1382,x
66882,D,1995,x
66885,D,1246,x
66888,D,1858,x
66889,A,1029,x
66890,D,1318,x
66891,C,1870,x
66892,D,1369,x
66893,B,1450,x
66894,B,1719,x
66896,C,1467,x
66897,D,1468,x
66902,D,1967,x
66905,D,1573,x
66908,A,1708,x
66910,C,1580,x
66912,C,1088,x
66913,D,1981,x
66914,C,1124,x
66918,B,1707,x
66920,A,1871,x
66925,A,1038,x
66927,B,1974,x
66929,B,1243,x
66933,B,1106,x
66935,C,1918,x
66937,C,1905,x
66939,C,1118,x
66942,C,1491,x
66943,A,1315,x
66944,A,1335,x
66947,D,1491,x
66950,A,1194,x
66951,D,1604,x
66956,C,1625,x
66957,B,1489,x
66958,B,1955,x
66959,B,1158,x
66960,C,1241,x
66963,A,1369,x
66965,C,1935,x
66970,D,1867,x
66975,C,1706,x
66976,A,1186,x
66977,A,1423,x
66979,D,1213,x
66984,B,1213,x
66991,D,1433,x
66992,B,1068,x
66993,B,1358,x
66994,B,1300,x
66995,B,1862,x
66996,C,1944,x
66997,C,1127,x
66999,B,1975,x
67000,D,1005,x
67002,D,1732,x
67003,D,1105,x
67004,A,1101,x
67006,A,1181,x
67007,C,1530,x
67009,A,1494,x
67012,A,1602,x
67013,C,1502,x
67018,D,1442,x
67019,A,1643,x
67020,A,1974,x
67021,A,1310,x
67022,A,1959,x
67025,A,1249,x
67028,A,1749,x
67030,D,1093,x
67031,A,1017,x
67032,D,1624,x
67033,B,1497,x
67037,D,1105,x
67038,D,1726,x
67041,B,1455,x
67043,D,1267,x
67044,C,1922,x
67046,B,1367,x
67048,A,1529,x
67049,A,1395,x
67050,A,1402,x
67053,D,1695,x
67054,C,1954,x
67059,C,1562,x
67060,D,1667,x
67061,B,1796,x
67062,C,1294,x
67063,A,1617,x
67065,B,1326,x
67067,A,1593,x
67069,D,1350,x
67070,C,1898,x
67071,C,1049,x
67072,A,1699,x
67074,D,1559,x
67075,D,1176,x
67077,A,1778,x
67079,D,1511,x
67082,D,1554,x
67083,C,1865,x
67085,A,1080,x
67086,C,1942,x
67090,B,1809,x
67091,A,1028,x
67092,A,1134,x
67093,B,1298,x
67096,D,1067,x
67098,D,1999,x
67099,A,1150,x
67100,B,1118,x
67102,A,1849,x
67103,A,1976,x
67104,A,1313,x
67105,A,1831,x
67107,C,1961,x
67109,B,1899,x
67114,C,1355,x
67115,C,1125,x
67116,B,1457,x
67117,D,1063,x
67118,B,1503,x
67119,C,1323,x
67120,A,1752,x
67121,D,1989,x
67123,D,1270,x
67125,A,1741,x
67126,B,1828,x
67129,D,1689,x
67130,A,1721,x
67133,B,1721,x
67134,A,1526,x
67135,A,1241,x
67136,C,1861,x
67137,A,1245,x
67139,D,1418,x
67140,C,1164,x
67142,D,1834,x
67146,C,1054,x
67149,A,1623,x
67151,D,1483,x
67154,D,1364,x
67156,D,1074,x
67158,A,1361,x
67159,D,1019,x
67160,C,1832,x
67161,C,1761,x
67165,C,1914,x
67166,A,1562,x
67171,B,1690,x
67178,C,1939,x
67181,A,1346,x
67182,C,1903,x
67184,D,1125,x
67185,B,1617,x
67186,B,1059,x
67187,D,1322,x
67188,B,1648,x
67190,D,1441,x
67191,A,1308,x
67200,D,1101,x
67202,D,1507,x
67203,D,1064,x
67205,D,1042,x
67206,B,1357,x
67207,A,1330,x
67211,B,1749,x
67212,C,1888,x
67215,C,1487,x
67216,C,1291,x
67217,D,1736,x
67219,D,1487,x
67220,D,1418,x
67222,D,1804,x
67225,C,1948,x
67227,A,1918,x
67229,A,1700,x
67230,B,1033,x
67231,D,1493,x
67235,B,1501,x
67236,A,1513,x
67237,A,1039,x
67238,D,1072,x
67239,D,1188,x
67241,D,1646,x
67242,A,1335,x
67245,A,1087,x
67252,B,1613,x
67253,B,1414,x
67254,D,1430,x
67256,A,1042,x
67257,A,1595,x
67258,B,1897,x
67260,D,1970,x
67262,A,1881,x
67263,B,1722,x
67265,A,1286,x
67267,A,1185,x
67268,A,1276,x
67273,C,1615,x
67274,C,1797,x
67279,B,1538,x
67280,C,1933,x
67283,B,1593,x
67285,C,1699,x
67286,D,1082,x
67287,C,1872,x
67288,C,1867,x
67290,C,1467,x
67291,A,1708,x
67294,A,1380,x
67295,D,1603,x
67296,B,1579,x
67297,B,1562,x
67298,A,1664,x
67299,A,1199,x
67300,A,1259,x
67301,C,1774,x
67304,D,1306,x
67306,C,1471,x
67308,C,1280,x
67309,D,1683,x
67311,D,1485,x
67314,C,1494,x
67318,A,1551,x
67322,C,1265,x
67323,A,1368,x
67324,C,1503,x
67330,A,1632,x
67332,C,1101,x
67333,C,1759,x
67334,D,1060,x
67338,A,1538,x
67342,B,1160,x
67343,B,1404,x
67344,B,1650,x
67346,C,1715,x
67348,B,1532,x
67349,A,1540,x
67351,D,1918,x
67353,D,1926,x
67355,D,1139,x
67358,A,1293,x
67359,C,1010,x
67361,B,1761,x
67362,B,1986,x
67364,A,1907,x
67365,C,1738,x
67366,D,1102,x
67367,A,1512,x
67368,B,1884,x
67369,A,1724,x
67370,D,1331,x
67371,B,1822,x
67372,B,1155,x
67373,B,1330,x
67374,C,1915,x
67375,C,1468,x
67376,A,1100,x
67379,C,1441,x
67381,C,1355,x
67384,A,1371,x
67385,D,1141,x
67387,D,1202,x
67388,C,1953,x
67389,B,1388,x
67395,D,1967,x
67396,B,1321,x
67397,C,1288,x
67398,C,1200,x
67400,C,1829,x
67401,C,1348,x
67402,B,1481,x
67404,A,1299,x
67406,B,1268,x
67407,B,1095,x
67408,D,1187,x
67410,D,1245,x
67412,A,1528,x
67413,C,1018,x
67414,B,1356,x
67415,A,1446,x
67416,B,1864,x
67417,B,1765,x
67419,A,1950,x
67420,C,1595,x
67421,C,1911,x
67422,A,1914,x
67424,D,1573,x
67427,C,1404,x
67431,D,1918,x
67433,B,1133,x
67436,B,1090,x
67437,A,1657,x
67438,A,1043,x
67440,A,1308,x
67443,A,1358,x
67444,D,1345,x
67446,A,1480,x
67447,B,1810,x
67448,A,1335,x
67451,C,1883,x
67452,D,1175,x
67453,B,1723,x
67454,B,1189,x
67456,D,1762,x
67457,C,1245,x
67458,B,1111,x
67461,C,1263,x
67464,A,1897,x
67465,B,1095,x
67469,C,1572,x
67473,D,1518,x
67476,B,1623,x
67477,A,1549,x
67479,D,1145,x
67481,B,1273,x
67482,D,1023,x
67484,D,1819,x
67486,C,1330,x
67487,B,1223,x
67488,C,1836,x
67492,C,1823,x
67494,A,1808,x
67496,B,1161,x
67497,C,1218,x
67498,A,1076,x
67499,C,1014,x
67502,D,1416,x
67503,C,1235,x
67505,A,1513,x
67506,C,1453,x
67507,C,1153,x
67508,C,1611,x
67510,C,1249,x
67512,D,1721,x
67514,B,1947,x
67516,A,1057,x
67519,B,1763,x
67521,A,1913,x
67522,A,1131,x
67524,B,1391,x
67526,D,1578,x
67529,D,1074,x
67531,C,1023,x
67533,A,1293,x
67536,D,1936,x
67537,A,1789,x
67541,A,1257,x
67542,B,1227,x
67544,A,1326,x
67545,C,1800,x
67546,D,1085,x
67547,C,1848,x
67548,D,1438,x
67552,D,1671,x
67554,C,1411,x
67556,B,1268,x
67559,B,1020,x
67565,D,1660,x
67566,D,1430,x
67567,D,1767,x
67568,D,1056,x
67571,A,1715,x
67574,D,1589,x
67575,D,1715,x
67576,C,1682,x
67578,A,1807,x
67580,B,1901,x
67582,D,1979,x
67589,B,1195,x
67591,D,1998,x
67593,D,1079,x
67594,A,1973,x
67598,B,1849,x
67599,C,1090,x
67601,C,1904,x
67605,D,1517,x
67607,A,1269,x
67610,C,1253,x
67611,A,1695,x
67614,D,1382,x
67615,D,1831,x
67616,B,1820,x
67617,D,1350,x
67619,B,1226,x
67621,D,1574,x
67623,C,1024,x
67624,D,1769,x
67626,D,1238,x
67631,A,1998,x
67633,B,1751,x
67634,D,1783,x
67638,B,1398,x
67639,D,1011,x
67641,C,1379,x
67642,B,1690,x
67644,C,1010,x
67650,B,1412,x
67651,C,1376,x
67654,A,1716,x
67662,A,1891,x
67666,C,1929,x
67668,C,1669,x
67670,B,1468,x
67671,D,1166,x
67672,B,1745,x
67673,C,1161,x
67675,C,1710,x
67677,D,1486,x
67679,C,1889,x
67686,B,1460,x
67687,A,1326,x
67688,C,1194,x
67694,B,1299,x
67695,A,1729,x
67696,C,1003,x
67697,B,1278,x
67698,C,1906,x
67699,B,1353,x
67701,B,1434,x
67703,B,1272,x
67704,A,1017,x
67706,A,1414,x
67710,C,1068,x
67713,A,1002,x
67714,A,1971,x
67717,D,1783,x
67727,D,1041,x
67728,C,1711,x
67729,D,1710,x
67732,D,1886,x
67734,D,1077,x
67738,C,1030,x
67739,D,1305,x
67741,B,1107,x
67742,B,1479,x
67744,B,1150,x
67748,B,1996,x
67750,C,1743,x
67755,D,1294,x
67756,C,1867,x
67760,C,1013,x
67762,B,1244,x
67764,A,1962,x
67772,C,1136,x
67776,A,1495,x
67777,C,1795,x
67779,B,1117,x
67780,B,1361,x
67787,A,1997,x
67788,A,1202,x
67789,A,1787,x
67790,D,1631,x
67791,B,1950,x
67792,C,1042,x
67793,B,1741,x
67794,C,1309,x
67795,A,1535,x
67796,D,1234,x
67798,B,1329,x
67799,B,1825,x
67804,C,1286,x
67806,D,1829,x
67808,C,1884,x
67810,D,1971,x
67815,A,1869,x
67819,C,1051,x
67820,C,1766,x
67821,A,1895,x
67824,D,1777,x
67825,A,1356,x
67828,C,1519,x
67830,B,1143,x
67833,B,1264,x
67839,A,1960,x
67840,A,1678,x
67842,C,1416,x
67846,D,1827,x
67847,B,1350,x
67852,A,1138,x
67853,D,1017,x
67854,A,1266,x
67858,C,1473,x
67861,C,1973,x
67862,C,1029,x
67863,B,1846,x
67866,D,1320,x
67868,C,1781,x
67870,A,1744,x
67871,B,1951,x
67873,A,1322,x
67875,B,1683,x
67877,C,1122,x
67878,C,1439,x
67880,C,1719,x
67881,B,1756,x
67882,D,1577,x
67883,B,1017,x
67885,C,1378,x
67887,C,1764,x
67888,A,1037,x
67890,A,1138,x
67891,B,1100,x
67892,B,1456,x
67895,A,1918,x
67896,D,1526,x
67897,D,1853,x
67899,A,1759,x
67900,D,1400,x
67901,B,1303,x
67902,D,1203,x
67905,D,1232,x
67907,B,1797,x
67909,B,1636,x
67910,A,1759,x
67911,B,1103,x
67916,B,1668,x
67918,C,1532,x
67921,B,1924,x
67922,B,1516,x
67923,C,1394,x
67925,A,1209,x
67926,D,1845,x
67929,A,1614,x
67933,D,1933,x
67934,D,1651,x
67936,A,1001,x
67938,D,1830,x
67943,B,1541,x
67946,D,1909,x
67947,C,1912,x
67948,C,1032,x
67949,B,1220,x
67950,C,1910,x
67952,A,1684,x
67956,D,1089,x
67959,B,1710,x
67961,C,1765,x
67962,B,1034,x
67964,B,1818,x
67966,C,1196,x
67967,A,1640,x
67969,A,1790,x
67970,D,1968,x
67972,C,1153,x
67973,A,1998,x
67976,A,1142,x
67978,B,1574,x
67979,D,1814,x
67980,C,1529,x
67984,B,1831,x
67989,A,1810,x
67991,B,1729,x
67992,C,1461,x
68000,A,1960,x
68001,D,1268,x
68003,C,1635,x
68004,D,1913,x
68005,D,1549,x
68010,A,1193,x
68013,A,1918,x
68014,A,1123,x
68016,B,1414,x
68017,D,1810,x
68026,D,1950,x
68030,A,1258,x
68031,B,1682,x
68032,A,1749,x
68033,D,1784,x
68034,B,1145,x
68035,B,1926,x
68037,C,1502,x
68039,B,1934,x
68040,D,1314,x
68043,C,1588,x
68045,C,1296,x
68046,D,1039,x
68048,D,1234,x
68049,D,1388,x
68051,A,1780,x
68053,B,1317,x
68055,B,1423,x
68056,D,1828,x
68059,A,1268,x
68061,B,1879,x
68062,D,1096,x
68064,A,1347,x
68066,B,1729,x
68068,A,1811,x
68069,B,1006,x
68071,C,1794,x
68074,D,1938,x
68075,B,1877,x
68076,A,1509,x
68078,D,1102,x
68079,A,1461,x
68080,C,1748,x
68081,D,1179,x
68082,A,1467,x
68084,B,1915,x
68085,A,1582,x
68087,D,1025,x
68088,C,1830,x
68089,C,1431,x
68092,C,1582,x
68096,A,1247,x
68097,A,1582,x
68098,C,1600,x
68099,B,1840,x
68100,D,1305,x
68101,B,1914,x
68102,B,1858,x
68105,A,1423,x
68106,C,1368,x
68107,D,1138,x
68109,D,1380,x
68111,C,1075,x
68113,B,1994,x
68115,A,1015,x
68119,B,1769,x
68121,B,1901,x
68122,A,1384,x
68130,B,1004,x
68132,B,1360,x
68135,C,1958,x
68136,A,1828,x
68137,B,1414,x
68138,D,1741,x
68139,B,1010,x
68141,C,1385,x
68142,A,1646,x
68145,C,1360,x
68146,D,1245,x
68152,B,1269,x
68154,D,1458,x
68155,D,1778,x
68156,D,1132,x
68157,D,1098,x
68160,B,1206,x
68162,D,1887,x
68164,C,1642,x
68166,B,1756,x
68175,C,1840,x
68177,B,1182,x
68180,A,1054,x
68185,B,1449,x
68187,D,1871,x
68190,D,1671,x
68194,C,1897,x
68195,B,1326,x
68196,D,1347,x
68197,D,1231,x
68200,D,1493,x
68201,D,1202,x
68202,B,1007,x
68206,B,1747,x
68207,B,1362,x
68208,A,1818,x
68211,C,1944,x
68212,A,1359,x
68213,B,1429,x
68215,C,1732,x
68216,B,1741,x
68217,A,1112,x
68218,C,1708,x
68219,B,1403,x
68223,B,1408,x
68224,A,1545,x
68227,C,1242,x
68231,D,1128,x
68232,C,1223,x
68236,B,1764,x
68238,C,1682,x
68243,A,1697,x
68246,C,1843,x
68250,B,1669,x
68251,C,1742,x
68254,A,1620,x
68255,A,1607,x
68256,C,1683,x
68262,B,1743,x
68263,A,1482,x
68265,D,1284,x
68266,C,1705,x
68267,C,1291,x
68269,A,1208,x
68270,D,1220,x
68271,A,1822,x
68273,B,1425,x
68275,C,1552,x
68276,B,1551,x
68278,D,1514,x
68279,A,1635,x
68280,B,1343,x
68281,B,1727,x
68283,D,1470,x
68285,D,1648,x
68288,B,1826,x
68293,D,1667,x
68295,A,1798,x
68297,B,1762,x
68298,A,1132,x
68300,B,1744,x
68301,C,1629,x
68302,B,1531,x
68303,A,1417,x
68305,B,1226,x
68306,D,1384,x
68308,A,1236,x
68310,C,1269,x
68311,C,1438,x
68312,B,1782,x
68313,A,1710,x
68314,B,1530,x
68315,C,1070,x
68316,D,1402,x
68318,B,1466,x
68319,C,1990,x
68320,A,1298,x
68322,C,1567,x
68323,D,1758,x
68327,A,1607,x
68331,B,1150,x
68333,C,1847,x
68336,D,1688,x
68339,A,1795,x
68342,B,1316,x
68345,C,1901,x
68348,C,1454,x
68353,B,1796,x
68359,A,1705,x
68360,C,1235,x
68362,C,1015,x
68363,B,1515,x
68364,A,1560,x
68367,C,1713,x
68369,D,1825,x
68373,D,1531,x
68374,D,1116,x
68378,B,1535,x
68380,D,1422,x
68381,A,1140,x
68382,D,1944,x
68383,C,1966,x
68384,D,1602,x
68385,C,1455,x
68386,A,1434,x
68387,A,1693,x
68389,B,1462,x
68394,D,1733,x
68397,A,1274,x
68400,A,1234,x
68401,A,1886,x
68404,A,1326,x
68406,A,1742,x
68409,B,1259,x
68411,C,1278,x
68412,A,1025,x
68413,A,1876,x
68414,C,1131,x
68415,D,1828,x
68418,B,1815,x
68419,B,1082,x
68422,A,1296,x
68423,B,1458,x
68427,C,1410,x
68430,C,1352,x
68432,D,1161,x
68434,D,1057,x
68435,D,1282,x
68438,C,1986,x
68440,D,1734,x
68443,A,1366,x
68446,D,1475,x
68449,D,1945,x
68450,C,1934,x
68451,C,1028,x
68452,C,1763,x
68453,B,1550,x
68458,B,1997,x
68460,D,1062,x
68461,A,1518,x
68462,A,1738,x
68463,A,1089,x
68468,B,1481,x
68469,D,1011,x
68470,C,1423,x
68471,C,1382,x
68473,A,1313,x
68476,B,1640,x
68477,A,1299,x
68481,C,1798,x
68485,A,1583,x
68490,D,1726,x
68492,A,1087,x
68495,C,1229,x
68497,D,1007,x
68500,C,1116,x
68501,B,1854,x
68502,D,1047,x
68505,C,1062,x
68506,D,1242,x
68508,C,1110,x
68511,B,1520,x
68512,A,1085,x
68515,D,1126,x
68517,D,1778,x
68518,C,1367,x
68519,C,1676,x
68525,B,1364,x
68527,B,1904,x
68528,C,1243,x
68529,B,1754,x
68534,A,1251,x
68535,A,1937,x
68536,B,1302,x
68538,C,1017,x
68540,C,1347,x
68541,A,1934,x
68546,A,1975,x
68547,B,1552,x
68549,A,1866,x
68550,B,1815,x
68551,D,1284,x
68552,C,1960,x
68553,D,1129,x
68556,D,1509,x
68557,B,1305,x
68563,D,1409,x
68566,D,1447,x
68567,C,1115,x
68569,D,1922,x
68570,A,1027,x
68571,D,1735,x
68572,A,1052,x
68574,C,1329,x
68576,C,1362,x
68579,B,1274,x
68580,B,1021,x
68582,B,1842,x
68584,A,1070,x
68587,C,1386,x
68590,A,1645,x
68591,D,1375,x
68594,B,1767,x
68595,A,1455,x
68597,D,1900,x
68599,A,1138,x
68600,C,1872,x
68602,A,1383,x
68605,C,1560,x
68606,A,1905,x
68607,D,1959,x
68608,A,1400,x
68609,B,1009,x
68610,D,1206,x
68611,D,1195,x
68612,A,1401,x
68615,B,1871,x
68617,B,1887,x
68618,D,1166,x
68621,B,1754,x
68622,C,1847,x
68623,B,1629,x
68627,B,1503,x
68628,C,1217,x
68631,A,1957,x
68634,A,1410,x
68635,A,1309,x
68637,D,1159,x
68638,A,1092,x
68640,A,1938,x
68641,B,1854,x
68645,B,1947,x
68648,A,1536,x
68649,C,1229,x
68651,A,1502,x
68657,B,1096,x
68658,A,1665,x
68659,D,1354,x
68666,C,1385,x
68670,A,1808,x
68672,D,1268,x
68673,D,1176,x
68675,A,1305,x
68677,B,1852,x
68678,D,1844,x
68681,D,1028,x
68682,C,1889,x
68684,D,1674,x
68685,A,1890,x
68686,D,1131,x
68687,C,1220,x
68688,C,1332,x
68689,D,1296,x
68690,D,1498,x
68691,A,1327,x
68694,D,1356,x
68695,C,1376,x
68701,D,1633,x
68702,C,1983,x
68703,B,1539,x
68708,C,1673,x
68710,A,1009,x
68711,B,1138,x
68714,D,1158,x
68716,A,1074,x
68718,B,1713,x
68720,C,1578,x
68721,A,1385,x
68722,C,1314,x
68724,D,1515,x
68725,D,1123,x
68726,A,1731,x
68727,D,1047,x
68728,D,1492,x
68731,B,1655,x
68733,C,1266,x
68734,A,1092,x
68735,B,1899,x
68736,B,1562,x
68740,A,1604,x
68741,B,1752,x
68742,D,1705,x
68743,C,1801,x
68744,A,1422,x
68745,D,1288,x
68750,C,1370,x
68753,B,1331,x
68754,C,1530,x
68758,D,1032,x
68759,D,1265,x
68760,C,1471,x
68764,C,1393,x
68765,B,1201,x
68766,D,1476,x
68767,B,1008,x
68769,C,1119,x
68770,C,1854,x
68771,B,1594,x
68772,C,1284,x
68774,C,1713,x
68777,B,1540,x
68778,C,1955,x
68780,C,1498,x
68786,A,1418,x
68789,C,1696,x
68790,C,1838,x
68791,B,1835,x
68793,B,1664,x
68794,D,1675,x
68795,B,1183,x
68796,D,1451,x
68797,A,1876,x
68799,D,1746,x
68802,D,1762,x
68803,D,1485,x
68805,C,1621,x
68807,B,1638,x
68810,A,1218,x
68815,D,1567,x
68816,D,1500,x
68817,A,1095,x
68821,A,1509,x
68822,D,1396,x
68823,A,1279,x
68824,B,1357,x
68825,C,1043,x
68829,D,1845,x
68832,C,1693,x
68835,B,1061,x
68836,C,1575,x
68839,B,1297,x
68840,D,1857,x
68841,C,1422,x
68842,C,1997,x
68843,B,1537,x
68844,C,1104,x
68845,B,1897,x
68846,A,1913,x
68847,A,1512,x
68848,A,1541,x
68850,B,1294,x
68854,A,1507,x
68857,C,1201,x
68859,D,1293,x
68860,D,1101,x
68862,C,1473,x
68864,D,1250,x
68865,D,1268,x
68871,D,1259,x
68875,D,1348,x
68876,A,1519,x
68877,D,1568,x
68878,C,1434,x
68879,A,1694,x
68882,B,1413,x
68884,C,1620,x
68885,A,1484,x
68887,A,1683,x
68888,D,1249,x
68891,C,1827,x
68893,D,1840,x
68895,D,1419,x
68896,A,1240,x
68897,A,1927,x
68898,D,1613,x
68899,D,1542,x
68901,A,1263,x
68902,C,1524,x
68905,C,1280,x
68907,B,1606,x
68910,B,1895,x
68911,D,1491,x
68914,A,1136,x
68915,C,1418,x
68916,C,1828,x
68918,B,1414,x
68921,D,1879,x
68924,B,1075,x
68930,C,1059,x
68931,B,1977,x
68935,B,1626,x
68936,B,1148,x
68937,D,1855,x
68939,D,1385,x
68940,A,1161,x
68942,D,1607,x
68943,A,1963,x
68944,A,1690,x
68945,A,1740,x
68948,B,1448,x
68949,D,1381,x
68951,D,1348,x
68953,C,1355,x
68954,A,1915,x
68955,A,1378,x
68959,D,1812,x
68960,A,1281,x
68962,D,1979,x
68963,B,1767,x
68964,A,1348,x
68965,A,1047,x
68967,C,1670,x
68969,D,1800,x
68972,A,1870,x
68973,A,1008,x
68975,C,1458,x
68979,B,1376,x
68980,D,1888,x
68985,B,1592,x
68986,B,1022,x
68988,C,1251,x
68989,B,1757,x
68991,C,1353,x
68992,D,1414,x
68993,D,1298,x
68996,D,1118,x
68997,A,1829,x
69000,A,1416,x
69001,C,1994,x
69005,D,1181,x
69006,C,1941,x
69007,D,1357,x
69010,D,1149,x
69013,B,1588,x
69015,D,1325,x
69017,A,1475,x
69019,D,1238,x
69020,B,1306,x
69022,B,1569,x
69027,D,1343,x
69029,D,1871,x
69031,B,1158,x
69032,B,1668,x
69037,A,1747,x
69040,D,1567,x
69044,A,1308,x
69045,D,1027,x
69047,A,1162,x
69049,B,1606,x
69050,A,1717,x
69052,C,1197,x
69053,D,1505,x
69056,B,1907,x
69057,D,1941,x
69058,B,1172,x
69059,B,1265,x
69060,C,1196,x
69063,B,1066,x
69066,C,1658,x
69067,D,1819,x
69068,A,1423,x
69069,D,1188,x
69071,A,1276,x
69073,A,1649,x
69074,A,1192,x
69075,A,1705,x
69076,D,1496,x
69077,A,1949,x
69078,A,1790,x
69079,C,1383,x
69082,A,1671,x
69084,C,1412,x
69089,C,1702,x
69091,A,1996,x
69095,C,1408,x
69098,B,1691,x
69099,A,1800,x
69104,D,1678,x
69106,D,1699,x
69108,A,1552,x
69113,D,1206,x
69114,D,1467,x
69117,C,1008,x
69118,B,1371,x
69120,C,1706,x
69124,D,1570,x
69125,B,1469,x
69127,B,1632,x
69130,A,1415,x
69133,B,1190,x
69134,D,1780,x
69135,D,1968,x
69136,A,1912,x
69142,B,1131,x
69143,C,1134,x
69144,A,1649,x
69145,A,1563,x
69146,B,1174,x
69149,D,1642,x
69153,B,1528,x
69154,B,1908,x
69157,C,1485,x
69159,A,1077,x
69161,B,1501,x
69163,D,1086,x
69165,A,1853,x
69174,D,1133,x
69176,C,1808,x
69182,B,1378,x
69184,A,1076,x
69191,D,1118,x
69194,C,1606,x
69199,D,1739,x
69200,C,1732,x
69202,D,1635,x
69206,B,1703,x
69207,B,1074,x
69208,D,1921,x
69211,A,1086,x
69212,B,1649,x
69213,C,1303,x
69214,D,1670,x
69216,D,1576,x
69217,C,1439,x
69219,D,1828,x
69222,B,1387,x
69223,B,1538,x
69225,D,1417,x
69226,A,1820,x
69227,C,1899,x
69228,A,1066,x
69229,C,1521,x
69230,D,1753,x
69231,C,1849,x
69233,A,1981,x
69237,B,1709,x
69243,B,1352,x
69244,B,1245,x
69248,C,1007,x
69250,A,1326,x
69251,A,1346,x
69252,D,1037,x
69253,C,1838,x
69254,B,1447,x
69255,C,1528,x
69257,C,1393,x
69258,B,1417,x
69261,A,1434,x
69265,B,1805,x
69266,C,1679,x
69268,D,1556,x
69271,B,1480,x
69272,A,1900,x
69274,C,1310,x
69279,D,1206,x
69280,B,1671,x
69281,C,1226,x
69282,A,1860,x
69284,A,1771,x
69285,B,1418,x
69286,A,1784,x
69287,D,1492,x
69289,C,1329,x
69290,B,1497,x
69291,C,1322,x
69293,C,1857,x
69302,C,1095,x
69303,D,1146,x
69304,D,1580,x
69308,B,1962,x
69310,D,1769,x
69312,A,1733,x
69313,D,1532,x
69314,D,1738,x
69318,D,1747,x
69321,C,1369,x
69323,C,1215,x
69324,D,1861,x
69326,D,1615,x
69328,D,1050,x
69331,A,1406,x
69332,D,1355,x
69335,A,1643,x
69339,D,1783,x
69340,C,1796,x
69344,A,1255,x
69347,A,1415,x
69348,B,1859,x
69349,C,1560,x
69350,C,1349,x
69351,B,1843,x
69353,D,1548,x
69358,C,1616,x
69360,A,1617,x
69361,B,1978,x
69362,B,1874,x
69364,D,1922,x
69368,A,1565,x
69369,A,1303,x
69372,B,1018,x
69380,A,1393,x
69386,A,1862,x
69387,B,1480,x
69388,C,1927,x
69389,A,1205,x
69390,D,1845,x
69391,B,1899,x
69392,A,1969,x
69394,B,1805,x
69395,C,1945,x
69396,C,1829,x
69397,B,1312,x
69403,A,1736,x
69406,C,1885,x
69408,B,1031,x
69409,D,1977,x
69410,A,1471,x
69411,B,1712,x
69412,D,1119,x
69413,B,1284,x
69415,B,1305,x
69418,D,1375,x
69419,C,1470,x
69420,C,1184,x
69421,D,1226,x
69422,B,1491,x
69423,B,1517,x
69424,A,1445,x
69425,A,1463,x
69426,A,1521,x
69427,B,1294,x
69431,A,1837,x
69432,D,1184,x
69433,B,1571,x
69434,A,1519,x
69436,A,1999,x
69442,B,1548,x
69443,C,1485,x
69444,B,1755,x
69447,D,1378,x
69449,C,1230,x
69450,A,1906,x
69452,C,1894,x
69454,A,1267,x
69457,D,1517,x
69458,C,1020,x
69460,C,1250,x
69462,A,1122,x
69463,C,1579,x
69468,B,1966,x
69470,A,1042,x
69472,B,1421,x
69473,C,1520,x
69475,C,1520,x
69477,B,1444,x
69478,B,1361,x
69481,B,1065,x
69483,B,1408,x
69484,C,1547,x
69487,C,1546,x
69489,B,1603,x
69490,A,1213,x
69491,C,1613,x
69494,A,1006,x
69495,B,1185,x
69497,B,1767,x
69498,A,1046,x
69502,C,1957,x
69503,B,1692,x
69505,A,1121,x
69508,A,1641,x
69510,A,1007,x
69511,A,1473,x
69512,C,1307,x
69514,B,1262,x
69516,B,1268,x
69517,C,1498,x
69518,B,1628,x
69520,C,1785,x
69521,D,1084,x
69522,B,1754,x
69524,B,1574,x
69525,B,1236,x
69529,C,1055,x
69531,B,1381,x
69532,D,1149,x
69533,A,1300,x
69534,D,1745,x
69535,A,1245,x
69536,A,1351,x
69537,B,1915,x
69538,D,1091,x
69539,D,1154,x
69540,C,1080,x
69541,D,1298,x
69545,B,1981,x
69546,A,1448,x
69547,C,1543,x
69549,A,1111,x
69550,A,1200,x
69552,C,1169,x
69553,A,1768,x
69554,B,1771,x
69555,A,1197,x
69556,C,1324,x
69559,C,1486,x
69561,D,1859,x
69563,C,1893,x
69564,C,1800,x
69568,A,1517,x
69569,A,1351,x
69570,A,1546,x
69575,B,1924,x
69576,A,1484,x
69578,B,1200,x
69580,D,1611,x
69581,B,1833,x
69583,C,1218,x
69585,A,1723,x
69587,A,1629,x
69588,C,1219,x
69591,A,1195,x
69592,D,1989,x
69597,A,1739,x
69598,B,1807,x
69599,A,1499,x
69601,A,1246,x
69602,C,1057,x
69604,C,1460,x
69605,B,1537,x
69606,A,1875,x
69607,C,1713,x
69608,C,1738,x
69612,A,1190,x
69617,C,1140,x
69620,A,1308,x
69621,A,1086,x
69623,B,1136,x
69624,C,1062,x
69625,A,1967,x
69626,B,1046,x
69627,A,1707,x
69636,B,1042,x
69640,C,1015,x
69642,D,1225,x
69643,A,1375,x
69644,D,1481,x
69645,B,1503,x
69650,B,1564,x
69652,A,1788,x
69653,A,1690,x
69654,D,1333,x
69655,B,1214,x
69656,C,1966,x
69657,D,1636,x
69661,D,1831,x
69662,B,1729,x
69664,D,1487,x
69667,D,1093,x
69668,D,1376,x
69670,C,1502,x
69671,D,1462,x
69675,B,1379,x
69676,C,1467,x
69678,B,1234,x
69679,D,1981,x
69680,D,1556,x
69681,D,1741,x
69682,C,1898,x
69683,B,1114,x
69685,D,1397,x
69690,A,1183,x
69692,C,1962,x
69693,A,1104,x
69695,C,1647,x
69696,A,1620,x
69698,A,1309,x
69699,D,1335,x
69700,A,1124,x
69703,C,1065,x
69707,A,1894,x
69708,A,1389,x
69712,D,1547,x
69715,A,1474,x
69716,C,1494,x
69718,C,1385,x
69721,A,1127,x
69722,B,1784,x
69723,B,1028,x
69724,A,1985,x
69726,B,1189,x
69728,A,1883,x
69730,B,1949,x
69732,D,1855,x
69733,B,1612,x
69735,C,1821,x
69738,C,1622,x
69740,B,1318,x
69742,B,1393,x
69745,B,1485,x
69747,D,1641,x
69749,C,1209,x
69750,A,1509,x
69751,C,1879,x
69752,D,1914,x
69753,B,1588,x
69754,A,1674,x
69758,D,1069,x
69759,B,1219,x
69763,D,1026,x
69766,C,1425,x
69768,A,1462,x
69769,B,1890,x
69770,A,1787,x
69776,B,1722,x
69777,D,1804,x
69778,A,1609,x
69780,B,1816,x
69781,A,1008,x
69784,A,1195,x
69788,C,1819,x
69789,B,1004,x
69790,D,1192,x
69791,D,1816,x
69793,A,1155,x
69795,A,1531,x
69797,C,1270,x
69798,A,1996,x
69799,B,1986,x
69801,B,1782,x
69803,A,1674,x
69806,A,1926,x
69807,B,1020,x
69811,A,1273,x
69812,A,1342,x
69817,A,1577,x
69819,C,1288,x
69820,A,1928,x
69822,A,1757,x
69823,D,1086,x
69824,A,1833,x
69825,C,1907,x
69827,C,1517,x
69828,C,1289,x
69830,C,1833,x
69832,C,1314,x
69834,D,1523,x
69835,A,1083,x
69836,A,1145,x
69837,D,1318,x
69843,A,1482,x
69847,B,1900,x
69850,A,1160,x
69855,A,1851,x
69856,B,1429,x
69857,D,1765,x
69860,B,1207,x
69861,C,1204,x
69862,B,1677,x
69864,D,1824,x
69865,C,1920,x
69867,D,1751,x
69868,D,1550,x
69870,A,1618,x
69871,C,1061,x
69872,A,1512,x
69873,B,1167,x
69876,C,1379,x
69878,A,1920,x
69884,A,1541,x
69885,B,1140,x
69886,A,1038,x
69891,C,1379,x
69893,D,1022,x
69894,A,1739,x
69895,B,1133,x
69896,A,1030,x
69897,B,1583,x
69898,C,1843,x
69901,B,1661,x
69902,D,1131,x
69903,B,1593,x
69904,A,1924,x
69906,B,1229,x
69908,A,1445,x
69909,B,1246,x
69910,A,1635,x
69913,A,1063,x
69916,C,1695,x
69917,A,1059,x
69918,B,1476,x
69919,A,1147,x
69920,B,1588,x
69922,B,1347,x
69924,A,1062,x
69925,B,1006,x
69927,B,1638,x
69928,B,1844,x
69929,D,1807,x
69930,C,1018,x
69933,A,1045,x
69935,A,1275,x
69936,C,1258,x
69937,B,1364,x
69938,C,1509,x
69939,C,1898,x
69940,B,1321,x
69944,C,1796,x
69949,D,1192,x
69951,A,1874,x
69953,D,1235,x
69954,D,1440,x
69957,B,1807,x
69958,A,1459,x
69960,C,1807,x
69964,D,1256,x
69965,D,1535,x
69966,A,1023,x
69967,C,1495,x
69969,C,1514,x
69975,C,1498,x
69976,C,1482,x
69979,A,1409,x
69984,B,1857,x
69986,C,1494,x
69987,A,1649,x
69990,C,1450,x
69992,B,1385,x
69993,D,1253,x
69994,B,1764,x
69995,A,1914,x
69997,B,1960,x
69998,D,1023,x
69999,A,1682,x
70001,C,1819,x
70002,B,1022,x
70008,A,1814,x
70011,C,1989,x
70012,D,1449,x
70013,D,1009,x
70017,C,1344,x
70018,C,1371,x
70020,B,1157,x
70021,C,1120,x
70022,D,1147,x
70024,D,1528,x
70025,B,1597,x
70026,A,1335,x
70030,C,1148,x
70031,B,1345,x
70033,D,1223,x
70034,D,1204,x
70035,B,1225,x
70037,B,1691,x
70038,D,1237,x
70040,A,1880,x
70043,B,1046,x
70044,B,1514,x
70054,A,1136,x
70056,D,1387,x
70057,D,1887,x
70058,B,1039,x
70059,A,1172,x
70060,A,1839,x
70061,C,1666,x
70063,B,1616,x
70064,C,1176,x
70065,B,1611,x
70066,C,1580,x
70069,A,1150,x
70072,A,1925,x
70073,C,1148,x
70074,A,1929,x
70076,C,1629,x
70077,C,1867,x
70081,C,1336,x
70082,B,1927,x
70084,A,1564,x
70085,B,1714,x
70087,D,1861,x
70088,A,1038,x
70091,D,1015,x
70092,C,1800,x
70094,D,1229,x
70098,C,1180,x
70099,B,1321,x
70101,A,1822,x
70103,B,1230,x
70104,D,1883,x
70105,B,1636,x
70107,B,1656,x
70109,B,1663,x
70115,A,1639,x
70120,A,1630,x
70129,B,1515,x
70130,D,1181,x
70131,C,1220,x
70133,A,1817,x
70135,A,1175,x
70137,A,1238,x
70140,C,1338,x
70145,D,1739,x
70146,D,1597,x
70148,A,1186,x
70150,A,1583,x
70153,A,1882,x
70154,B,1474,x
70156,A,1668,x
70158,A,1230,x
70159,C,1945,x
70162,C,1741,x
70163,B,1308,x
70164,D,1406,x
70166,D,1903,x
70167,B,1979,x
70170,A,1052,x
70171,B,1707,x
70173,B,1177,x
70177,D,1828,x
70179,B,1526,x
70180,B,1860,x
70182,A,1868,x
70183,D,1069,x
70184,A,1615,x
70185,A,1299,x
70186,C,1327,x
70187,A,1625,x
70188,A,1408,x
70191,C,1200,x
70196,A,1045,x
70197,D,1409,x
70198,A,1209,x
70199,C,1679,x
70202,D,1286,x
70203,A,1835,x
70204,B,1744,x
70207,C,1871,x
70209,B,1154,x
70211,C,1742,x
70212,B,1539,x
70216,A,1974,x
70218,D,1279,x
70219,C,1017,x
70221,A,1843,x
70222,B,1952,x
70226,B,1132,x
70230,B,1885,x
70233,A,1535,x
70234,C,1342,x
70237,A,1643,x
70238,B,1435,x
70240,C,1484,x
70243,B,1938,x
70245,D,1185,x
70246,C,1263,x
70251,D,1838,x
70254,A,1913,x
70255,C,1410,x
70258,C,1237,x
70260,C,1515,x
70265,B,1762,x
70266,A,1975,x
70270,C,1949,x
70275,A,1118,x
70277,D,1897,x
70278,B,1449,x
70280,C,1351,x
70285,D,1404,x
70290,A,1885,x
70291,C,1088,x
70293,B,1904,x
70294,A,1694,x
70297,D,1758,x
70298,B,1105,x
70299,C,1027,x
70300,C,1064,x
70301,D,1197,x
70302,C,1683,x
70306,B,1735,x
70308,C,1198,x
70314,C,1226,x
70316,A,1749,x
70318,A,1289,x
70319,A,1644,x
70321,A,1282,x
70323,D,1227,x
70326,C,1390,x
70329,A,1835,x
70333,A,1025,x
70337,A,1494,x
70339,D,1927,x
70342,B,1194,x
70344,B,1672,x
70345,C,1513,x
70347,C,1223,x
70349,A,1318,x
70350,A,1313,x
70351,C,1615,x
70354,C,1976,x
70357,B,1202,x
70359,B,1421,x
70361,D,1810,x
70363,D,1474,x
70368,D,1155,x
70370,B,1639,x
70371,B,1247,x
70373,C,1382,x
70377,D,1612,x
70378,D,1897,x
70380,B,1404,x
70382,C,1471,x
70383,A,1383,x
70384,B,1885,x
70385,A,1453,x
70387,A,1717,x
70388,D,1932,x
70390,B,1046,x
70392,B,1888,x
70393,C,1665,x
70395,A,1188,x
70396,D,1628,x
70397,D,1915,x
70399,C,1716,x
70400,C,1589,x
70403,D,1384,x
70404,A,1226,x
70406,B,1005,x
70408,C,1604,x
70411,C,1594,x
70412,C,1732,x
70414,D,1657,x
70416,C,1114,x
70417,D,1496,x
70420,C,1793,x
70423,C,1024,x
70424,C,1913,x
70428,D,1815,x
70429,C,1389,x
70431,B,1588,x
70432,B,1618,x
70434,D,1044,x
70435,B,1069,x
70440,A,1531,x
70442,D,1183,x
70443,B,1670,x
70444,B,1994,x
70446,C,1232,x
70447,A,1873,x
70448,C,1263,x
70456,C,1267,x
70459,C,1516,x
70465,C,1046,x
70466,B,1567,x
70467,C,1282,x
70468,A,1049,x
70469,B,1635,x
70470,B,1748,x
70472,D,1272,x
70475,C,1310,x
70476,C,1333,x
70481,A,1299,x
70483,C,1012,x
70484,B,1190,x
70486,A,1696,x
70488,A,1731,x
70489,D,1116,x
70490,D,1901,x
70491,A,1637,x
70493,D,1397,x
70494,D,1763,x
70502,C,1470,x
70503,B,1384,x
70505,D,1757,x
70506,B,1013,x
70507,C,1832,x
70513,B,1391,x
70514,A,1132,x
70517,D,1730,x
70519,C,1137,x
70520,A,1841,x
70521,A,1568,x
70527,B,1811,x
70530,D,1176,x
70531,D,1585,x
70532,C,1042,x
70533,A,1282,x
70534,C,1612,x
70535,D,1008,x
70538,C,1440,x
70540,C,1021,x
70541,A,1566,x
70542,C,1048,x
70543,C,1799,x
70548,B,1407,x
70549,A,1696,x
70550,A,1616,x
70551,C,1032,x
70556,D,1178,x
70557,D,1846,x
70558,D,1803,x
70559,C,1125,x
70560,A,1240,x
70561,D,1811,x
70565,B,1696,x
70567,B,1839,x
70570,B,1448,x
70572,C,1097,x
70575,C,1438,x
70576,A,1168,x
70577,B,1593,x
70578,A,1605,x
70579,B,1997,x
70580,B,1604,x
70581,C,1419,x
70582,D,1842,x
70584,D,1502,x
70587,D,1419,x
70588,B,1609,x
70589,C,1001,x
70592,C,1552,x
70594,D,1800,x
70596,A,1098,x
70597,A,1154,x
70598,A,1465,x
70599,D,1674,x
70602,D,1062,x
70605,C,1841,x
70608,B,1400,x
70609,D,1956,x
70611,C,1497,x
70613,C,1068,x
70617,D,1403,x
70618,C,1024,x
70619,C,1675,x
70620,B,1227,x
70621,D,1842,x
70622,D,1620,x
70624,A,1269,x
70625,B,1811,x
70626,D,1091,x
70627,D,1194,x
70629,C,1834,x
70632,D,1359,x
70633,B,1270,x
70635,A,1364,x
70638,C,1007,x
70640,C,1358,x
70642,D,1244,x
70643,A,1661,x
70644,A,1306,x
70647,C,1745,x
70648,C,1516,x
70649,B,1464,x
70654,A,1975,x
70656,A,1087,x
70658,D,1962,x
70660,A,1414,x
70661,C,1015,x
70662,B,1452,x
70663,D,1930,x
70665,A,1958,x
70667,B,1828,x
70670,D,1957,x
70672,D,1722,x
70674,B,1956,x
70675,D,1649,x
70679,B,1648,x
70680,A,1824,x
70681,A,1341,x
70682,D,1773,x
70683,A,1466,x
70684,C,1163,x
70685,D,1638,x
70687,B,1692,x
70688,D,1499,x
70689,A,1619,x
70690,D,1523,x
70696,A,1044,x
70700,D,1133,x
70701,B,1918,x
70702,C,1204,x
70704,A,1220,x
70705,D,1272,x
70707,A,1390,x
70709,B,1281,x
70712,A,1331,x
70715,D,1628,x
70716,C,1898,x
70717,A,1585,x
70718,B,1546,x
70719,C,1467,x
70725,B,1978,x
70726,B,1463,x
70727,B,1001,x
70728,D,1789,x
70730,C,1801,x
70731,D,1053,x
70733,D,1672,x
70739,C,1892,x
70740,A,1481,x
70741,A,1130,x
70742,D,1328,x
70743,C,1696,x
70744,C,1428,x
70745,C,1872,x
70746,A,1206,x
70747,A,1140,x
70748,A,1728,x
70753,D,1065,x
70758,B,1104,x
70762,C,1559,x
70763,B,1901,x
70764,C,1347,x
70767,C,1983,x
70768,A,1552,x
70770,C,1593,x
70771,C,1771,x
70776,C,1565,x
70777,C,1975,x
70778,B,1420,x
70780,C,1891,x
70781,D,1728,x
70783,A,1904,x
70784,C,1518,x
70785,D,1017,x
70789,C,1816,x
70792,C,1229,x
70793,D,1392,x
70801,A,1074,x
70802,D,1012,x
70803,B,1468,x
70804,C,1369,x
70805,B,1998,x
70806,D,1349,x
70809,B,1808,x
70810,D,1582,x
70811,A,1165,x
70814,B,1571,x
70815,B,1693,x
70819,A,1742,x
70822,D,1696,x
70826,B,1086,x
70827,D,1769,x
70829,C,1255,x
70830,B,1484,x
70833,D,1412,x
70834,B,1869,x
70839,C,1555,x
70840,A,1180,x
70842,C,1866,x
70844,D,1855,x
70846,C,1453,x
70847,C,1021,x
70851,A,1714,x
70852,B,1679,x
70853,D,1959,x
70856,C,1024,x
70859,A,1211,x
70860,D,1269,x
70861,C,1366,x
70865,A,1549,x
70867,B,1178,x
70868,C,1072,x
70869,D,1719,x
70871,B,1754,x
70872,D,1429,x
70874,A,1981,x
70878,C,1639,x
70881,B,1328,x
70887,D,1419,x
70889,D,1680,x
70890,C,1357,x
70891,A,1766,x
70892,D,1385,x
70893,A,1871,x
70895,A,1623,x
70899,B,1087,x
70904,A,1449,x
70906,D,1397,x
70907,A,1211,x
70908,A,1898,x
70909,B,1410,x
70914,D,1081,x
70915,C,1773,x
70916,B,1766,x
70919,B,1524,x
70923,C,1475,x
70925,A,1953,x
70930,B,1212,x
70932,D,1142,x
70933,D,1342,x
70936,A,1821,x
70937,D,1705,x
70938,B,1310,x
70939,D,1117,x
70940,D,1382,x
70941,A,1307,x
70942,A,1044,x
70945,D,1511,x
70947,C,1335,x
70948,A,1343,x
70952,B,1872,x
70953,D,1663,x
70954,B,1396,x
70958,A,1014,x
70959,A,1926,x
70961,A,1546,x
70963,D,1741,x
70965,D,1034,x
70966,C,1040,x
70967,A,1234,x
70970,B,1757,x
70971,B,1282,x
70974,C,1077,x
70975,A,1442,x
70976,B,1720,x
70978,D,1048,x
70979,A,1982,x
70980,C,1936,x
70982,D,1463,x
70984,D,1554,x
70985,A,1341,x
70986,A,1309,x
70988,A,1027,x
70989,C,1989,x
70991,A,1537,x
70992,B,1179,x
70995,C,1170,x
70996,B,1529,x
71001,C,1324,x
71002,D,1484,x
71003,B,1902,x
71004,A,1033,x
71007,D,1172,x
71009,A,1333,x
71013,C,1249,x
71015,B,1827,x
71020,B,1085,x
71022,B,1032,x
71024,A,1265,x
71026,C,1669,x
71030,C,1572,x
71034,B,1402,x
71035,B,1240,x
71036,D,1244,x
71038,D,1460,x
71039,D,1675,x
71040,B,1639,x
71041,B,1086,x
71042,B,1002,x
71045,A,1501,x
71046,D,1365,x
71051,C,1517,x
71053,D,1663,x
71055,B,1436,x
71059,C,1453,x
71060,C,1965,x
71063,A,1185,x
71068,D,1438,x
71071,A,1552,x
71072,D,1973,x
71074,D,1617,x
71076,D,1424,x
71077,D,1513,x
71078,C,1701,x
71080,B,1808,x
71081,A,1987,x
71082,D,1279,x
71086,A,1167,x
71087,C,1312,x
71089,B,1169,x
71090,A,1132,x
71092,D,1937,x
71094,C,1279,x
71097,A,1821,x
71101,A,1445,x
71107,B,1817,x
71110,C,1590,x
71115,C,1172,x
71119,C,1910,x
71124,C,1093,x
71128,A,1316,x
71136,A,1891,x
71138,A,1759,x
71139,C,1925,x
71140,A,1463,x
71141,D,1117,x
71142,A,1296,x
71143,C,1913,x
71144,B,1250,x
71145,A,1023,x
71147,D,1570,x
71150,A,1147,x
71152,C,1986,x
71160,D,1653,x
71161,C,1977,x
71166,C,1852,x
71168,D,1185,x
71170,C,1805,x
71171,D,1481,x
71173,D,1288,x
71174,B,1762,x
71175,A,1218,x
71176,D,1202,x
71179,C,1153,x
71180,C,1714,x
71181,C,1134,x
71184,D,1535,x
71185,A,1636,x
71186,D,1794,x
71188,A,1837,x
71189,C,1461,x
71191,C,1788,x
71194,B,1984,x
71195,B,1334,x
71197,A,1330,x
71198,A,1066,x
71201,C,1409,x
71202,A,1046,x
71203,C,1389,x
71205,C,1113,x
71206,D,1253,x
71207,B,1628,x
71209,A,1493,x
71211,B,1481,x
71213,D,1029,x
71217,D,1260,x
71219,C,1862,x
71221,C,1833,x
71225,C,1525,x
71227,C,1059,x
71229,A,1707,x
71230,D,1245,x
71231,D,1703,x
71232,B,1575,x
71233,C,1327,x
71237,B,1083,x
71239,B,1296,x
71240,A,1980,x
71246,B,1295,x
71250,B,1862,x
71252,C,1539,x
71254,B,1499,x
71255,A,1936,x
71258,B,1601,x
71261,D,1455,x
71264,C,1358,x
71265,A,1328,x
71266,A,1960,x
71270,A,1700,x
71271,A,1633,x
71272,A,1669,x
71276,A,1660,x
71277,B,1975,x
71278,D,1417,x
71280,C,1357,x
71281,A,1978,x
71282,B,1813,x
71284,D,1454,x
71285,D,1678,x
71287,C,1595,x
71288,A,1401,x
71292,C,1885,x
71296,B,1651,x
71297,A,1419,x
71299,D,1454,x
71302,A,1576,x
71303,C,1606,x
71304,D,1369,x
71306,C,1733,x
71313,A,1946,x
71316,B,1898,x
71317,A,1525,x
71320,B,1777,x
71321,A,1421,x
71322,D,1859,x
71329,B,1179,x
71330,B,1099,x
71333,A,1490,x
71335,B,1017,x
71336,C,1321,x
71337,C,1537,x
71338,A,1667,x
71339,B,1679,x
71345,B,1131,x
71346,B,1474,x
71348,B,1264,x
71349,A,1068,x
71350,B,1823,x
71351,A,1760,x
71352,B,1952,x
71353,B,1768,x
71354,A,1868,x
71355,A,1560,x
71356,B,1306,x
71359,C,1610,x
71361,B,1979,x
71364,A,1526,x
71365,D,1338,x
71366,C,1668,x
71367,B,1989,x
71368,A,1654,x
71373,B,1403,x
71374,B,1657,x
71378,D,1717,x
71379,C,1542,x
71382,A,1418,x
71383,A,1744,x
71384,D,1243,x
71386,A,1344,x
71389,D,1802,x
71396,B,1357,x
71398,D,1134,x
71401,B,1443,x
71404,B,1038,x
71405,B,1503,x
71406,C,1821,x
71407,A,1159,x
71408,B,1143,x
71411,B,1216,x
71412,B,1778,x
71414,D,1043,x
71415,A,1235,x
71418,D,1365,x
71421,B,1988,x
71423,C,1493,x
71424,A,1485,x
71425,C,1063,x
71426,A,1943,x
71427,C,1294,x
71428,D,1421,x
71429,D,1809,x
71431,C,1603,x
71432,B,1129,x
71436,C,1852,x
71437,C,1658,x
71440,B,1098,x
71441,A,1568,x
71443,A,1239,x
71446,D,1099,x
71447,D,1819,x
71452,C,1235,x
71454,D,1415,x
71457,C,1202,x
71459,D,1127,x
71460,B,1083,x
71461,C,1446,x
71463,D,1716,x
71465,B,1127,x
71466,D,1454,x
71467,D,1717,x
71468,A,1680,x
71469,B,1970,x
71474,D,1104,x
71475,B,1884,x
71476,D,1630,x
71477,B,1857,x
71478,A,1894,x
71480,C,1185,x
71483,B,1107,x
71484,C,1708,x
71487,B,1220,x
71490,A,1943,x
71493,C,1911,x
71494,D,1100,x
71495,C,1925,x
71496,A,1616,x
71499,B,1333,x
71500,C,1813,x
71502,A,1205,x
71505,A,1816,x
71506,C,1556,x
71508,A,1947,x
71509,C,1066,x
71510,A,1666,x
71511,A,1134,x
71514,C,1550,x
71516,C,1847,x
71517,D,1604,x
71518,B,1022,x
71520,C,1563,x
71522,C,1056,x
71523,A,1192,x
71524,C,1182,x
71527,D,1352,x
71529,C,1852,x
71530,A,1938,x
71531,A,1658,x
71532,A,1043,x
71534,B,1552,x
71536,D,1508,x
71539,D,1663,x
71541,C,1525,x
71542,A,1192,x
71547,A,1198,x
71548,C,1745,x
71549,D,1412,x
71550,D,1491,x
71551,D,1851,x
71552,C,1864,x
71554,D,1058,x
71555,D,1992,x
71556,C,1931,x
71557,B,1669,x
71565,A,1845,x
71567,D,1985,x
71568,C,1141,x
71569,A,1746,x
71572,B,1013,x
71578,A,1023,x
71580,C,1240,x
71581,D,1696,x
71582,D,1155,x
71584,D,1827,x
71586,A,1736,x
71588,C,1949,x
71595,D,1378,x
71598,C,1187,x
71600,A,1887,x
71601,B,1147,x
71603,C,1782,x
71604,C,1540,x
71606,C,1463,x
71607,D,1752,x
71608,B,1761,x
71611,D,1625,x
71612,B,1396,x
71614,D,1363,x
71617,A,1511,x
71618,A,1495,x
71620,D,1771,x
71621,A,1567,x
71623,A,1488,x
71624,C,1434,x
71626,C,1185,x
71627,C,1693,x
71628,A,1352,x
71629,D,1113,x
71630,C,1428,x
71632,C,1040,x
71634,B,1613,x
71636,D,1990,x
71638,B,1710,x
71639,C,1795,x
71642,B,1757,x
71643,D,1863,x
71645,D,1401,x
71646,D,1433,x
71647,B,1772,x
71648,D,1676,x
71650,C,1810,x
71651,C,1414,x
71652,A,1341,x
71653,B,1543,x
71657,C,1447,x
71659,A,1458,x
71661,A,1484,x
71662,A,1004,x
71664,C,1698,x
71666,A,1453,x
71670,B,1484,x
71671,C,1507,x
71673,A,1214,x
71674,D,1570,x
71677,D,1938,x
71678,D,1065,x
71679,A,1331,x
71681,B,1651,x
71684,A,1567,x
71685,D,1852,x
71687,C,1885,x
71689,B,1798,x
71690,D,1832,x
71691,D,1406,x
71692,B,1108,x
71693,A,1975,x
71694,D,1943,x
71695,B,1312,x
71697,C,1013,x
71698,A,1393,x
71699,D,1243,x
71701,B,1767,x
71704,B,1607,x
71706,C,1424,x
71708,D,1884,x
71710,B,1685,x
71712,A,1790,x
71714,B,1470,x
71715,D,1064,x
71718,B,1297,x
71724,B,1795,x
71725,C,1702,x
71727,B,1239,x
71728,C,1230,x
71730,A,1166,x
71731,D,1018,x
71732,B,1941,x
71734,D,1691,x
71736,B,1182,x
71738,D,1092,x
71740,B,1875,x
71741,C,1217,x
71743,B,1405,x
71744,A,1277,x
71745,D,1425,x
71747,B,1160,x
71749,C,1001,x
71750,B,1658,x
71752,A,1735,x
71754,C,1284,x
71755,A,1270,x
71756,A,1264,x
71757,C,1469,x
71763,A,1561,x
71765,B,1452,x
71771,B,1474,x
71773,C,1232,x
71778,C,1464,x
71779,B,1702,x
71780,A,1936,x
71781,B,1720,x
71785,D,1496,x
71790,C,1058,x
71792,C,1094,x
71797,D,1383,x
71799,B,1359,x
71800,C,1237,x
71803,D,1590,x
71804,A,1269,x
71807,C,1613,x
71809,A,1182,x
71810,C,1990,x
71812,A,1890,x
71813,B,1538,x
71815,C,1701,x
71817,D,1991,x
71819,B,1933,x
71820,A,1791,x
71821,A,1306,x
71822,C,1849,x
71824,C,1878,x
71829,C,1698,x
71830,B,1473,x
71831,A,1633,x
71833,D,1089,x
71834,A,1144,x
71836,B,1530,x
71837,D,1014,x
71839,C,1142,x
71840,C,1573,x
71841,D,1508,x
71842,C,1198,x
71845,D,1161,x
71850,D,1621,x
71851,A,1422,x
71852,C,1775,x
71855,B,1748,x
71859,B,1023,x
71860,D,1250,x
71861,B,1297,x
71864,D,1701,x
71866,D,1656,x
71868,D,1107,x
71871,B,1048,x
71873,B,1512,x
71874,A,1240,x
71876,B,1977,x
71882,D,1185,x
71884,C,1848,x
71885,A,1422,x
71887,C,1134,x
71891,C,1280,x
71894,B,1684,x
71895,A,1355,x
71899,C,1760,x
71901,C,1817,x
71902,D,1151,x
71903,B,1640,x
71904,A,1300,x
71905,A,1661,x
71906,B,1375,x
71909,A,1583,x
71914,B,1126,x
71915,D,1544,x
71919,A,1826,x
71920,A,1892,x
71922,D,1538,x
71923,A,1003,x
71924,C,1023,x
71926,D,1024,x
71927,C,1189,x
71928,D,1125,x
71930,A,1124,x
71931,C,1725,x
71932,D,1747,x
71934,C,1102,x
71936,D,1229,x
71937,D,1441,x
71938,A,1268,x
71941,B,1511,x
71943,D,1450,x
71945,D,1034,x
71947,B,1744,x
71948,C,1281,x
71952,B,1004,x
71959,D,1249,x
71960,A,1067,x
71962,C,1730,x
71963,C,1340,x
71964,B,1112,x
71966,B,1798,x
71967,B,1070,x
71972,B,1041,x
71973,C,1055,x
71975,C,1744,x
71981,B,1945,x
71982,A,1169,x
71983,D,1505,x
71985,B,1110,x
71987,D,1302,x
71990,A,1817,x
71991,B,1651,x
71992,B,1686,x
71994,B,1392,x
71999,A,1635,x
72002,B,1032,x
72004,D,1876,x
72008,D,1193,x
72014,D,1709,x
72015,A,1769,x
72019,D,1870,x
72020,B,1754,x
72023,C,1205,x
72027,D,1615,x
72028,C,1463,x
72029,C,1805,x
72033,B,1634,x
72034,A,1859,x
72036,D,1026,x
72039,B,1355,x
72040,B,1098,x
72041,B,1715,x
72042,D,1790,x
72045,D,1548,x
72047,B,1667,x
72051,D,1092,x
72053,B,1708,x
72054,B,1879,x
72055,C,1451,x
72059,B,1122,x
72061,C,1147,x
72063,D,1807,x
72064,B,1651,x
72066,A,1465,x
72067,C,1711,x
72070,C,1037,x
72071,C,1992,x
72072,B,1887,x
72075,B,1534,x
72077,D,1081,x
72078,D,1038,x
72079,B,1426,x
72080,A,1139,x
72082,D,1659,x
72083,B,1574,x
72084,D,1947,x
72086,B,1291,x
72087,B,1220,x
72090,C,1815,x
72092,D,1879,x
72094,D,1229,x
72095,D,1638,x
72099,C,1358,x
72100,C,1616,x
72103,D,1983,x
72104,A,1981,x
72106,C,1459,x
72109,A,1362,x
72111,A,1820,x
72113,B,1538,x
72114,C,1174,x
72115,C,1972,x
72118,A,1939,x
72119,B,1553,x
72124,D,1146,x
72125,A,1639,x
72127,C,1773,x
72132,B,1325,x
72134,D,1501,x
72135,B,1647,x
72139,B,1678,x
72140,A,1293,x
72146,C,1122,x
72148,D,1191,x
72150,D,1755,x
72153,D,1643,x
72155,B,1008,x
72156,D,1114,x
72157,D,1158,x
72158,B,1973,x
72160,A,1879,x
72162,B,1605,x
72164,A,1484,x
72168,A,1211,x
72170,B,1656,x
72171,A,1427,x
72172,C,1947,x
72173,B,1233,x
72177,D,1697,x
72178,A,1321,x
72179,A,1351,x
72181,B,1213,x
72186,D,1938,x
72189,C,1492,x
72190,B,1337,x
72194,C,1396,x
72195,D,1489,x
72199,D,1740,x
72206,C,1935,x
72213,A,1335,x
72214,A,1333,x
72215,A,1701,x
72219,B,1409,x
72222,D,1852,x
72223,C,1361,x
72224,B,1601,x
72226,C,1125,x
72227,B,1627,x
72228,D,1985,x
72229,D,1070,x
72231,A,1267,x
72234,A,1199,x
72235,C,1344,x
72236,C,1108,x
72241,C,1081,x
72242,C,1933,x
72244,D,1880,x
72245,B,1832,x
72246,A,1138,x
72250,D,1813,x
72253,D,1706,x
72254,B,1318,x
72255,B,1254,x
72260,C,1535,x
72263,D,1198,x
72264,C,1786,x
72266,C,1386,x
72267,B,1760,x
72272,D,1248,x
72273,B,1581,x
72275,A,1359,x
72276,A,1811,x
72278,C,1712,x
72280,B,1484,x
72282,A,1089,x
72283,C,1870,x
72284,B,1884,x
72286,A,1843,x
72288,A,1710,x
72291,A,1867,x
72297,A,1476,x
72299,A,1719,x
72302,B,1714,x
72304,A,1698,x
72305,C,1134,x
72306,A,1329,x
72307,D,1490,x
72309,C,1510,x
72310,C,1402,x
72311,A,1636,x
72314,A,1195,x
72319,C,1068,x
72321,C,1410,x
72322,A,1934,x
72324,D,1039,x
72329,C,1185,x
72331,B,1657,x
72333,A,1852,x
72338,D,1081,x
72344,B,1759,x
72345,B,1378,x
72346,D,1075,x
72347,C,1944,x
72348,B,1894,x
72350,D,1367,x
72352,C,1860,x
72353,A,1450,x
72355,A,1925,x
72358,C,1532,x
72360,B,1958,x
72361,D,1877,x
72362,D,1203,x
72363,A,1549,x
72368,B,1046,x
72370,B,1117,x
72375,B,1952,x
72378,B,1513,x
72379,B,1171,x
72380,C,1567,x
72383,C,1758,x
72384,C,1804,x
72387,C,1156,x
72388,A,1098,x
72389,A,1059,x
72393,C,1373,x
72395,A,1985,x
72398,D,1298,x
72399,C,1945,x
72400,B,1980,x
72401,A,1153,x
72403,B,1139,x
72406,D,1930,x
72407,A,1114,x
72411,A,1310,x
72415,D,1438,x
72416,A,1840,x
72420,B,1552,x
72422,C,1611,x
72432,A,1920,x
72435,C,1831,x
72438,C,1530,x
72439,D,1395,x
72442,D,1926,x
72444,B,1774,x
72446,C,1500,x
72447,B,1271,x
72450,D,1008,x
72451,A,1289,x
72453,D,1813,x
72455,B,1076,x
72457,C,1866,x
72460,B,1990,x
72461,A,1653,x
72463,D,1519,x
72465,A,1824,x
72466,C,1716,x
72467,B,1281,x
72468,B,1029,x
72469,C,1225,x
72470,A,1551,x
72471,D,1318,x
72474,A,1716,x
72476,B,1289,x
72479,C,1080,x
72481,B,1667,x
72482,D,1716,x
72483,D,1638,x
72484,D,1596,x
72485,D,1466,x
72486,C,1679,x
72487,B,1498,x
72491,D,1696,x
72492,D,1886,x
72494,A,1862,x
72495,D,1970,x
72496,A,1288,x
72500,C,1987,x
72502,A,1415,x
72506,C,1767,x
72508,C,1024,x
72509,B,1180,x
72511,D,1313,x
72516,A,1093,x
72517,D,1722,x
72518,C,1344,x
72521,B,1337,x
72523,C,1801,x
72525,C,1185,x
72526,C,1892,x
72527,C,1944,x
72528,C,1351,x
72529,B,1567,x
72532,B,1300,x
72536,B,1470,x
72539,D,1726,x
72543,A,1558,x
72548,C,1664,x
72550,C,1930,x
72551,C,1472,x
72553,D,1636,x
72554,D,1087,x
72556,D,1253,x
72557,A,1467,x
72558,D,1203,x
72559,C,1763,x
72560,B,1357,x
72561,B,1382,x
72571,C,1287,x
72573,D,1967,x
72576,A,1780,x
72580,B,1870,x
72583,A,1678,x
72585,B,1307,x
72586,A,1549,x
72587,D,1437,x
72589,B,1171,x
72590,A,1863,x
72591,C,1780,x
72595,A,1867,x
72597,A,1699,x
72598,B,1390,x
72599,D,1027,x
72601,D,1884,x
72602,D,1620,x
72603,D,1396,x
72605,D,1747,x
72606,D,1079,x
72607,A,1451,x
72611,A,1528,x
72613,C,1200,x
72618,C,1578,x
72621,A,1629,x
72623,B,1338,x
72624,B,1239,x
72631,A,1832,x
72632,C,1400,x
72634,B,1019,x
72637,D,1101,x
72640,B,1281,x
72642,D,1894,x
72643,A,1671,x
72650,B,1612,x
72654,D,1353,x
72655,A,1532,x
72657,D,1073,x
72660,D,1741,x
72663,D,1983,x
72664,D,1676,x
72668,B,1700,x
72669,D,1540,x
72670,D,1780,x
72671,C,1016,x
72673,B,1594,x
72674,D,1581,x
72678,C,1768,x
72682,A,1058,x
72683,A,1628,x
72685,C,1959,x
72686,C,1666,x
72688,D,1729,x
72690,C,1065,x
72693,C,1586,x
72694,C,1267,x
72695,A,1278,x
72697,A,1238,x
72702,A,1070,x
72704,B,1961,x
72705,C,1080,x
72707,C,1573,x
72712,C,1914,x
72713,A,1180,x
72714,A,1175,x
72716,C,1856,x
72719,C,1530,x
72720,D,1617,x
72721,B,1410,x
72722,B,1200,x
72724,A,1707,x
72725,B,1933,x
72726,B,1014,x
72727,C,1316,x
72728,B,1056,x
72729,D,1938,x
72730,D,1009,x
72731,B,1243,x
72732,D,1642,x
72733,A,1492,x
72734,A,1871,x
72735,C,1477,x
72740,B,1753,x
72741,C,1543,x
72742,B,1335,x
72743,C,1410,x
72744,A,1177,x
72746,A,1906,x
72749,A,1367,x
72753,C,1197,x
72756,B,1379,x
72758,A,1014,x
72760,A,1099,x
72764,C,1288,x
72765,B,1058,x
72766,B,1885,x
72768,A,1467,x
72772,D,1455,x
72775,D,1228,x
72781,A,1800,x
72782,D,1383,x
72783,C,1789,x
72784,D,1582,x
72787,D,1507,x
72788,B,1376,x
72792,D,1497,x
72793,D,1686,x
72794,B,1764,x
72797,C,1671,x
72798,C,1097,x
72799,B,1862,x
72803,B,1311,x
72805,A,1717,x
72806,A,1738,x
72807,D,1556,x
72808,D,1143,x
72812,A,1759,x
72815,D,1713,x
72818,C,1504,x
72820,B,1754,x
72821,B,1930,x
72822,C,1151,x
72823,A,1609,x
72824,B,1594,x
72826,A,1864,x
72828,D,1545,x
72829,A,1516,x
72831,A,1904,x
72832,C,1921,x
72833,C,1817,x
72837,C,1177,x
72839,A,1880,x
72842,A,1376,x
72845,D,1679,x
72849,B,1515,x
72851,A,1647,x
72854,D,1388,x
72857,B,1323,x
72859,C,1552,x
72860,D,1339,x
72861,B,1953,x
72863,A,1889,x
72864,B,1821,x
72867,A,1542,x
72875,D,1258,x
72876,A,1748,x
72878,A,1789,x
72879,B,1563,x
72883,A,1595,x
72884,A,1655,x
72887,B,1240,x
72888,D,1870,x
72889,C,1057,x
72890,C,1241,x
72893,D,1183,x
72896,C,1920,x
72899,B,1496,x
72900,D,1425,x
72908,C,1938,x
72910,A,1287,x
72911,D,1614,x
72923,A,1253,x
72924,C,1978,x
72925,A,1879,x
72926,A,1301,x
72930,A,1599,x
72934,C,1435,x
72935,A,1332,x
72940,D,1732,x
72942,A,1447,x
72943,A,1349,x
72944,D,1569,x
72945,A,1111,x
72946,B,1180,x
72949,C,1021,x
72951,B,1179,x
72952,C,1871,x
72953,C,1904,x
72955,D,1234,x
72958,D,1284,x
72960,A,1345,x
72961,A,1193,x
72964,D,1091,x
72965,A,1323,x
72968,A,1567,x
72971,D,1638,x
72973,D,1616,x
72974,A,1741,x
72975,A,1519,x
72977,B,1325,x
72981,A,1436,x
72982,C,1833,x
72983,C,1541,x
72986,A,1220,x
72987,C,1968,x
72988,D,1703,x
72990,C,1891,x
72991,A,1821,x
72992,C,1249,x
72993,C,1888,x
72995,A,1509,x
72999,B,1108,x
73000,A,1926,x
73003,A,1285,x
73006,C,1762,x
73007,D,1749,x
73011,B,1505,x
73012,D,1943,x
73014,A,1437,x
73015,A,1964,x
73016,B,1501,x
73018,A,1963,x
73019,C,1639,x
73025,D,1719,x
73030,D,1857,x
73031,C,1835,x
73032,D,1721,x
73034,C,1134,x
73036,B,1439,x
73037,C,1092,x
73042,C,1919,x
73044,D,1720,x
73046,B,1126,x
73049,B,1559,x
73051,A,1903,x
73052,C,1243,x
73054,D,1040,x
73056,B,1839,x
73059,B,1812,x
73061,D,1012,x
73067,B,1505,x
73068,C,1714,x
73069,D,1201,x
73070,D,1223,x
73071,C,1469,x
73073,B,1182,x
73078,C,1234,x
73080,A,1414,x
73082,A,1659,x
73084,A,1605,x
73085,A,1907,x
73086,A,1061,x
73087,C,1712,x
73089,D,1623,x
73090,D,1765,x
73093,C,1546,x
73094,B,1169,x
73096,B,1394,x
73097,D,1443,x
73098,A,1418,x
73099,A,1481,x
73100,D,1789,x
73101,B,1886,x
73102,B,1754,x
73103,A,1726,x
73106,D,1255,x
73108,A,1092,x
73112,B,1437,x
73115,D,1415,x
73117,D,1884,x
73122,A,1912,x
73123,B,1527,x
73124,A,1627,x
73125,D,1872,x
73131,D,1414,x
73134,A,1004,x
73135,C,1960,x
73136,C,1313,x
73138,B,1834,x
73141,A,1790,x
73142,A,1359,x
73143,A,1118,x
73145,C,1044,x
73146,D,1527,x
73152,B,1347,x
73153,C,1677,x
73154,D,1373,x
73155,D,1457,x
73157,D,1774,x
73158,B,1817,x
73161,D,1739,x
73162,B,1092,x
73164,C,1017,x
73165,C,1361,x
73167,C,1320,x
73168,D,1616,x
73170,C,1389,x
73171,B,1969,x
73172,D,1174,x
73173,A,1820,x
73174,A,1477,x
73176,D,1329,x
73178,A,1517,x
73179,B,1043,x
73180,A,1019,x
73184,A,1753,x
73186,B,1532,x
73188,C,1635,x
73189,D,1983,x
73190,C,1177,x
73194,C,1541,x
73195,A,1684,x
73198,B,1757,x
73199,D,1091,x
73200,C,1311,x
73201,A,1792,x
73203,B,1940,x
73205,C,1091,x
73207,A,1804,x
73208,C,1410,x
73210,B,1270,x
73211,A,1112,x
73213,C,1977,x
73214,A,1161,x
73215,C,1246,x
73219,B,1589,x
73221,D,1553,x
73222,B,1045,x
73224,D,1514,x
73225,D,1731,x
73226,D,1415,x
73229,A,1584,x
73231,B,1114,x
73233,A,1342,x
73235,A,1393,x
73236,D,1686,x
73238,B,1936,x
73240,A,1522,x
73242,A,1545,x
73243,A,1519,x
73245,A,1126,x
73249,C,1667,x
73250,B,1786,x
73252,B,1053,x
73254,A,1262,x
73257,D,1806,x
73260,C,1712,x
73261,D,1390,x
73264,A,1292,x
73265,A,1965,x
73267,D,1611,x
73272,C,1775,x
73273,D,1526,x
73274,B,1407,x
73275,D,1553,x
73276,B,1220,x
73277,C,1989,x
73278,D,1741,x
73279,B,1401,x
73282,C,1182,x
73283,B,1760,x
73284,D,1893,x
73285,A,1505,x
73286,B,1560,x
73287,B,1779,x
73292,B,1950,x
73293,C,1283,x
73294,D,1090,x
73295,B,1028,x
73296,B,1881,x
73297,A,1614,x
73300,D,1563,x
73302,C,1032,x
73303,B,1137,x
73305,B,1252,x
73308,C,1285,x
73310,B,1809,x
73313,B,1055,x
73315,C,1183,x
73316,C,1070,x
73319,B,1534,x
73321,B,1604,x
73324,A,1754,x
73328,A,1284,x
73329,B,1326,x
73330,D,1309,x
73332,C,1524,x
73333,A,1274,x
73337,B,1157,x
73341,A,1994,x
73342,C,1033,x
73343,C,1096,x
73345,B,1187,x
73347,A,1460,x
73348,B,1021,x
73349,A,1844,x
73351,C,1599,x
73352,D,1950,x
73353,D,1530,x
73356,C,1930,x
73359,B,1508,x
73360,A,1307,x
73366,A,1676,x
73368,B,1008,x
73369,A,1775,x
73370,D,1219,x
73371,B,1889,x
73374,B,1281,x
73376,C,1389,x
73377,A,1320,x
73378,A,1715,x
73379,D,1834,x
73382,B,1775,x
73383,D,1487,x
73384,C,1930,x
73385,A,1590,x
73387,C,1585,x
73389,C,1712,x
73393,D,1844,x
73396,C,1279,x
73398,B,1509,x
73399,D,1307,x
73400,C,1016,x
73401,B,1743,x
73402,A,1500,x
73403,A,1772,x
73405,C,1522,x
73406,C,1210,x
73407,C,1176,x
73409,A,1586,x
73412,B,1817,x
73413,D,1284,x
73414,C,1186,x
73415,B,1285,x
73417,B,1635,x
73418,A,1343,x
73423,C,1651,x
73424,D,1610,x
73426,B,1636,x
73427,C,1810,x
73431,B,1042,x
73435,D,1412,x
73436,B,1060,x
73438,C,1333,x
73439,A,1383,x
73441,C,1600,x
73442,D,1454,x
73444,C,1380,x
73448,B,1619,x
73449,A,1091,x
73451,C,1336,x
73453,A,1456,x
73454,A,1365,x
73456,C,1755,x
73462,D,1133,x
73464,A,1482,x
73465,C,1395,x
73466,B,1540,x
73467,C,1825,x
73468,B,1069,x
73469,B,1967,x
73471,A,1551,x
73473,C,1309,x
73474,D,1555,x
73475,D,1284,x
73482,B,1188,x
73483,B,1584,x
73489,A,1277,x
73490,D,1229,x
73491,C,1619,x
73493,C,1145,x
73497,C,1904,x
73499,D,1281,x
73501,A,1402,x
73506,D,1756,x
73507,B,1285,x
73509,D,1472,x
73512,A,1140,x
73513,A,1369,x
73517,B,1870,x
73519,A,1554,x
73521,A,1231,x
73522,A,1810,x
73523,B,1979,x
73525,B,1595,x
73526,C,1306,x
73528,C,1361,x
73529,C,1216,x
73537,A,1507,x
73539,B,1974,x
73540,A,1355,x
73544,C,1850,x
73546,B,1905,x
73548,D,1106,x
73549,C,1022,x
73551,A,1698,x
73552,D,1443,x
73554,D,1891,x
73558,D,1807,x
73562,D,1085,x
73563,B,1729,x
73564,B,1258,x
73565,D,1046,x
73566,B,1248,x
73567,A,1641,x
73571,A,1722,x
73572,B,1964,x
73573,D,1058,x
73575,D,1748,x
73576,A,1991,x
73577,C,1835,x
73579,C,1240,x
73581,A,1328,x
73586,A,1232,x
73587,B,1890,x
73591,D,1696,x
73592,B,1924,x
73593,C,1082,x
73595,D,1114,x
73596,B,1884,x
73597,D,1812,x
73599,C,1143,x
73601,D,1244,x
73604,B,1290,x
73606,C,1129,x
73610,C,1402,x
73612,D,1639,x
73616,A,1508,x
73617,D,1377,x
73619,C,1375,x
73623,D,1693,x
73624,A,1316,x
73625,B,1220,x
73626,D,1682,x
73629,A,1416,x
73630,C,1064,x
73631,D,1725,x
73635,C,1099,x
73636,C,1204,x
73637,A,1069,x
73638,C,1557,x
73640,C,1298,x
73644,B,1285,x
73646,B,1456,x
73650,C,1910,x
73651,C,1039,x
73652,B,1277,x
73656,A,1745,x
73657,C,1913,x
73661,A,1064,x
73664,C,1836,x
73667,A,1756,x
73669,C,1685,x
73674,D,1325,x
73675,D,1591,x
73676,D,1455,x
73677,D,1185,x
73679,D,1581,x
73680,D,1811,x
73681,D,1868,x
73682,D,1881,x
73683,B,1978,x
73685,D,1143,x
73686,A,1639,x
73688,B,1358,x
73690,B,1219,x
73691,C,1959,x
73692,A,1269,x
73693,D,1765,x
73694,D,1034,x
73698,C,1238,x
73699,A,1163,x
73701,C,1709,x
73702,C,1647,x
73706,A,1492,x
73708,B,1999,x
73711,C,1305,x
73713,D,1862,x
73718,D,1261,x
73720,D,1038,x
73723,B,1206,x
73724,A,1420,x
73726,C,1391,x
73727,C,1252,x
73731,A,1550,x
73733,A,1786,x
73734,B,1142,x
73735,C,1814,x
73737,C,1380,x
73738,A,1048,x
73741,C,1078,x
73742,A,1239,x
73744,C,1234,x
73746,D,1433,x
73749,D,1272,x
73753,C,1352,x
73754,D,1660,x
73755,B,1930,x
73756,D,1880,x
73757,A,1740,x
73758,C,1681,x
73761,D,1107,x
73762,B,1760,x
73764,C,1030,x
73765,C,1259,x
73766,D,1300,x
73768,C,1655,x
73770,B,1513,x
73771,B,1276,x
73775,C,1759,x
73777,D,1014,x
73778,C,1057,x
73779,C,1770,x
73780,D,1353,x
73782,D,1884,x
73785,C,1805,x
73786,D,1568,x
73787,D,1459,x
73791,D,1617,x
73793,D,1169,x
73794,D,1673,x
73795,A,1998,x
73796,A,1842,x
73797,B,1039,x
73798,D,1280,x
73802,B,1311,x
73803,B,1570,x
73804,A,1944,x
73805,C,1683,x
73807,B,1181,x
73809,C,1412,x
73813,C,1653,x
73814,C,1930,x
73815,D,1252,x
73816,A,1603,x
73819,B,1599,x
73822,B,1742,x
73823,C,1944,x
73824,C,1602,x
73826,A,1870,x
73827,A,1630,x
73828,D,1383,x
73836,D,1440,x
73837,A,1417,x
73839,C,1700,x
73841,C,1616,x
73842,B,1253,x
73844,B,1471,x
73845,B,1337,x
73846,B,1350,x
73847,A,1104,x
73848,A,1919,x
73853,C,1510,x
73854,A,1010,x
73856,D,1400,x
73858,B,1298,x
73860,C,1837,x
73861,C,1021,x
73862,A,1435,x
73863,B,1767,x
73864,B,1445,x
73865,C,1153,x
73867,A,1046,x
73869,B,1969,x
73870,C,1578,x
73871,C,1566,x
73872,B,1530,x
73873,C,1166,x
73875,B,1282,x
73878,B,1517,x
73879,C,1634,x
73880,A,1786,x
73883,B,1962,x
73884,D,1904,x
73886,C,1815,x
73888,C,1767,x
73893,B,1927,x
73899,D,1505,x
73903,A,1666,x
73904,C,1991,x
73905,A,1654,x
73906,B,1717,x
73907,A,1864,x
73911,A,1602,x
73912,B,1892,x
73914,C,1678,x
73915,A,1659,x
73916,C,1298,x
73917,A,1006,x
73918,D,1683,x
73919,C,1879,x
73921,B,1086,x
73924,A,1169,x
73925,D,1003,x
73928,A,1239,x
73930,B,1462,x
73933,C,1945,x
73935,B,1833,x
73936,D,1575,x
73937,A,1943,x
73940,D,1799,x
73944,A,1200,x
73946,A,1036,x
73947,D,1748,x
73948,D,1396,x
73950,C,1794,x
73951,C,1260,x
73952,D,1377,x
73953,C,1564,x
73956,B,1247,x
73958,D,1381,x
73959,C,1875,x
73961,D,1543,x
73964,D,1954,x
73965,D,1659,x
73967,C,1567,x
73968,A,1134,x
73969,B,1521,x
73970,B,1885,x
73971,D,1625,x
73973,B,1188,x
73975,C,1832,x
73977,D,1728,x
73978,B,1398,x
73979,C,1008,x
73984,C,1663,x
73995,D,1435,x
73996,C,1335,x
73997,D,1967,x
73998,A,1499,x
74000,A,1022,x
74001,A,1065,x
74003,C,1080,x
74004,A,1698,x
74005,B,1424,x
74006,C,1104,x
74008,A,1020,x
74009,C,1519,x
74010,C,1517,x
74012,C,1803,x
74014,A,1596,x
74020,C,1429,x
74021,D,1438,x
74023,A,1091,x
74024,A,1418,x
74025,D,1274,x
74033,A,1357,x
74034,B,1917,x
74036,C,1654,x
74037,B,1126,x
74040,A,1017,x
74041,A,1178,x
74042,D,1026,x
74043,D,1337,x
74046,B,1016,x
74047,D,1994,x
74049,A,1761,x
74050,C,1819,x
74055,A,1173,x
74056,B,1427,x
74057,A,1491,x
74058,C,1536,x
74060,D,1043,x
74064,A,1596,x
74066,A,1401,x
74069,C,1808,x
74071,A,1652,x
74075,C,1426,x
74076,A,1733,x
74078,B,1461,x
74079,C,1982,x
74081,B,1207,x
74084,A,1588,x
74085,A,1102,x
74086,D,1166,x
74087,D,1041,x
74090,C,1499,x
74091,B,1692,x
74092,A,1665,x
74095,D,1352,x
74096,B,1586,x
74097,D,1554,x
74098,C,1659,x
74101,D,1018,x
74102,B,1835,x
74103,B,1346,x
74104,C,1506,x
74105,A,1598,x
74106,D,1018,x
74107,A,1309,x
74109,D,1473,x
74113,B,1581,x
74115,A,1551,x
74116,A,1948,x
74117,A,1923,x
74119,A,1006,x
74121,C,1648,x
74124,B,1078,x
74125,A,1705,x
74126,C,1935,x
74127,B,1583,x
74128,B,1393,x
74130,B,1480,x
74132,B,1575,x
74133,D,1419,x
74141,C,1090,x
74144,C,1988,x
74145,D,1996,x
74146,C,1287,x
74150,B,1270,x
74152,A,1226,x
74153,B,1597,x
74159,B,1744,x
74160,B,1196,x
74161,A,1033,x
74164,D,1931,x
74166,B,1398,x
74168,A,1963,x
74172,D,1930,x
74174,D,1470,x
74176,D,1471,x
74179,D,1873,x
74180,C,1590,x
74181,B,1576,x
74182,D,1653,x
74183,B,1798,x
74187,A,1051,x
74188,B,1423,x
74189,D,1188,x
74192,C,1558,x
74194,A,1978,x
74201,D,1882,x
74203,D,1184,x
74206,C,1754,x
74208,C,1421,x
74211,B,1174,x
74212,B,1454,x
74214,C,1886,x
74215,B,1939,x
74217,B,1346,x
74219,C,1464,x
74223,C,1326,x
74226,B,1642,x
74227,A,1680,x
74228,C,1852,x
74229,A,1353,x
74230,C,1736,x
74231,B,1679,x
74232,A,1263,x
74233,B,1578,x
74234,D,1762,x
74237,C,1077,x
74240,A,1274,x
74241,C,1787,x
74243,B,1600,x
74247,B,1782,x
74248,D,1358,x
74250,A,1560,x
74253,D,1731,x
74254,A,1628,x
74255,C,1721,x
74258,C,1217,x
74260,C,1047,x
74261,C,1530,x
74264,B,1812,x
74266,D,1307,x
74267,A,1295,x
74268,A,1815,x
74269,A,1865,x
74271,D,1095,x
74278,A,1838,x
74281,B,1750,x
74282,C,1428,x
74285,B,1583,x
74286,B,1647,x
74293,B,1433,x
74296,C,1713,x
74299,A,1171,x
74300,A,1840,x
74301,C,1765,x
74302,D,1561,x
74303,B,1258,x
74305,C,1578,x
74307,C,1869,x
74308,A,1298,x
74309,D,1432,x
74310,B,1953,x
74311,D,1062,x
74312,D,1437,x
74318,A,1468,x
74322,A,1254,x
74323,C,1600,x
74324,C,1362,x
74326,C,1049,x
74328,C,1943,x
74329,A,1736,x
74331,C,1570,x
74332,C,1075,x
74334,A,1917,x
74338,A,1162,x
74339,B,1138,x
74340,A,1560,x
74343,A,1519,x
74348,D,1737,x
74350,A,1615,x
74352,C,1740,x
74354,A,1774,x
74356,B,1140,x
74357,A,1657,x
74358,A,1215,x
74359,C,1138,x
74360,C,1268,x
74361,D,1361,x
74362,C,1800,x
74368,C,1041,x
74369,B,1777,x
74370,D,1330,x
74371,B,1957,x
74373,A,1450,x
74375,D,1549,x
74379,B,1242,x
74381,D,1157,x
74382,A,1591,x
74385,C,1140,x
74386,C,1521,x
74387,A,1129,x
74391,D,1580,x
74393,D,1985,x
74394,B,1628,x
74395,C,1654,x
74396,B,1583,x
74398,C,1216,x
74402,C,1093,x
74406,D,1905,x
74407,A,1863,x
74409,A,1429,x
74410,A,1319,x
74411,A,1500,x
74413,D,1157,x
74414,A,1815,x
74417,C,1937,x
74420,D,1962,x
74421,B,1929,x
74423,B,1730,x
74425,A,1890,x
74426,C,1807,x
74429,A,1762,x
74430,A,1818,x
74431,C,1323,x
74432,A,1304,x
74433,D,1371,x
74434,C,1035,x
74435,D,1816,x
74437,D,1022,x
74441,C,1692,x
74442,D,1911,x
74443,B,1283,x
74444,D,1442,x
74445,C,1870,x
74447,C,1631,x
74449,B,1265,x
74452,B,1817,x
74453,C,1407,x
74454,A,1005,x
74457,B,1435,x
74461,A,1058,x
74465,B,1329,x
74466,A,1428,x
74467,B,1660,x
74468,A,1203,x
74470,A,1326,x
74472,D,1894,x
74473,C,1733,x
74474,A,1734,x
74477,A,1469,x
74479,D,1908,x
74480,D,1303,x
74482,B,1226,x
74483,C,1322,x
74485,A,1785,x
74487,A,1210,x
74491,A,1155,x
74494,B,1370,x
74495,B,1051,x
74497,C,1379,x
74498,A,1565,x
74499,B,1739,x
74501,D,1653,x
74502,B,1809,x
74503,B,1287,x
74507,B,1529,x
74510,C,1599,x
74511,C,1189,x
74512,D,1438,x
74514,C,1639,x
74517,B,1547,x
74519,C,1994,x
74520,B,1196,x
74521,D,1221,x
74522,D,1712,x
74524,D,1168,x
74526,C,1211,x
74527,A,1113,x
74533,B,1042,x
74536,D,1721,x
74537,C,1929,x
74543,A,1751,x
74545,D,1275,x
74550,C,1339,x
74557,D,1865,x
74559,A,1352,x
74561,C,1133,x
74562,C,1199,x
74563,A,1625,x
74565,A,1663,x
74571,D,1345,x
74572,D,1020,x
74575,B,1847,x
74576,D,1136,x
74577,D,1965,x
74578,A,1417,x
74579,C,1126,x
74580,C,1107,x
74581,D,1024,x
74582,D,1371,x
74583,A,1337,x
74585,B,1707,x
74587,A,1394,x
74590,A,1464,x
74591,C,1977,x
74594,D,1681,x
74595,B,1563,x
74597,D,1348,x
74598,D,1651,x
74605,B,1002,x
74612,C,1829,x
74619,D,1049,x
74622,B,1290,x
74627,A,1221,x
74631,C,1308,x
74632,C,1936,x
74634,B,1958,x
74635,A,1101,x
74637,C,1518,x
74639,D,1797,x
74641,B,1109,x
74642,A,1052,x
74644,A,1564,x
74645,C,1901,x
74651,A,1290,x
74652,B,1783,x
74653,D,1496,x
74662,B,1598,x
74663,B,1998,x
74664,C,1342,x
74665,A,1337,x
74666,D,1556,x
74668,D,1453,x
74671,C,1619,x
74673,C,1853,x
74677,A,1918,x
74680,B,1567,x
74683,B,1275,x
74684,B,1726,x
74685,C,1823,x
74686,A,1292,x
74689,C,1315,x
74691,B,1918,x
74694,D,1957,x
74696,B,1913,x
74698,A,1919,x
74699,B,1602,x
74700,B,1561,x
74701,D,1224,x
74702,C,1977,x
74705,C,1519,x
74706,B,1076,x
74708,B,1176,x
74709,B,1249,x
74710,D,1576,x
74712,D,1913,x
74713,D,1581,x
74715,A,1642,x
74716,A,1117,x
74717,C,1235,x
74718,C,1240,x
74722,D,1558,x
74723,C,1290,x
74728,D,1941,x
74729,C,1074,x
74730,D,1428,x
74731,B,1730,x
74732,D,1724,x
74734,A,1019,x
74737,C,1553,x
74740,D,1193,x
74745,C,1460,x
74746,C,1306,x
74750,A,1406,x
74755,A,1851,x
74758,D,1532,x
74760,A,1501,x
74761,A,1624,x
74764,C,1319,x
74765,D,1826,x
74771,D,1538,x
74772,C,1076,x
74773,D,1577,x
74774,D,1148,x
74777,C,1988,x
74779,C,1550,x
74781,C,1520,x
74783,A,1928,x
74785,B,1992,x
74788,B,1465,x
74791,D,1520,x
74793,B,1990,x
74794,C,1140,x
74795,B,1856,x
74796,B,1718,x
74801,D,1238,x
74804,A,1249,x
74805,A,1900,x
74807,D,1774,x
74809,C,1076,x
74810,D,1188,x
74811,B,1885,x
74812,B,1981,x
74813,A,1930,x
74817,C,1545,x
74818,D,1320,x
74821,D,1236,x
74822,C,1451,x
74824,B,1366,x
74829,A,1832,x
74831,C,1121,x
74832,A,1260,x
74833,B,1252,x
74835,C,1415,x
74839,D,1782,x
74841,D,1393,x
74844,A,1393,x
74847,D,1215,x
74849,C,1977,x
74850,B,1510,x
74853,A,1771,x
74854,D,1214,x
74857,A,1901,x
74858,B,1714,x
74859,D,1468,x
74860,C,1327,x
74861,B,1283,x
74863,A,1605,x
74866,D,1808,x
74868,B,1931,x
74869,B,1692,x
74870,C,1306,x
74871,D,1595,x
74872,A,1050,x
74873,A,1974,x
74877,D,1466,x
74878,D,1880,x
74880,B,1693,x
74881,D,1247,x
74883,A,1264,x
74884,D,1875,x
74886,D,1891,x
74887,D,1676,x
74888,D,1112,x
74889,D,1989,x
74894,C,1528,x
74895,B,1993,x
74896,B,1636,x
74897,D,1457,x
74900,D,1374,x
74902,C,1024,x
74903,D,1855,x
74905,A,1719,x
74907,D,1587,x
74914,B,1377,x
74918,D,1698,x
74919,B,1281,x
74921,D,1297,x
74923,C,1808,x
74929,B,1249,x
74931,C,1738,x
74933,B,1008,x
74934,C,1025,x
74935,A,1637,x
74937,B,1163,x
74938,D,1889,x
74944,A,1776,x
74945,B,1770,x
74947,A,1133,x
74949,B,1569,x
74951,B,1641,x
74956,A,1061,x
74960,A,1242,x
74961,C,1542,x
74962,C,1540,x
74964,C,1484,x
74965,A,1191,x
74966,A,1101,x
74969,B,1874,x
74972,B,1093,x
74973,C,1098,x
74974,C,1722,x
74976,B,1059,x
74977,D,1754,x
74980,A,1571,x
74983,A,1620,x
74984,D,1844,x
74985,B,1967,x
74986,A,1556,x
74987,D,1196,x
74990,B,1498,x
74993,D,1525,x
74994,B,1712,x
74995,A,1064,x
74996,B,1591,x
74997,B,1519,x
74998,C,1772,x
75000,A,1442,x
75001,A,1286,x
75004,B,1564,x
75005,C,1697,x
75006,B,1496,x
75007,B,1124,x
75014,C,1681,x
75015,A,1149,x
75016,C,1499,x
75017,D,1684,x
75021,D,1330,x
75022,C,1957,x
75023,C,1712,x
75024,C,1880,x
75025,B,1993,x
75026,B,1086,x
75031,B,1574,x
75034,A,1441,x
75039,D,1708,x
75041,A,1844,x
75042,B,1300,x
75043,C,1091,x
75044,D,1824,x
75046,B,1781,x
75047,D,1344,x
75048,A,1305,x
75049,C,1171,x
75053,D,1907,x
75055,B,1058,x
75057,D,1280,x
75060,C,1694,x
75061,D,1953,x
75062,C,1282,x
75063,C,1168,x
75065,D,1579,x
75067,A,1848,x
75068,C,1656,x
75071,B,1748,x
75072,D,1426,x
75076,A,1047,x
75078,D,1497,x
75079,B,1040,x
75082,C,1625,x
75083,B,1215,x
75085,D,1986,x
75090,A,1636,x
75091,A,1690,x
75093,A,1833,x
75094,B,1931,x
75096,A,1682,x
75098,C,1211,x
75100,C,1566,x
75103,A,1641,x
75104,C,1772,x
75106,D,1181,x
75108,D,1027,x
75109,D,1850,x
75110,A,1746,x
75111,A,1864,x
75116,B,1913,x
75117,C,1457,x
75120,B,1088,x
75121,D,1528,x
75122,D,1211,x
75123,A,1768,x
75128,A,1018,x
75133,A,1903,x
75135,C,1367,x
75137,D,1141,x
75138,C,1229,x
75142,B,1702,x
75143,D,1387,x
75145,A,1051,x
75148,A,1990,x
75150,D,1150,x
75157,D,1519,x
75159,B,1469,x
75162,C,1345,x
75166,A,1856,x
75167,B,1471,x
75169,A,1504,x
75173,B,1180,x
75174,D,1119,x
75175,D,1676,x
75177,D,1664,x
75179,D,1542,x
75180,B,1883,x
75181,C,1686,x
75182,C,1413,x
75191,A,1337,x
75192,C,1469,x
75193,D,1004,x
75194,B,1893,x
75196,D,1614,x
75199,A,1089,x
75200,A,1276,x
75202,B,1191,x
75203,C,1240,x
75204,D,1170,x
75205,B,1998,x
75206,D,1744,x
75207,A,1206,x
75208,D,1355,x
75209,B,1783,x
75210,C,1879,x
75215,A,1828,x
75216,D,1724,x
75217,A,1350,x
75218,C,1813,x
75220,C,1844,x
75222,D,1986,x
75226,D,1968,x
75227,A,1617,x
75228,D,1934,x
75230,D,1317,x
75232,A,1210,x
75233,D,1481,x
75234,B,1028,x
75235,D,1735,x
75236,B,1297,x
75237,B,1737,x
75241,C,1584,x
75245,A,1359,x
75248,A,1347,x
75250,C,1376,x
75252,B,1847,x
75254,D,1132,x
75255,C,1822,x
75258,C,1255,x
75260,A,1525,x
75261,C,1042,x
75263,D,1092,x
75264,D,1966,x
75266,C,1032,x
75268,D,1910,x
75269,C,1089,x
75270,D,1870,x
75274,A,1324,x
75275,C,1860,x
75276,B,1860,x
75278,D,1856,x
75279,B,1185,x
75280,A,1708,x
75282,D,1383,x
75283,A,1306,x
75285,A,1350,x
75288,C,1897,x
75289,D,1384,x
75291,B,1013,x
75292,C,1344,x
75294,B,1130,x
75295,C,1375,x
75297,A,1061,x
75299,B,1496,x
75302,A,1435,x
75304,A,1452,x
75305,C,1343,x
75310,B,1172,x
75311,B,1594,x
75313,A,1368,x
75314,C,1675,x
75317,C,1067,x
75318,A,1761,x
75320,B,1267,x
75321,D,1267,x
75323,D,1642,x
75328,C,1852,x
75336,A,1729,x
75337,D,1900,x
75339,D,1509,x
75340,B,1035,x
75342,C,1336,x
75343,D,1014,x
75345,C,1003,x
75349,D,1585,x
75350,A,1301,x
75352,B,1772,x
75356,D,1292,x
75358,C,1274,x
75359,A,1726,x
75360,C,1170,x
75363,A,1808,x
75364,B,1442,x
75367,C,1934,x
75372,A,1859,x
75373,B,1617,x
75377,A,1215,x
75378,C,1029,x
75379,D,1564,x
75381,D,1505,x
75385,A,1084,x
75387,A,1066,x
75390,B,1294,x
75391,B,1827,x
75392,A,1721,x
75395,C,1246,x
75396,C,1581,x
75398,C,1623,x
75399,D,1113,x
75401,B,1894,x
75403,D,1835,x
75404,D,1994,x
75405,A,1359,x
75406,D,1337,x
75407,C,1133,x
75408,C,1556,x
75410,C,1784,x
75411,D,1343,x
75412,C,1187,x
75413,D,1214,x
75415,D,1393,x
75417,D,1396,x
75422,A,1241,x
75423,D,1304,x
75425,C,1887,x
75426,D,1858,x
75427,C,1663,x
75428,B,1498,x
75429,D,1958,x
75432,B,1580,x
75433,B,1379,x
75434,A,1929,x
75435,D,1418,x
75437,B,1967,x
75439,A,1464,x
75441,A,1065,x
75442,D,1273,x
75454,D,1254,x
75457,C,1908,x
75461,C,1595,x
75462,D,1317,x
75463,A,1344,x
75464,D,1159,x
75471,D,1882,x
75472,D,1191,x
75473,A,1200,x
75475,B,1350,x
75478,D,1851,x
75479,C,1879,x
75482,B,1724,x
75483,C,1339,x
75484,B,1535,x
75486,D,1233,x
75488,D,1016,x
75489,A,1327,x
75490,D,1236,x
75491,C,1295,x
75492,B,1016,x
75494,B,1097,x
75495,D,1544,x
75497,D,1103,x
75498,C,1315,x
75501,D,1591,x
75503,B,1486,x
75505,D,1107,x
75506,A,1657,x
75510,D,1695,x
75512,D,1605,x
75513,C,1913,x
75514,A,1890,x
75515,B,1242,x
75516,A,1870,x
75517,B,1706,x
75518,B,1050,x
75521,C,1349,x
75525,C,1788,x
75526,D,1431,x
75528,C,1947,x
75529,A,1477,x
75532,A,1547,x
75533,D,1148,x
75539,A,1476,x
75540,C,1501,x
75541,A,1125,x
75543,A,1580,x
75544,A,1338,x
75545,D,1862,x
75546,A,1145,x
75549,C,1138,x
75550,A,1775,x
75551,A,1086,x
75552,D,1259,x
75557,C,1602,x
75560,D,1246,x
75561,B,1759,x
75562,D,1129,x
75565,B,1749,x
75566,D,1064,x
75576,D,1918,x
75577,D,1137,x
75581,B,1394,x
75582,D,1364,x
75583,A,1568,x
75587,D,1208,x
75589,A,1593,x
75590,B,1193,x
75591,A,1739,x
75595,C,1941,x
75597,A,1541,x
75598,A,1027,x
75601,B,1253,x
75602,D,1760,x
75603,D,1413,x
75604,A,1373,x
75605,C,1889,x
75608,B,1155,x
75609,B,1977,x
75610,D,1381,x
75611,D,1595,x
75615,A,1660,x
75616,B,1740,x
75617,C,1916,x
75620,B,1509,x
75622,D,1356,x
75623,B,1326,x
75629,A,1778,x
75630,B,1824,x
75635,C,1602,x
75636,B,1949,x
75637,B,1305,x
75641,C,1228,x
75642,D,1947,x
75643,A,1902,x
75646,C,1348,x
75647,B,1718,x
75648,C,1636,x
75650,D,1958,x
75653,B,1669,x
75655,D,1432,x
75661,A,1411,x
75662,D,1498,x
75666,D,1456,x
75667,D,1975,x
75673,D,1622,x
75677,B,1611,x
75678,D,1318,x
75679,A,1113,x
75680,B,1499,x
75681,D,1865,x
75682,B,1788,x
75683,A,1127,x
75685,B,1841,x
75689,D,1800,x
75692,A,1905,x
75693,D,1846,x
75695,D,1748,x
75696,A,1189,x
75697,D,1795,x
75699,B,1310,x
75701,D,1027,x
75702,B,1703,x
75703,C,1375,x
75707,D,1821,x
75708,D,1833,x
75709,B,1280,x
75711,C,1521,x
75713,C,1693,x
75714,D,1565,x
75716,A,1647,x
75718,C,1137,x
75719,C,1332,x
75722,D,1282,x
75723,D,1370,x
75724,A,1281,x
75725,A,1950,x
75728,C,1170,x
75730,C,1368,x
75731,D,1823,x
75732,B,1113,x
75734,B,1110,x
75735,A,1957,x
75736,D,1840,x
75738,D,1875,x
75739,A,1817,x
75740,A,1974,x
75741,A,1849,x
75743,A,1676,x
75747,B,1425,x
75751,D,1973,x
75752,A,1221,x
75753,B,1600,x
75754,C,1473,x
75757,A,1005,x
75759,D,1156,x
75760,B,1151,x
75762,A,1979,x
75767,D,1609,x
75768,A,1539,x
75769,C,1307,x
75773,A,1080,x
75774,D,1419,x
75775,D,1104,x
75777,A,1249,x
75778,B,1353,x
75780,B,1235,x
75781,A,1158,x
75782,D,1568,x
75785,C,1978,x
75786,C,1718,x
75788,C,1950,x
75789,B,1199,x
75792,B,1626,x
75793,D,1598,x
75794,B,1444,x
75797,A,1408,x
75800,B,1447,x
75801,A,1959,x
75803,C,1159,x
75804,A,1976,x
75807,A,1217,x
75808,D,1988,x
75810,D,1401,x
75814,A,1699,x
75816,A,1945,x
75819,B,1056,x
75822,D,1157,x
75824,A,1449,x
75825,C,1908,x
75826,A,1954,x
75829,B,1662,x
75832,D,1719,x
75835,B,1143,x
75836,B,1717,x
75837,C,1022,x
75838,A,1720,x
75841,A,1481,x
75842,A,1444,x
75844,D,1817,x
75845,A,1773,x
75846,D,1103,x
75847,D,1668,x
75849,D,1715,x
75850,D,1280,x
75851,D,1606,x
75852,D,1002,x
75853,D,1867,x
75855,A,1453,x
75857,D,1636,x
75859,B,1408,x
75860,D,1917,x
75863,D,1275,x
75864,D,1048,x
75867,D,1756,x
75870,B,1955,x
75871,D,1667,x
75875,D,1982,x
75877,A,1618,x
75878,B,1191,x
75879,A,1787,x
75881,A,1147,x
75883,C,1440,x
75886,C,1815,x
75888,D,1137,x
75890,A,1131,x
75892,D,1058,x
75894,D,1012,x
75896,B,1182,x
75899,B,1191,x
75900,B,1034,x
75901,C,1951,x
75902,B,1988,x
75903,B,1335,x
75906,A,1673,x
75907,B,1407,x
75909,D,1547,x
75911,C,1939,x
75912,B,1133,x
75915,D,1658,x
75916,B,1178,x
75917,B,1552,x
75919,B,1949,x
75921,B,1082,x
75925,B,1935,x
75926,B,1870,x
75929,C,1193,x
75934,D,1253,x
75937,D,1737,x
75938,D,1837,x
75939,A,1947,x
75940,A,1088,x
75941,B,1789,x
75943,D,1456,x
75944,B,1506,x
75945,C,1854,x
75946,A,1285,x
75948,A,1059,x
75955,D,1999,x
75956,C,1010,x
75957,B,1496,x
75960,D,1649,x
75962,A,1088,x
75963,A,1834,x
75964,A,1479,x
75965,B,1834,x
75967,A,1239,x
75970,D,1519,x
75972,A,1377,x
75973,B,1002,x
75975,B,1957,x
75976,D,1279,x
75977,B,1352,x
75978,B,1951,x
75979,A,1206,x
75980,A,1113,x
75981,A,1539,x
75982,B,1628,x
75983,C,1246,x
75985,D,1176,x
75986,C,1523,x
75988,B,1517,x
75990,C,1961,x
75991,A,1104,x
75992,C,1700,x
75998,B,1077,x
76001,D,1159,x
76004,A,1109,x
76005,A,1880,x
76006,D,1319,x
76008,B,1614,x
76009,B,1147,x
76010,A,1199,x
76013,D,1810,x
76015,B,1337,x
76016,A,1494,x
76024,B,1393,x
76028,D,1290,x
76029,B,1732,x
76032,B,1591,x
76034,C,1162,x
76035,B,1492,x
76037,A,1366,x
76040,D,1770,x
76041,D,1982,x
76045,D,1725,x
76047,A,1812,x
76048,D,1519,x
76051,A,1465,x
76052,B,1042,x
76055,A,1015,x
76059,D,1879,x
76060,D,1057,x
76061,A,1187,x
76063,D,1495,x
76064,D,1072,x
76065,B,1994,x
76066,A,1816,x
76068,C,1413,x
76069,B,1059,x
76071,D,1302,x
76072,B,1670,x
76074,C,1073,x
76075,D,1145,x
76077,C,1361,x
76078,C,1503,x
76079,A,1158,x
76080,C,1100,x
76084,A,1974,x
76085,D,1615,x
76086,B,1502,x
76091,C,1738,x
76092,D,1457,x
76096,C,1320,x
76097,A,1092,x
76099,C,1379,x
76102,B,1552,x
76103,C,1308,x
76105,D,1509,x
76106,B,1859,x
76110,B,1755,x
76111,A,1016,x
76113,D,1198,x
76118,D,1105,x
76119,B,1012,x
76120,C,1640,x
76121,A,1653,x
76123,D,1421,x
76125,D,1838,x
76127,B,1942,x
76128,A,1929,x
76129,A,1427,x
76131,C,1919,x
76133,C,1141,x
76135,D,1555,x
76138,B,1709,x
76140,B,1794,x
76141,D,1775,x
76146,B,1990,x
76148,C,1988,x
76151,B,1821,x
76154,A,1582,x
76158,C,1379,x
76159,A,1309,x
76167,B,1139,x
76170,D,1650,x
76171,A,1800,x
76172,D,1445,x
76178,A,1242,x
76179,A,1537,x
76180,D,1605,x
76182,D,1378,x
76183,D,1360,x
76184,D,1469,x
76185,C,1513,x
76188,A,1054,x
76190,C,1372,x
76191,D,1011,x
76193,A,1217,x
76199,D,1207,x
76200,D,1614,x
76201,B,1533,x
76202,A,1850,x
76203,A,1919,x
76208,B,1528,x
76209,D,1878,x
76212,D,1183,x
76213,B,1023,x
76219,D,1240,x
76221,C,1545,x
76224,B,1936,x
76228,B,1333,x
76229,B,1095,x
76232,A,1480,x
76236,B,1164,x
76238,B,1186,x
76242,A,1189,x
76246,B,1127,x
76249,B,1108,x
76250,A,1569,x
76251,D,1715,x
76252,D,1011,x
76254,D,1505,x
76258,D,1176,x
76260,C,1309,x
76262,D,1747,x
76266,A,1301,x
76268,B,1949,x
76269,D,1173,x
76270,A,1923,x
76275,D,1789,x
76276,B,1429,x
76277,C,1314,x
76279,B,1617,x
76285,D,1768,x
76287,A,1200,x
76288,A,1312,x
76289,A,1294,x
76292,A,1209,x
76295,A,1863,x
76297,D,1736,x
76298,D,1902,x
76300,A,1885,x
76302,D,1119,x
76303,B,1693,x
76305,A,1855,x
76308,D,1590,x
76310,D,1365,x
76311,B,1464,x
76312,A,1856,x
76314,D,1863,x
76315,A,1076,x
76317,D,1670,x
76319,A,1031,x
76320,B,1702,x
76322,A,1643,x
76323,A,1753,x
76324,A,1300,x
76327,B,1510,x
76328,C,1772,x
76329,C,1833,x
76330,B,1843,x
76333,B,1613,x
76336,B,1504,x
76339,C,1475,x
76341,C,1117,x
76342,A,1285,x
76344,B,1006,x
76346,B,1120,x
76348,D,1380,x
76349,D,1941,x
76352,D,1438,x
76353,A,1099,x
76354,B,1084,x
76355,D,1050,x
76360,A,1247,x
76361,C,1593,x
76362,B,1627,x
76363,B,1457,x
76366,C,1241,x
76371,A,1928,x
76373,B,1683,x
76375,B,1622,x
76376,A,1663,x
76377,A,1645,x
76378,C,1128,x
76379,B,1268,x
76380,C,1699,x
76381,B,1858,x
76384,A,1508,x
76386,C,1533,x
76387,D,1488,x
76388,D,1459,x
76389,A,1899,x
76390,A,1647,x
76395,B,1421,x
76398,C,1090,x
76399,D,1898,x
76400,B,1517,x
76402,A,1852,x
76404,B,1299,x
76406,C,1698,x
76409,A,1294,x
76413,D,1934,x
76415,A,1097,x
76418,D,1046,x
76419,B,1173,x
76422,A,1003,x
76427,A,1131,x
76432,A,1053,x
76434,B,1936,x
76435,C,1685,x
76436,C,1087,x
76438,B,1217,x
76440,A,1229,x
76446,B,1955,x
76448,D,1756,x
76451,C,1217,x
76452,B,1417,x
76453,D,1776,x
76455,B,1547,x
76457,D,1697,x
76458,B,1789,x
76461,B,1355,x
76462,A,1243,x
76464,B,1884,x
76475,B,1402,x
76480,D,1143,x
76487,B,1064,x
76491,C,1265,x
76493,D,1591,x
76496,A,1936,x
76497,D,1223,x
76500,C,1875,x
76503,A,1440,x
76505,D,1441,x
76506,D,1785,x
76508,A,1354,x
76510,D,1789,x
76512,C,1334,x
76514,A,1041,x
76515,A,1320,x
76516,D,1653,x
76518,A,1575,x
76520,D,1143,x
76522,C,1031,x
76525,D,1338,x
76526,D,1147,x
76531,D,1706,x
76532,B,1622,x
76533,A,1977,x
76535,A,1145,x
76536,B,1232,x
76537,A,1598,x
76539,D,1777,x
76540,B,1362,x
76545,A,1758,x
76546,D,1244,x
76547,B,1812,x
76548,B,1682,x
76551,B,1434,x
76552,C,1698,x
76557,A,1590,x
76560,C,1957,x
76561,C,1976,x
76562,A,1258,x
76564,C,1689,x
76565,B,1367,x
76566,C,1545,x
76567,C,1972,x
76572,A,1692,x
76575,A,1798,x
76576,B,1381,x
76578,D,1809,x
76583,D,1870,x
76585,C,1031,x
76586,D,1607,x
76587,D,1112,x
76589,A,1543,x
76591,D,1255,x
76595,C,1701,x
76596,C,1628,x
76597,C,1294,x
76598,C,1610,x
76599,B,1457,x
76602,D,1867,x
76607,A,1616,x
76608,B,1299,x
76609,A,1287,x
76610,B,1792,x
76612,D,1815,x
76614,A,1353,x
76615,D,1776,x
76618,D,1334,x
76619,B,1572,x
76622,C,1045,x
76623,C,1977,x
76624,A,1093,x
76625,D,1878,x
76626,B,1145,x
76630,A,1049,x
76632,B,1309,x
76633,C,1949,x
76634,C,1924,x
76635,B,1926,x
76637,D,1496,x
76639,B,1330,x
76645,C,1216,x
76649,B,1343,x
76651,A,1324,x
76653,A,1078,x
76656,C,1001,x
76658,C,1802,x
76659,D,1228,x
76660,B,1518,x
76662,C,1502,x
76663,A,1742,x
76667,A,1905,x
76668,A,1070,x
76670,A,1527,x
76674,D,1639,x
76675,D,1867,x
76676,A,1431,x
76678,A,1460,x
76680,C,1803,x
76681,C,1920,x
76682,C,1463,x
76683,D,1630,x
76684,B,1039,x
76685,D,1841,x
76687,B,1986,x
76688,D,1498,x
76690,D,1340,x
76693,C,1685,x
76694,D,1902,x
76696,D,1494,x
76697,A,1880,x
76699,B,1564,x
76700,D,1265,x
76702,B,1424,x
76709,C,1884,x
76711,C,1588,x
76712,C,1859,x
76713,D,1650,x
76714,C,1105,x
76716,C,1473,x
76717,A,1174,x
76720,D,1503,x
76721,A,1009,x
76723,A,1278,x
76725,A,1593,x
76727,B,1708,x
76731,A,1592,x
76732,D,1166,x
76734,B,1469,x
76736,D,1746,x
76738,B,1237,x
76743,C,1546,x
76744,A,1535,x
76746,B,1553,x
76748,C,1411,x
76750,C,1217,x
76751,A,1087,x
76752,A,1307,x
76753,D,1042,x
76755,D,1369,x
76757,D,1870,x
76759,A,1901,x
76761,C,1894,x
76762,B,1757,x
76765,C,1346,x
76766,C,1739,x
76769,B,1173,x
76771,C,1692,x
76772,D,1783,x
76773,C,1079,x
76777,B,1380,x
76778,A,1570,x
76779,B,1295,x
76781,A,1059,x
76782,C,1569,x
76783,D,1116,x
76785,B,1949,x
76787,A,1085,x
76788,D,1875,x
76789,C,1776,x
76791,C,1837,x
76792,B,1398,x
76794,C,1255,x
76795,C,1851,x
76797,D,1615,x
76798,B,1639,x
76799,A,1299,x
76801,A,1778,x
76802,C,1231,x
76803,A,1987,x
76805,D,1171,x
76807,A,1434,x
76810,C,1781,x
76811,B,1160,x
76812,C,1137,x
76814,D,1871,x
76820,A,1614,x
76821,D,1286,x
76822,C,1781,x
76823,B,1131,x
76825,A,1483,x
76826,C,1156,x
76827,C,1079,x
76829,D,1037,x
76831,C,1019,x
76838,C,1853,x
76840,A,1797,x
76841,A,1627,x
76842,B,1691,x
76843,B,1957,x
76845,B,1082,x
76848,D,1160,x
76849,A,1511,x
76851,C,1210,x
76853,B,1349,x
76854,A,1501,x
76856,D,1811,x
76860,B,1408,x
76861,C,1320,x
76862,B,1816,x
76863,A,1669,x
76864,B,1859,x
76867,A,1646,x
76868,C,1567,x
76869,C,1929,x
76870,B,1305,x
76871,D,1647,x
76872,C,1895,x
76874,B,1707,x
76876,C,1245,x
76877,D,1156,x
76878,B,1903,x
76879,B,1489,x
76880,A,1016,x
76882,C,1978,x
76884,B,1766,x
76885,B,1827,x
76886,B,1665,x
76888,A,1040,x
76889,C,1414,x
76891,C,1165,x
76895,C,1514,x
76896,D,1096,x
76899,C,1189,x
76900,D,1783,x
76902,B,1378,x
76905,A,1049,x
76907,C,1155,x
76908,C,1227,x
76909,A,1525,x
76913,D,1798,x
76918,C,1858,x
76919,A,1709,x
76920,C,1554,x
76926,B,1110,x
76929,D,1681,x
76930,A,1334,x
76931,B,1883,x
76932,B,1436,x
76933,B,1202,x
76935,B,1921,x
76939,D,1480,x
76942,C,1845,x
76944,B,1397,x
76945,D,1986,x
76946,D,1535,x
76947,A,1353,x
76948,C,1624,x
76949,B,1725,x
76952,D,1888,x
76954,D,1808,x
76957,C,1949,x
76960,D,1762,x
76961,C,1216,x
76963,C,1379,x
76964,B,1714,x
76966,C,1786,x
76969,D,1004,x
76970,D,1889,x
76972,D,1015,x
76973,D,1581,x
76975,D,1567,x
76978,C,1618,x
76979,A,1257,x
76980,D,1762,x
76982,C,1767,x
76983,B,1092,x
76984,A,1415,x
76985,D,1480,x
76990,D,1051,x
76991,A,1685,x
76994,B,1247,x
76997,A,1672,x
76998,B,1652,x
77006,A,1451,x
77007,D,1419,x
77008,C,1297,x
77010,A,1617,x
77012,A,1458,x
77013,B,1854,x
77015,C,1447,x
77017,A,1482,x
77021,D,1557,x
77024,D,1984,x
77025,B,1866,x
77027,B,1617,x
77030,A,1396,x
77031,B,1733,x
77033,C,1494,x
77034,B,1356,x
77036,A,1210,x
77037,B,1128,x
77038,C,1632,x
77039,D,1804,x
77040,D,1833,x
77041,A,1982,x
77042,C,1891,x
77051,D,1408,x
77052,A,1556,x
77053,C,1166,x
77057,C,1383,x
77059,C,1171,x
77061,C,1993,x
77065,A,1258,x
77066,B,1707,x
77072,D,1998,x
77074,A,1456,x
77081,A,1284,x
77082,D,1132,x
77088,B,1997,x
77089,C,1569,x
77090,A,1580,x
77094,C,1461,x
77095,C,1581,x
77097,C,1727,x
77098,A,1171,x
77099,D,1785,x
77101,A,1339,x
77103,C,1352,x
77105,B,1036,x
77106,C,1545,x
77108,D,1352,x
77109,C,1739,x
77111,C,1015,x
77114,D,1162,x
77115,B,1158,x
77118,B,1388,x
77119,B,1514,x
77123,B,1369,x
77124,B,1370,x
77125,B,1910,x
77126,B,1904,x
77127,A,1081,x
77128,C,1982,x
77138,D,1671,x
77141,B,1018,x
77143,C,1098,x
77144,B,1645,x
77146,D,1302,x
77149,C,1775,x
77150,C,1268,x
77153,B,1105,x
77157,B,1782,x
77159,B,1717,x
77160,D,1230,x
77162,A,1520,x
77165,C,1196,x
77166,D,1580,x
77168,D,1631,x
77170,C,1904,x
77171,A,1230,x
77178,B,1876,x
77179,A,1007,x
77180,D,1789,x
77185,A,1818,x
77186,C,1053,x
77187,A,1442,x
77188,B,1297,x
77191,B,1793,x
77193,A,1627,x
77195,D,1666,x
77196,C,1035,x
77197,C,1689,x
77198,C,1719,x
77199,B,1868,x
77200,A,1716,x
77202,B,1346,x
77204,C,1613,x
77205,B,1074,x
77207,C,1591,x
77208,A,1926,x
77209,C,1729,x
77212,C,1871,x
77214,C,1390,x
77215,C,1024,x
77219,C,1216,x
77222,C,1416,x
77225,B,1989,x
77228,B,1090,x
77229,B,1960,x
77231,B,1400,x
77236,C,1064,x
77237,D,1737,x
77238,B,1217,x
77242,D,1528,x
77244,A,1413,x
77248,D,1920,x
77249,A,1499,x
77251,D,1210,x
77252,D,1194,x
77255,B,1126,x
77256,B,1395,x
77263,A,1504,x
77264,C,1322,x
77265,D,1085,x
77266,B,1100,x
77268,D,1713,x
77270,D,1814,x
77272,D,1110,x
77276,D,1062,x
77277,C,1595,x
77279,A,1477,x
77283,A,1200,x
77285,D,1313,x
77286,D,1756,x
77292,D,1173,x
77295,C,1410,x
77296,A,1240,x
77298,D,1742,x
77299,D,1894,x
77300,D,1518,x
77301,C,1713,x
77304,C,1661,x
77306,B,1920,x
77307,D,1663,x
77310,A,1861,x
77312,D,1312,x
77313,B,1107,x
77315,C,1506,x
77316,C,1204,x
77317,A,1095,x
77322,D,1416,x
77325,C,1646,x
77328,A,1643,x
77329,D,1142,x
77330,A,1478,x
77331,D,1962,x
77334,A,1421,x
77335,D,1230,x
77338,C,1180,x
77339,D,1610,x
77340,B,1793,x
77341,A,1412,x
77342,A,1324,x
77343,D,1362,x
77347,D,1353,x
77349,C,1487,x
77353,A,1239,x
77356,B,1318,x
77357,C,1760,x
77358,D,1848,x
77359,D,1420,x
77360,D,1766,x
77361,B,1544,x
77362,C,1104,x
77363,C,1307,x
77366,B,1741,x
77368,B,1602,x
77369,A,1632,x
77370,C,1543,x
77372,C,1792,x
77373,C,1296,x
77374,C,1726,x
77376,C,1247,x
77377,A,1753,x
77383,A,1188,x
77385,A,1988,x
77387,B,1879,x
77388,D,1730,x
77391,A,1708,x
77393,D,1061,x
77396,D,1335,x
77397,C,1840,x
77398,C,1123,x
77400,D,1760,x
77404,C,1170,x
77405,C,1158,x
77406,C,1952,x
77408,A,1609,x
77409,D,1027,x
77411,B,1182,x
77413,A,1199,x
77415,A,1894,x
77416,A,1098,x
77419,C,1665,x
77420,C,1415,x
77421,A,1590,x
77422,B,1611,x
77425,A,1064,x
77426,A,1397,x
77429,A,1786,x
77432,D,1104,x
77436,B,1441,x
77437,A,1639,x
77439,C,1671,x
77441,C,1897,x
77442,A,1828,x
77444,A,1964,x
77445,D,1665,x
77446,B,1329,x
77449,D,1395,x
77451,C,1438,x
77452,D,1875,x
77454,A,1052,x
77455,B,1239,x
77457,B,1683,x
77458,C,1654,x
77459,D,1725,x
77460,A,1311,x
77461,B,1597,x
77462,D,1412,x
77463,B,1277,x
77466,C,1540,x
77467,A,1046,x
77471,C,1541,x
77472,C,1933,x
77473,B,1664,x
77474,C,1524,x
77478,B,1785,x
77480,B,1523,x
77482,B,1583,x
77483,C,1801,x
77484,B,1177,x
77487,C,1468,x
77489,C,1486,x
77490,A,1256,x
77493,B,1510,x
77496,A,1484,x
77498,A,1517,x
77499,D,1944,x
77500,B,1713,x
77503,A,1912,x
77504,A,1541,x
77507,D,1915,x
77509,D,1175,x
77515,A,1952,x
77517,B,1775,x
77518,A,1140,x
77522,D,1009,x
77524,C,1314,x
77525,D,1609,x
77527,C,1697,x
77531,C,1740,x
77538,B,1752,x
77539,D,1644,x
77540,B,1987,x
77543,D,1586,x
77544,C,1702,x
77549,A,1211,x
77553,A,1157,x
77556,C,1611,x
77558,C,1736,x
77563,A,1987,x
77567,B,1432,x
77568,D,1200,x
77569,D,1582,x
77573,D,1228,x
77575,A,1488,x
77576,D,1690,x
77577,A,1298,x
77578,C,1056,x
77579,D,1724,x
77581,C,1324,x
77582,C,1798,x
77583,A,1074,x
77585,A,1384,x
77588,C,1341,x
77590,A,1456,x
77593,C,1285,x
77594,C,1932,x
77596,C,1952,x
77597,D,1338,x
77599,B,1138,x
77600,B,1198,x
77601,C,1793,x
77608,A,1403,x
77611,A,1283,x
77617,B,1052,x
77618,C,1188,x
77621,B,1310,x
77623,D,1818,x
77624,B,1902,x
77625,B,1595,x
77626,B,1660,x
77628,C,1391,x
77630,B,1582,x
77631,A,1539,x
77632,B,1300,x
77635,C,1310,x
77637,C,1608,x
77638,D,1491,x
77639,C,1171,x
77640,C,1842,x
77641,C,1767,x
77643,C,1133,x
77645,C,1019,x
77648,D,1350,x
77652,C,1288,x
77655,A,1891,x
77656,B,1565,x
77658,B,1905,x
77659,A,1934,x
77661,D,1344,x
77664,B,1458,x
77667,B,1945,x
77669,A,1990,x
77670,C,1150,x
77671,C,1614,x
77672,A,1564,x
77676,B,1361,x
77677,B,1448,x
77679,A,1421,x
77682,D,1635,x
77683,A,1702,x
77684,C,1933,x
77685,B,1605,x
77686,D,1463,x
77692,A,1288,x
77694,C,1738,x
77695,C,1547,x
77697,B,1302,x
77698,B,1104,x
77699,A,1796,x
77700,B,1165,x
77701,B,1971,x
77705,A,1044,x
77709,D,1713,x
77710,B,1397,x
77711,D,1532,x
77712,C,1815,x
77714,D,1929,x
77715,B,1654,x
77716,A,1425,x
77718,B,1628,x
77719,A,1995,x
77720,A,1377,x
77724,A,1065,x
77729,B,1252,x
77732,B,1986,x
77733,D,1160,x
77734,B,1066,x
77735,B,1236,x
77737,D,1345,x
77743,C,1443,x
77745,B,1608,x
77748,D,1180,x
77749,B,1100,x
77752,C,1858,x
77753,C,1752,x
77754,A,1291,x
77755,A,1345,x
77756,A,1264,x
77757,D,1008,x
77758,D,1992,x
77759,D,1726,x
77762,D,1870,x
77764,A,1380,x
77766,C,1745,x
77768,C,1940,x
77772,A,1662,x
77773,D,1137,x
77774,A,1333,x
77778,B,1633,x
77779,C,1906,x
77782,B,1577,x
77784,D,1651,x
77785,D,1897,x
77786,A,1453,x
77787,D,1546,x
77788,A,1017,x
77792,B,1836,x
77793,D,1883,x
77795,A,1978,x
77796,D,1798,x
77797,D,1912,x
77798,D,1692,x
77800,D,1125,x
77803,B,1983,x
77805,B,1199,x
77807,C,1257,x
77808,C,1411,x
77811,B,1690,x
77813,A,1550,x
77815,C,1752,x
77816,B,1857,x
77818,B,1570,x
77821,A,1533,x
77823,D,1153,x
77824,B,1593,x
77825,D,1678,x
77826,A,1608,x
77827,C,1381,x
77830,C,1083,x
77832,D,1878,x
77833,C,1174,x
77834,D,1612,x
77835,B,1109,x
77836,A,1683,x
77838,D,1664,x
77840,C,1006,x
77843,D,1598,x
77844,D,1554,x
77845,D,1663,x
77847,B,1865,x
77849,B,1266,x
77850,A,1428,x
77855,D,1784,x
77856,C,1344,x
77857,B,1075,x
77859,D,1305,x
77862,B,1039,x
77863,D,1857,x
77867,A,1438,x
77868,A,1067,x
77869,C,1750,x
77870,D,1411,x
77871,C,1142,x
77873,B,1110,x
77876,B,1389,x
77881,D,1406,x
77884,B,1278,x
77885,B,1226,x
77886,B,1187,x
77887,B,1582,x
77889,D,1335,x
77890,C,1131,x
77891,A,1072,x
77893,C,1928,x
77894,D,1786,x
77895,C,1629,x
77896,A,1509,x
77897,C,1882,x
77898,D,1097,x
77899,A,1102,x
77901,C,1519,x
77902,B,1254,x
77903,B,1490,x
77906,A,1657,x
77907,C,1585,x
77908,A,1023,x
77909,C,1487,x
77910,A,1960,x
77911,B,1381,x
77912,B,1927,x
77913,B,1656,x
77916,D,1486,x
77919,C,1199,x
77923,A,1464,x
77930,D,1746,x
77931,A,1267,x
77935,D,1224,x
77936,B,1553,x
77939,C,1139,x
77940,A,1529,x
77943,D,1852,x
77944,D,1767,x
77946,A,1069,x
77950,C,1054,x
77951,A,1322,x
77953,A,1634,x
77954,D,1701,x
77957,A,1354,x
77958,B,1474,x
77959,C,1540,x
77960,C,1381,x
77962,C,1151,x
77963,D,1429,x
77964,B,1943,x
77966,C,1831,x
77967,D,1551,x
77968,C,1568,x
77969,A,1688,x
77970,B,1795,x
77973,B,1526,x
77974,B,1851,x
77975,D,1964,x
77977,B,1962,x
77979,C,1601,x
77980,B,1607,x
77981,C,1756,x
77982,D,1991,x
77984,B,1292,x
77985,A,1276,x
77987,B,1685,x
77992,D,1868,x
77993,A,1460,x
77995,A,1196,x
77997,C,1957,x
77998,A,1309,x
77999,C,1097,x
78002,D,1762,x
78003,A,1081,x
78011,C,1297,x
78012,A,1498,x
78013,B,1234,x
78014,A,1990,x
78015,B,1004,x
78017,C,1832,x
78018,A,1536,x
78020,B,1014,x
78021,A,1414,x
78023,D,1002,x
78024,D,1479,x
78026,B,1475,x
78029,C,1594,x
78030,A,1864,x
78032,B,1592,x
78034,B,1804,x
78035,C,1391,x
78036,C,1740,x
78037,C,1944,x
78039,A,1521,x
78041,B,1185,x
78042,A,1420,x
78043,B,1224,x
78045,B,1929,x
78046,D,1958,x
78049,B,1432,x
78050,D,1117,x
78052,D,1022,x
78053,D,1623,x
78054,D,1072,x
78055,D,1639,x
78060,D,1566,x
78062,C,1499,x
78066,C,1851,x
78068,B,1394,x
78070,D,1215,x
78072,B,1097,x
78076,A,1615,x
78077,D,1947,x
78078,C,1017,x
78079,D,1652,x
78080,D,1948,x
78082,A,1184,x
78083,B,1666,x
78086,A,1969,x
78087,A,1514,x
78088,D,1987,x
78090,A,1199,x
78091,B,1137,x
78096,C,1908,x
78097,D,1220,x
78099,C,1959,x
78101,D,1623,x
78104,B,1126,x
78105,C,1752,x
78106,B,1721,x
78107,D,1714,x
78113,D,1657,x
78114,A,1180,x
78119,B,1968,x
78121,A,1303,x
78127,C,1498,x
78130,B,1989,x
78131,B,1093,x
78132,A,1867,x
78134,C,1358,x
78136,A,1919,x
78140,C,1791,x
78141,B,1487,x
78142,C,1656,x
78144,D,1946,x
78146,A,1176,x
78148,C,1188,x
78149,D,1132,x
78154,B,1122,x
78156,D,1643,x
78158,D,1519,x
78159,C,1342,x
78165,C,1920,x
78167,B,1207,x
78170,D,1633,x
78173,C,1938,x
78174,A,1796,x
78175,C,1210,x
78176,C,1440,x
78178,A,1681,x
78180,A,1152,x
78181,B,1141,x
78182,D,1627,x
78183,B,1945,x
78185,D,1704,x
78188,D,1384,x
78190,D,1437,x
78191,B,1612,x
78192,A,1463,x
78195,D,1791,x
78202,A,1508,x
78203,D,1159,x
78204,B,1110,x
78205,A,1405,x
78206,D,1206,x
78212,A,1651,x
78221,A,1568,x
78226,C,1746,x
78228,D,1524,x
78230,D,1483,x
78231,C,1229,x
78234,B,1715,x
78235,D,1540,x
78238,B,1951,x
78240,C,1214,x
78242,A,1449,x
78243,D,1797,x
78250,B,1678,x
78252,C,1217,x
78253,B,1078,x
78254,B,1684,x
78255,A,1396,x
78256,A,1418,x
78257,D,1686,x
78265,C,1489,x
78267,C,1329,x
78269,B,1892,x
78270,C,1544,x
78271,D,1023,x
78272,A,1373,x
78273,B,1509,x
78274,A,1213,x
78275,A,1239,x
78276,C,1139,x
78280,D,1084,x
78284,A,1079,x
78290,B,1106,x
78291,B,1668,x
78293,D,1847,x
78295,C,1531,x
78298,D,1239,x
78301,C,1669,x
78303,D,1861,x
78304,A,1669,x
78305,A,1861,x
78312,A,1575,x
78321,D,1167,x
78322,B,1020,x
78326,A,1681,x
78327,C,1656,x
78328,A,1771,x
78332,A,1458,x
78335,A,1320,x
78336,B,1266,x
78337,B,1910,x
78339,A,1521,x
78341,A,1842,x
78342,A,1421,x
78343,C,1875,x
78345,B,1363,x
78346,D,1297,x
78349,B,1436,x
78350,A,1741,x
78352,A,1668,x
78353,C,1737,x
78354,B,1774,x
78356,C,1903,x
78357,A,1352,x
78363,B,1400,x
78364,B,1349,x
78365,C,1548,x
78369,B,1726,x
78372,A,1070,x
78375,B,1597,x
78376,A,1973,x
78377,A,1752,x
78378,C,1609,x
78379,A,1105,x
78380,C,1209,x
78381,C,1199,x
78387,D,1780,x
78389,A,1975,x
78390,B,1082,x
78392,B,1516,x
78393,B,1297,x
78394,B,1478,x
78395,B,1590,x
78396,B,1824,x
78397,D,1345,x
78399,B,1745,x
78401,B,1836,x
78402,C,1971,x
78403,A,1523,x
78407,A,1439,x
78409,D,1014,x
78410,B,1647,x
78411,C,1776,x
78416,C,1270,x
78417,D,1059,x
78419,D,1519,x
78423,B,1752,x
78425,B,1761,x
78427,A,1480,x
78429,C,1544,x
78430,D,1139,x
78431,B,1272,x
78433,B,1254,x
78437,B,1140,x
78439,B,1190,x
78440,C,1799,x
78441,D,1662,x
78442,D,1618,x
78444,C,1049,x
78445,A,1031,x
78446,C,1642,x
78448,D,1913,x
78449,D,1772,x
78451,D,1339,x
78453,B,1441,x
78454,B,1507,x
78455,B,1507,x
78460,C,1809,x
78462,C,1452,x
78468,D,1141,x
78470,A,1943,x
78471,C,1754,x
78472,A,1274,x
78473,A,1030,x
78474,B,1269,x
78475,C,1223,x
78477,B,1749,x
78479,C,1117,x
78481,B,1214,x
78482,C,1007,x
78483,D,1791,x
78484,C,1667,x
78486,C,1738,x
78488,D,1502,x
78493,A,1418,x
78496,A,1947,x
78497,D,1922,x
78503,B,1506,x
78509,D,1869,x
78510,A,1512,x
78511,B,1920,x
78514,B,1194,x
78515,D,1796,x
78517,A,1427,x
78519,B,1802,x
78523,B,1120,x
78524,A,1576,x
78526,C,1831,x
78528,C,1480,x
78530,A,1152,x
78533,D,1024,x
78536,C,1307,x
78539,B,1345,x
78543,A,1993,x
78544,B,1115,x
78545,D,1590,x
78546,B,1878,x
78549,A,1778,x
78551,D,1977,x
78552,B,1403,x
78553,C,1138,x
78557,B,1072,x
78560,D,1078,x
78561,B,1252,x
78567,A,1596,x
78571,A,1288,x
78572,D,1840,x
78575,C,1437,x
78576,C,1330,x
78583,C,1060,x
78584,D,1135,x
78586,C,1681,x
78589,B,1894,x
78591,A,1331,x
78594,A,1930,x
78595,B,1605,x
78596,D,1669,x
78605,B,1479,x
78606,B,1283,x
78607,D,1379,x
78609,B,1062,x
78610,A,1173,x
78611,A,1285,x
78612,C,1929,x
78613,C,1574,x
78614,B,1184,x
78615,A,1601,x
78616,C,1179,x
78617,B,1851,x
78618,C,1149,x
78621,D,1886,x
78622,B,1582,x
78623,A,1004,x
78625,C,1446,x
78629,B,1028,x
78630,D,1385,x
78631,C,1665,x
78632,A,1737,x
78634,B,1675,x
78636,D,1884,x
78637,B,1048,x
78638,D,1897,x
78639,B,1154,x
78640,A,1756,x
78641,C,1773,x
78642,D,1348,x
78644,C,1174,x
78646,C,1435,x
78647,D,1227,x
78649,D,1367,x
78650,C,1361,x
78653,D,1532,x
78658,D,1796,x
78659,B,1782,x
78662,C,1839,x
78664,C,1942,x
78666,D,1260,x
78672,A,1383,x
78675,C,1896,x
78677,A,1160,x
78678,D,1042,x
78679,D,1567,x
78680,C,1315,x
78681,A,1188,x
78683,D,1228,x
78686,C,1869,x
78688,B,1654,x
78692,C,1550,x
78694,C,1461,x
78695,D,1247,x
78696,A,1743,x
78697,B,1913,x
78699,C,1717,x
78700,B,1905,x
78701,A,1464,x
78705,C,1011,x
78707,A,1610,x
78710,C,1169,x
78711,C,1441,x
78712,B,1243,x
78716,A,1661,x
78718,C,1212,x
78719,C,1516,x
78722,B,1596,x
78723,C,1314,x
78724,A,1889,x
78726,C,1966,x
78730,A,1473,x
78732,B,1028,x
78733,C,1753,x
78734,B,1880,x
78737,B,1097,x
78739,D,1585,x
78741,A,1914,x
78742,A,1197,x
78743,C,1647,x
78744,B,1585,x
78745,B,1348,x
78747,B,1183,x
78750,C,1930,x
78751,B,1990,x
78756,A,1984,x
78757,C,1294,x
78758,D,1541,x
78759,D,1847,x
78760,C,1859,x
78761,B,1140,x
78763,C,1197,x
78767,A,1676,x
78770,B,1530,x
78771,A,1204,x
78772,B,1901,x
78773,C,1348,x
78774,D,1391,x
78778,C,1362,x
78779,D,1654,x
78781,C,1367,x
78784,A,1816,x
78785,A,1066,x
78786,A,1771,x
78787,A,1997,x
78788,C,1122,x
78790,D,1578,x
78792,B,1421,x
78794,B,1540,x
78795,A,1961,x
78797,C,1719,x
78798,B,1412,x
78799,D,1678,x
78800,C,1186,x
78802,D,1020,x
78803,C,1431,x
78804,B,1004,x
78806,A,1806,x
78808,B,1219,x
78810,C,1436,x
78813,B,1037,x
78814,A,1775,x
78816,C,1590,x
78821,A,1831,x
78824,C,1664,x
78828,D,1927,x
78829,C,1720,x
78831,A,1869,x
78832,B,1887,x
78833,C,1506,x
78834,C,1922,x
78836,B,1403,x
78838,B,1274,x
78839,C,1367,x
78840,C,1047,x
78841,C,1883,x
78843,B,1014,x
78847,D,1755,x
78848,D,1082,x
78851,B,1488,x
78852,D,1458,x
78856,A,1558,x
78858,B,1256,x
78863,D,1289,x
78864,A,1239,x
78865,A,1873,x
78867,D,1327,x
78869,A,1566,x
78872,D,1136,x
78875,A,1688,x
78880,B,1909,x
78881,B,1215,x
78882,C,1528,x
78883,D,1928,x
78887,D,1138,x
78893,D,1869,x
78896,B,1947,x
78904,D,1707,x
78905,C,1291,x
78906,C,1411,x
78907,A,1521,x
78908,A,1545,x
78909,D,1592,x
78911,A,1114,x
78912,B,1540,x
78913,B,1920,x
78915,D,1950,x
78916,C,1631,x
78917,A,1016,x
78918,A,1312,x
78921,B,1497,x
78922,D,1656,x
78924,A,1855,x
78926,B,1839,x
78927,A,1884,x
78929,B,1517,x
78930,B,1740,x
78934,B,1841,x
78936,B,1051,x
78937,C,1665,x
78941,C,1532,x
78942,C,1286,x
78943,A,1357,x
78945,C,1204,x
78947,C,1875,x
78948,D,1407,x
78949,B,1120,x
78951,C,1032,x
78954,D,1284,x
78957,B,1282,x
78960,A,1704,x
78961,C,1390,x
78964,D,1887,x
78965,B,1937,x
78967,D,1884,x
78969,D,1938,x
78973,C,1473,x
78976,D,1387,x
78978,A,1337,x
78981,C,1819,x
78982,D,1767,x
78983,C,1501,x
78984,A,1515,x
78987,D,1239,x
78990,D,1998,x
78991,A,1805,x
78993,C,1551,x
78996,D,1675,x
78997,B,1890,x
78998,B,1781,x
79000,A,1702,x
79001,B,1627,x
79002,A,1952,x
79004,D,1400,x
79005,D,1208,x
79006,C,1708,x
79010,B,1757,x
79012,D,1080,x
79013,A,1320,x
79016,C,1956,x
79019,A,1501,x
79021,D,1663,x
79025,D,1952,x
79029,B,1535,x
79032,D,1210,x
79033,A,1207,x
79035,B,1703,x
79036,A,1442,x
79037,C,1688,x
79039,C,1693,x
79040,B,1841,x
79041,A,1904,x
79047,C,1396,x
79048,A,1021,x
79050,D,1986,x
79055,A,1976,x
79057,B,1752,x
79058,A,1536,x
79062,A,1552,x
79064,B,1825,x
79065,D,1481,x
79068,A,1088,x
79069,A,1040,x
79070,A,1338,x
79072,A,1809,x
79074,B,1601,x
79075,B,1802,x
79076,C,1746,x
79077,A,1172,x
79078,A,1526,x
79079,B,1428,x
79081,D,1881,x
79082,C,1145,x
79083,A,1171,x
79084,D,1333,x
79085,B,1411,x
79086,D,1984,x
79087,B,1495,x
79088,B,1484,x
79092,B,1145,x
79093,B,1354,x
79094,B,1070,x
79096,A,1716,x
79097,D,1399,x
79098,B,1908,x
79099,B,1304,x
79101,A,1172,x
79102,C,1377,x
79105,A,1608,x
79106,C,1906,x
79107,D,1335,x
79108,A,1073,x
79110,A,1558,x
79111,D,1966,x
79113,B,1298,x
79115,A,1417,x
79118,B,1823,x
79120,A,1238,x
79121,C,1503,x
79123,C,1187,x
79124,D,1864,x
79127,A,1149,x
79132,C,1238,x
79133,B,1269,x
79134,C,1965,x
79136,B,1129,x
79137,D,1370,x
79140,C,1156,x
79141,D,1093,x
79143,A,1173,x
79147,A,1061,x
79148,A,1323,x
79149,C,1084,x
79152,B,1558,x
79153,B,1371,x
79160,C,1749,x
79162,B,1661,x
79165,B,1340,x
79166,A,1273,x
79168,B,1147,x
79169,C,1444,x
79170,D,1922,x
79171,A,1534,x
79177,B,1086,x
79181,C,1839,x
79183,A,1948,x
79184,A,1519,x
79185,C,1628,x
79187,A,1287,x
79189,D,1039,x
79190,A,1510,x
79193,D,1507,x
79194,D,1774,x
79195,D,1128,x
79199,B,1625,x
79201,C,1800,x
79202,B,1657,x
79207,A,1722,x
79208,D,1622,x
79209,D,1091,x
79210,B,1858,x
79211,B,1014,x
79213,A,1813,x
79214,C,1617,x
79216,B,1396,x
79217,C,1991,x
79219,D,1796,x
79220,A,1159,x
79221,A,1541,x
79225,D,1807,x
79226,A,1687,x
79227,A,1768,x
79230,B,1263,x
79231,B,1192,x
79233,A,1394,x
79236,B,1793,x
79237,C,1587,x
79239,A,1779,x
79241,D,1128,x
79242,C,1318,x
79244,C,1479,x
79246,C,1515,x
79248,C,1287,x
79249,A,1030,x
79251,A,1329,x
79252,B,1196,x
79253,C,1419,x
79255,D,1601,x
79257,D,1128,x
79258,D,1669,x
79260,A,1410,x
79264,D,1881,x
79270,A,1719,x
79271,B,1258,x
79272,D,1708,x
79279,C,1230,x
79280,A,1756,x
79282,B,1469,x
79285,C,1525,x
79288,B,1591,x
79289,D,1485,x
79292,A,1696,x
79293,A,1537,x
79294,B,1239,x
79295,D,1602,x
79296,D,1235,x
79297,B,1512,x
79298,D,1669,x
79301,D,1713,x
79303,A,1758,x
79304,B,1047,x
79305,A,1172,x
79306,C,1394,x
79309,A,1735,x
79310,A,1652,x
79314,A,1708,x
79315,C,1486,x
79317,B,1243,x
79319,C,1427,x
79324,A,1174,x
79325,D,1159,x
79327,C,1504,x
79330,A,1338,x
79331,D,1431,x
79332,C,1545,x
79334,D,1856,x
79335,D,1179,x
79336,C,1115,x
79337,C,1015,x
79339,B,1584,x
79341,A,1033,x
79342,A,1248,x
79344,B,1210,x
79345,D,1838,x
79348,C,1771,x
79351,D,1400,x
79353,D,1617,x
79354,C,1164,x
79358,A,1718,x
79361,D,1036,x
79364,C,1715,x
79366,D,1422,x
79369,C,1986,x
79371,C,1094,x
79372,C,1126,x
79375,C,1712,x
79376,C,1405,x
79378,A,1877,x
79379,D,1996,x
79380,C,1510,x
79382,C,1631,x
79384,B,1328,x
79389,C,1261,x
79392,D,1806,x
79394,A,1777,x
79395,C,1890,x
79396,C,1815,x
79399,B,1902,x
79401,D,1946,x
79402,D,1056,x
79403,C,1128,x
79404,A,1273,x
79408,A,1892,x
79409,A,1453,x
79411,D,1723,x
79412,A,1757,x
79413,C,1513,x
79414,A,1187,x
79415,B,1681,x
79418,D,1385,x
79419,D,1745,x
79422,B,1813,x
79423,C,1558,x
79424,A,1931,x
79425,B,1961,x
79426,B,1960,x
79427,A,1287,x
79430,C,1838,x
79431,C,1637,x
79435,D,1894,x
79439,A,1303,x
79440,C,1251,x
79443,B,1063,x
79445,D,1574,x
79446,A,1796,x
79448,D,1900,x
79449,A,1176,x
79450,D,1971,x
79453,D,1139,x
79454,A,1978,x
79455,B,1287,x
79459,D,1282,x
79462,A,1388,x
79463,B,1558,x
79464,B,1886,x
79465,D,1453,x
79466,A,1367,x
79468,A,1689,x
79470,A,1941,x
79471,D,1461,x
79472,C,1602,x
79474,D,1682,x
79477,D,1772,x
79479,A,1713,x
79480,D,1745,x
79481,C,1191,x
79483,A,1122,x
79486,A,1743,x
79487,B,1087,x
79488,B,1774,x
79490,A,1016,x
79491,D,1585,x
79492,B,1482,x
79493,A,1891,x
79494,A,1922,x
79496,C,1657,x
79502,C,1483,x
79504,A,1661,x
79507,A,1734,x
79509,C,1332,x
79514,C,1439,x
79519,A,1213,x
79520,A,1343,x
79522,B,1902,x
79523,B,1826,x
79526,D,1217,x
79530,D,1519,x
79532,C,1251,x
79533,A,1311,x
79536,B,1228,x
79538,D,1434,x
79540,D,1331,x
79541,B,1277,x
79542,C,1538,x
79543,D,1514,x
79548,B,1908,x
79556,B,1603,x
79557,A,1049,x
79558,B,1572,x
79559,B,1901,x
79560,C,1611,x
79561,B,1344,x
79563,C,1407,x
79564,A,1487,x
79570,C,1337,x
79572,C,1433,x
79574,B,1988,x
79575,A,1323,x
79576,C,1908,x
79578,D,1866,x
79581,A,1406,x
79585,A,1400,x
79587,C,1263,x
79589,B,1913,x
79590,A,1604,x
79591,D,1261,x
79592,A,1046,x
79594,D,1392,x
79595,B,1733,x
79596,B,1668,x
79599,C,1949,x
79602,C,1613,x
79604,A,1915,x
79605,C,1471,x
79606,A,1979,x
79607,D,1796,x
79608,C,1491,x
79609,B,1844,x
79610,C,1926,x
79611,B,1023,x
79612,A,1232,x
79614,C,1526,x
79616,A,1566,x
79617,A,1149,x
79619,C,1121,x
79622,A,1973,x
79623,A,1444,x
79624,A,1312,x
79625,C,1998,x
79628,B,1606,x
79630,B,1511,x
79631,D,1783,x
79633,B,1760,x
79636,B,1883,x
79638,A,1253,x
79639,C,1742,x
79640,A,1853,x
79646,B,1027,x
79647,C,1791,x
79648,A,1661,x
79649,C,1132,x
79653,A,1801,x
79658,A,1281,x
79659,D,1530,x
79661,D,1781,x
79662,A,1505,x
79664,D,1682,x
79666,D,1237,x
79669,C,1064,x
79670,B,1602,x
79671,A,1425,x
79672,C,1037,x
79674,C,1715,x
79676,A,1088,x
79679,C,1289,x
79684,D,1079,x
79685,A,1699,x
79690,A,1039,x
79694,A,1802,x
79695,C,1346,x
79696,A,1647,x
79697,D,1696,x
79698,C,1534,x
79699,D,1547,x
79701,C,1901,x
79703,A,1538,x
79704,C,1508,x
79708,B,1107,x
79710,B,1610,x
79711,A,1022,x
79712,B,1430,x
79713,C,1549,x
79715,C,1478,x
79716,A,1597,x
79717,A,1650,x
79721,B,1036,x
79724,C,1053,x
79726,D,1199,x
79727,D,1298,x
79729,B,1914,x
79730,D,1012,x
79732,C,1308,x
79734,A,1256,x
79735,C,1049,x
79737,C,1245,x
79738,B,1071,x
79741,D,1264,x
79742,C,1393,x
79751,B,1645,x
79752,C,1989,x
79756,A,1514,x
79759,B,1056,x
79762,D,1778,x
79763,D,1147,x
79765,B,1846,x
79768,C,1249,x
79769,B,1478,x
79772,A,1549,x
79773,B,1949,x
79775,B,1546,x
79776,A,1838,x
79778,A,1954,x
79780,B,1320,x
79781,C,1101,x
79783,B,1212,x
79785,A,1449,x
79786,D,1510,x
79789,A,1253,x
79792,A,1464,x
79793,A,1891,x
79795,B,1024,x
79797,A,1124,x
79805,A,1155,x
79806,B,1811,x
79807,A,1830,x
79811,D,1394,x
79814,C,1012,x
79815,D,1028,x
79817,A,1446,x
79818,B,1638,x
79821,B,1740,x
79822,D,1790,x
79824,C,1213,x
79826,C,1315,x
79827,B,1232,x
79830,B,1979,x
79831,B,1379,x
79832,A,1733,x
79837,C,1400,x
79838,C,1706,x
79839,B,1314,x
79840,A,1455,x
79842,A,1062,x
79845,D,1858,x
79846,C,1990,x
79847,C,1290,x
79849,B,1166,x
79850,A,1704,x
79851,C,1126,x
79854,B,1484,x
79856,B,1458,x
79857,A,1944,x
79858,C,1488,x
79859,A,1354,x
79861,A,1651,x
79863,A,1782,x
79866,D,1454,x
79867,C,1198,x
79870,C,1157,x
79871,C,1044,x
79872,D,1862,x
79874,D,1934,x
79875,D,1270,x
79879,B,1376,x
79883,A,1738,x
79884,D,1829,x
79886,D,1116,x
79887,D,1050,x
79889,B,1727,x
79894,C,1416,x
79895,D,1431,x
79896,B,1695,x
79898,B,1534,x
79903,C,1712,x
79904,B,1780,x
79905,D,1022,x
79906,C,1323,x
79908,D,1776,x
79910,C,1636,x
79911,B,1536,x
79912,C,1242,x
79913,D,1275,x
79915,A,1211,x
79917,A,1048,x
79918,C,1355,x
79919,D,1197,x
79923,C,1225,x
79925,C,1961,x
79928,D,1228,x
79932,A,1163,x
79933,B,1190,x
79934,C,1772,x
79935,C,1838,x
79936,B,1978,x
79937,D,1321,x
79938,D,1351,x
79940,C,1404,x
79941,B,1916,x
79945,B,1887,x
79947,A,1656,x
79950,A,1246,x
79952,D,1591,x
79955,A,1205,x
79958,B,1572,x
79961,D,1026,x
79962,C,1769,x
79964,B,1177,x
79966,B,1163,x
79969,C,1273,x
79973,C,1214,x
79976,C,1198,x
79980,D,1941,x
79982,C,1214,x
79983,B,1145,x
79990,C,1445,x
79991,B,1990,x
79995,A,1934,x
79997,B,1182,x
79998,B,1650,x
79999,B,1022,x
80004,D,1844,x
80006,A,1586,x
80009,B,1788,x
80011,D,1345,x
80015,B,1225,x
80016,A,1572,x
80019,C,1737,x
80020,D,1627,x
80021,C,1412,x
80031,C,1003,x
80033,C,1577,x
80035,D,1223,x
80037,A,1295,x
80038,C,1551,x
80039,D,1662,x
80045,C,1350,x
80048,B,1737,x
80050,B,1009,x
80052,B,1298,x
80054,C,1919,x
80055,B,1441,x
80056,D,1992,x
80059,D,1592,x
80061,D,1784,x
80062,D,1672,x
80064,B,1908,x
80069,A,1791,x
80071,D,1596,x
80073,C,1093,x
80074,A,1438,x
80076,B,1566,x
80077,B,1162,x
80078,A,1485,x
80080,C,1644,x
80081,D,1915,x
80086,A,1712,x
80088,B,1573,x
80090,C,1929,x
80093,B,1687,x
80094,C,1507,x
80097,A,1194,x
80098,A,1007,x
80099,C,1879,x
80101,D,1283,x
80102,D,1036,x
80103,C,1604,x
80108,A,1593,x
80109,C,1116,x
80111,C,1051,x
80112,A,1451,x
80115,B,1871,x
80116,B,1797,x
80117,C,1737,x
80118,B,1497,x
80121,B,1081,x
80127,A,1861,x
80129,D,1275,x
80130,C,1479,x
80132,A,1327,x
80133,A,1195,x
80137,D,1674,x
80140,A,1310,x
80142,B,1276,x
80144,D,1421,x
80145,A,1095,x
80146,C,1384,x
80147,C,1103,x
80148,A,1554,x
80151,B,1967,x
80152,D,1846,x
80153,B,1467,x
80155,D,1876,x
80157,C,1484,x
80159,C,1861,x
80160,B,1882,x
80162,C,1846,x
80163,B,1825,x
80167,B,1783,x
80168,B,1063,x
80170,C,1455,x
80171,D,1265,x
80173,A,1266,x
80174,D,1132,x
80176,D,1932,x
80180,A,1609,x
80181,A,1565,x
80186,A,1315,x
80188,D,1275,x
80191,A,1084,x
80192,D,1348,x
80193,D,1875,x
80194,A,1585,x
80195,B,1981,x
80196,D,1988,x
80197,A,1171,x
80199,A,1461,x
80200,C,1075,x
80202,C,1474,x
80211,B,1443,x
80212,B,1024,x
80213,D,1204,x
80214,D,1060,x
80220,B,1799,x
80222,C,1093,x
80226,D,1801,x
80228,C,1801,x
80229,C,1326,x
80236,B,1781,x
80237,A,1508,x
80238,D,1854,x
80242,A,1029,x
80244,C,1077,x
80245,D,1019,x
80247,C,1401,x
80250,B,1028,x
80254,C,1865,x
80257,A,1080,x
80262,B,1781,x
80263,A,1847,x
80267,A,1825,x
80268,B,1259,x
80269,C,1919,x
80272,B,1516,x
80274,D,1060,x
80276,A,1888,x
80281,D,1761,x
80283,B,1889,x
80288,D,1221,x
80291,A,1190,x
80292,A,1055,x
80295,B,1673,x
80297,B,1850,x
80300,D,1145,x
80301,C,1988,x
80303,C,1942,x
80304,A,1071,x
80307,D,1509,x
80308,D,1750,x
80309,B,1925,x
80311,A,1526,x
80312,C,1140,x
80313,A,1239,x
80314,B,1891,x
80315,B,1069,x
80316,D,1694,x
80317,B,1363,x
80322,B,1992,x
80325,C,1557,x
80326,D,1282,x
80332,A,1702,x
80333,B,1183,x
80335,D,1282,x
80338,A,1111,x
80339,A,1353,x
80340,D,1839,x
80341,C,1780,x
80343,A,1573,x
80345,A,1410,x
80347,A,1216,x
80348,A,1690,x
80357,A,1915,x
80358,D,1885,x
80360,C,1159,x
80361,D,1146,x
80362,C,1286,x
80365,D,1079,x
80368,D,1437,x
80373,D,1709,x
80376,A,1178,x
80377,D,1487,x
80379,C,1158,x
80380,B,1450,x
80381,A,1993,x
80383,C,1144,x
80384,A,1876,x
80386,C,1679,x
80387,B,1377,x
80389,A,1918,x
80390,D,1311,x
80391,A,1922,x
80392,C,1416,x
80393,A,1792,x
80394,A,1909,x
80395,C,1943,x
80401,C,1080,x
80404,B,1350,x
80406,D,1159,x
80407,C,1161,x
80411,A,1371,x
80416,C,1198,x
80418,B,1522,x
80419,D,1094,x
80420,A,1169,x
80421,D,1278,x
80422,C,1652,x
80424,A,1206,x
80426,D,1448,x
80427,C,1480,x
80430,C,1616,x
80431,A,1752,x
80432,A,1685,x
80433,A,1554,x
80435,A,1287,x
80436,B,1641,x
80437,C,1894,x
80439,C,1853,x
80441,B,1402,x
80443,D,1889,x
80449,D,1132,x
80451,B,1018,x
80454,B,1750,x
80455,B,1015,x
80456,C,1860,x
80458,C,1528,x
80460,D,1782,x
80462,D,1610,x
80465,D,1141,x
80468,D,1723,x
80469,D,1142,x
80474,B,1007,x
80475,A,1883,x
80476,C,1647,x
80477,B,1387,x
80481,B,1093,x
80482,C,1942,x
80484,C,1135,x
80485,D,1466,x
80486,D,1395,x
80487,A,1983,x
80491,D,1154,x
80495,D,1493,x
80496,B,1957,x
80497,A,1278,x
80500,D,1716,x
80501,B,1332,x
80502,B,1027,x
80503,A,1827,x
80504,A,1193,x
80505,D,1314,x
80506,D,1806,x
80511,D,1996,x
80512,A,1069,x
80514,A,1199,x
80515,A,1609,x
80520,B,1534,x
80524,D,1116,x
80526,C,1070,x
80527,A,1150,x
80529,D,1869,x
80533,A,1671,x
80537,B,1837,x
80540,A,1281,x
80542,D,1861,x
80544,A,1495,x
80545,B,1689,x
80547,D,1374,x
80548,D,1667,x
80549,D,1163,x
80551,C,1517,x
80554,C,1485,x
80555,A,1385,x
80556,D,1030,x
80557,C,1578,x
80558,C,1937,x
80565,A,1836,x
80566,A,1739,x
80567,D,1007,x
80569,D,1707,x
80570,D,1418,x
80574,C,1911,x
80576,B,1422,x
80580,B,1844,x
80581,A,1395,x
80582,C,1705,x
80583,A,1453,x
80586,B,1108,x
80589,C,1258,x
80590,B,1272,x
80593,A,1824,x
80594,C,1606,x
80595,A,1961,x
80600,A,1395,x
80604,B,1631,x
80605,A,1462,x
80609,C,1352,x
80611,C,1223,x
80613,B,1506,x
80614,C,1724,x
80617,C,1181,x
80619,A,1676,x
80622,A,1743,x
80624,A,1958,x
80627,A,1883,x
80628,A,1088,x
80629,B,1670,x
80630,A,1461,x
80631,D,1526,x
80632,A,1253,x
80636,C,1104,x
80639,D,1480,x
80642,C,1531,x
80643,C,1617,x
80650,C,1927,x
80651,A,1065,x
80654,B,1363,x
80656,D,1740,x
80657,B,1244,x
80658,A,1017,x
80659,C,1482,x
80660,C,1904,x
80664,A,1472,x
80667,D,1658,x
80668,D,1857,x
80669,C,1682,x
80672,C,1417,x
80675,B,1343,x
80679,D,1347,x
80681,B,1834,x
80682,B,1669,x
80683,D,1596,x
80688,D,1075,x
80690,D,1037,x
80692,D,1795,x
80696,A,1143,x
80700,A,1916,x
80701,C,1287,x
80706,D,1951,x
80707,B,1003,x
80708,B,1687,x
80711,B,1212,x
80714,C,1789,x
80715,D,1408,x
80716,B,1741,x
80719,D,1289,x
80721,D,1454,x
80723,D,1045,x
80724,A,1213,x
80727,D,1248,x
80729,D,1027,x
80731,B,1774,x
80733,A,1434,x
80735,D,1584,x
80737,A,1557,x
80739,C,1955,x
80740,D,1158,x
80741,D,1027,x
80742,B,1487,x
80745,C,1785,x
80746,A,1220,x
80750,B,1346,x
80751,D,1647,x
80752,C,1292,x
80753,B,1852,x
80754,B,1809,x
80756,C,1551,x
80757,A,1484,x
80760,B,1294,x
80761,D,1770,x
80762,B,1083,x
80764,C,1678,x
80766,B,1147,x
80768,B,1842,x
80772,D,1241,x
80774,A,1723,x
80775,C,1830,x
80776,C,1415,x
80777,D,1783,x
80779,D,1410,x
80782,B,1172,x
80783,C,1815,x
80785,B,1469,x
80786,D,1448,x
80787,D,1436,x
80789,B,1485,x
80790,D,1699,x
80795,A,1017,x
80796,B,1775,x
80798,C,1324,x
80799,D,1596,x
80800,D,1333,x
80801,D,1910,x
80803,D,1176,x
80805,C,1390,x
80810,C,1953,x
80811,D,1821,x
80814,A,1836,x
80815,A,1205,x
80816,A,1091,x
80817,D,1915,x
80818,B,1766,x
80820,A,1295,x
80822,B,1773,x
80824,C,1140,x
80826,A,1467,x
80827,C,1555,x
80828,B,1682,x
80829,A,1822,x
80830,A,1080,x
80831,D,1628,x
80832,B,1595,x
80833,C,1652,x
80836,A,1364,x
80843,A,1363,x
80845,D,1653,x
80846,A,1295,x
80847,C,1330,x
80848,D,1642,x
80849,A,1103,x
80850,B,1352,x
80852,D,1559,x
80857,B,1677,x
80858,C,1494,x
80860,C,1311,x
80861,A,1104,x
80865,D,1094,x
80866,C,1624,x
80867,B,1504,x
80869,C,1732,x
80875,A,1031,x
80876,D,1546,x
80879,D,1285,x
80880,C,1647,x
80885,A,1694,x
80887,B,1058,x
80888,C,1948,x
80890,C,1392,x
80892,C,1869,x
80894,B,1454,x
80896,B,1534,x
80897,C,1475,x
80899,B,1091,x
80900,D,1886,x
80901,B,1151,x
80904,C,1448,x
80905,D,1948,x
80906,C,1734,x
80908,B,1885,x
80910,A,1535,x
80911,C,1247,x
80912,D,1552,x
80914,A,1693,x
80915,C,1460,x
80918,D,1551,x
80921,A,1819,x
80924,C,1425,x
80929,D,1180,x
80930,B,1851,x
80931,D,1584,x
80932,A,1584,x
80933,D,1254,x
80934,B,1464,x
80935,B,1676,x
80936,B,1254,x
80937,C,1110,x
80940,B,1127,x
80941,A,1215,x
80944,A,1350,x
80946,C,1222,x
80947,C,1107,x
80950,D,1192,x
80951,B,1327,x
80952,A,1016,x
80953,D,1595,x
80958,A,1307,x
80960,D,1954,x
80962,D,1980,x
80965,C,1306,x
80970,B,1126,x
80971,B,1557,x
80972,C,1242,x
80977,D,1477,x
80982,B,1945,x
80983,C,1125,x
80984,C,1946,x
80986,B,1373,x
80991,A,1676,x
80993,D,1920,x
80996,A,1001,x
80997,D,1373,x
80998,A,1520,x
81002,C,1803,x
81005,B,1671,x
81006,B,1667,x
81008,D,1957,x
81009,C,1613,x
81010,C,1536,x
81015,D,1899,x
81017,D,1911,x
81018,C,1379,x
81019,C,1936,x
81020,D,1606,x
81021,D,1149,x
81024,B,1464,x
81025,D,1843,x
81026,C,1296,x
81027,B,1628,x
81029,D,1612,x
81031,A,1276,x
81032,C,1037,x
81033,A,1181,x
81035,C,1521,x
81036,B,1113,x
81040,B,1755,x
81045,A,1057,x
81048,B,1727,x
81050,B,1692,x
81051,B,1309,x
81052,D,1852,x
81054,A,1908,x
81055,D,1688,x
81057,C,1184,x
81059,D,1088,x
81062,D,1960,x
81063,B,1449,x
81065,D,1541,x
81067,A,1900,x
81070,A,1437,x
81076,B,1201,x
81078,A,1287,x
81082,B,1729,x
81084,A,1621,x
81086,A,1501,x
81087,C,1453,x
81089,B,1636,x
81090,B,1446,x
81093,A,1272,x
81095,D,1948,x
81096,D,1207,x
81098,B,1989,x
81104,B,1263,x
81106,C,1214,x
81107,A,1520,x
81112,A,1259,x
81113,D,1929,x
81114,A,1058,x
81117,A,1565,x
81118,B,1490,x
81119,B,1495,x
81120,B,1005,x
81121,B,1820,x
81122,B,1286,x
81126,D,1538,x
81127,C,1175,x
81128,A,1930,x
81132,C,1739,x
81135,B,1273,x
81137,C,1243,x
81138,B,1557,x
81140,B,1798,x
81141,D,1997,x
81142,B,1275,x
81144,D,1601,x
81145,A,1226,x
81146,D,1886,x
81147,B,1099,x
81148,C,1549,x
81153,C,1953,x
81154,D,1339,x
81156,D,1505,x
81158,B,1372,x
81160,B,1849,x
81162,C,1376,x
81163,A,1076,x
81166,B,1691,x
81167,A,1246,x
81169,A,1106,x
81170,B,1477,x
81171,B,1973,x
81172,B,1688,x
81173,B,1447,x
81177,D,1687,x
81181,C,1568,x
81182,A,1318,x
81185,C,1940,x
81186,C,1723,x
81187,D,1522,x
81188,C,1123,x
81189,D,1041,x
81191,C,1004,x
81192,A,1840,x
81193,C,1918,x
81194,B,1428,x
81197,D,1654,x
81199,D,1206,x
81205,C,1439,x
81207,A,1783,x
81208,C,1127,x
81209,A,1385,x
81212,A,1109,x
81214,C,1812,x
81215,B,1527,x
81218,C,1942,x
81220,D,1667,x
81221,D,1383,x
81223,D,1299,x
81228,D,1011,x
81229,A,1026,x
81231,A,1242,x
81237,C,1965,x
81246,D,1245,x
81247,D,1831,x
81248,D,1518,x
81250,A,1130,x
81254,C,1715,x
81263,B,1359,x
81264,D,1606,x
81265,D,1102,x
81269,D,1985,x
81270,C,1508,x
81271,B,1639,x
81272,D,1573,x
81273,B,1675,x
81278,A,1087,x
81285,A,1027,x
81286,A,1888,x
81287,D,1679,x
81288,D,1659,x
81290,C,1798,x
81291,C,1822,x
81292,A,1816,x
81293,B,1322,x
81294,C,1620,x
81295,C,1222,x
81296,D,1604,x
81298,B,1055,x
81300,C,1469,x
81303,C,1685,x
81304,D,1427,x
81305,B,1701,x
81306,C,1214,x
81309,B,1360,x
81313,D,1289,x
81316,D,1980,x
81321,B,1657,x
81323,D,1871,x
81324,B,1043,x
81325,A,1566,x
81327,C,1492,x
81330,B,1571,x
81332,B,1139,x
81333,D,1365,x
81334,D,1310,x
81336,A,1529,x
81338,D,1649,x
81341,D,1091,x
81342,A,1896,x
81343,C,1144,x
81346,D,1351,x
81349,D,1358,x
81350,D,1503,x
81351,D,1043,x
81352,C,1307,x
81354,B,1414,x
81355,D,1929,x
81358,C,1631,x
81360,C,1712,x
81361,A,1616,x
81362,C,1698,x
81363,D,1962,x
81367,D,1826,x
81369,C,1558,x
81371,A,1706,x
81373,B,1526,x
81376,C,1463,x
81379,A,1813,x
81382,A,1727,x
81383,D,1605,x
81384,D,1633,x
81386,A,1630,x
81391,A,1845,x
81392,A,1771,x
81397,D,1947,x
81398,A,1920,x
81399,A,1249,x
81401,A,1820,x
81405,A,1906,x
81409,D,1461,x
81417,A,1570,x
81420,D,1714,x
81422,B,1037,x
81423,D,1042,x
81426,D,1501,x
81428,D,1425,x
81431,B,1953,x
81434,A,1440,x
81435,C,1554,x
81437,A,1911,x
81440,B,1697,x
81441,D,1533,x
81444,A,1837,x
81445,A,1213,x
81448,B,1535,x
81452,B,1405,x
81453,D,1469,x
81454,D,1551,x
81455,C,1959,x
81460,B,1980,x
81464,C,1305,x
81466,D,1510,x
81467,A,1868,x
81468,C,1291,x
81471,D,1118,x
81472,C,1801,x
81474,B,1754,x
81475,D,1661,x
81476,A,1758,x
81479,D,1017,x
81482,B,1493,x
81483,A,1053,x
81484,A,1507,x
81485,C,1365,x
81486,C,1567,x
81491,A,1635,x
81493,B,1973,x
81496,B,1104,x
81498,B,1078,x
81500,B,1716,x
81505,D,1339,x
81508,A,1128,x
81509,A,1645,x
81511,C,1639,x
81512,D,1995,x
81513,B,1268,x
81515,C,1145,x
81518,C,1164,x
81519,A,1166,x
81520,A,1348,x
81523,B,1838,x
81524,A,1658,x
81525,D,1584,x
81528,C,1970,x
81529,C,1036,x
81530,B,1427,x
81533,C,1303,x
81538,A,1882,x
81539,C,1137,x
81541,A,1942,x
81542,B,1480,x
81543,C,1340,x
81544,C,1904,x
81552,D,1032,x
81553,B,1169,x
81555,D,1345,x
81558,B,1943,x
81561,A,1973,x
81562,D,1207,x
81567,C,1285,x
81571,D,1154,x
81573,A,1923,x
81578,C,1605,x
81580,B,1977,x
81581,C,1877,x
81582,B,1994,x
81583,C,1506,x
81587,C,1202,x
81589,A,1988,x
81595,D,1027,x
81599,D,1268,x
81600,A,1251,x
81601,C,1676,x
81603,D,1578,x
81605,C,1824,x
81606,D,1193,x
81607,B,1111,x
81611,C,1998,x
81612,C,1514,x
81613,D,1347,x
81614,A,1964,x
81615,B,1181,x
81622,C,1279,x
81623,B,1477,x
81624,A,1884,x
81625,A,1101,x
81633,D,1049,x
81635,B,1707,x
81642,A,1967,x
81644,D,1904,x
81645,D,1681,x
81646,C,1592,x
81647,B,1922,x
81648,B,1613,x
81652,D,1530,x
81654,B,1044,x
81655,C,1342,x
81658,C,1466,x
81662,D,1201,x
81666,D,1862,x
81667,A,1597,x
81670,C,1521,x
81671,A,1725,x
81672,B,1210,x
81677,A,1316,x
81678,D,1730,x
81680,A,1750,x
81681,D,1398,x
81683,C,1500,x
81684,A,1258,x
81685,B,1716,x
81686,A,1571,x
81689,D,1433,x
81690,B,1359,x
81692,D,1662,x
81694,C,1210,x
81696,B,1422,x
81697,B,1836,x
81699,C,1901,x
81701,B,1377,x
81702,B,1799,x
81706,B,1058,x
81707,C,1635,x
81709,C,1387,x
81711,A,1445,x
81714,C,1410,x
81715,A,1630,x
81717,C,1506,x
81721,D,1737,x
81724,C,1708,x
81725,A,1736,x
81727,A,1884,x
81728,B,1191,x
81729,D,1126,x
81730,A,1296,x
81731,A,1963,x
81732,A,1071,x
81734,B,1017,x
81739,D,1860,x
81740,D,1058,x
81742,A,1824,x
81743,B,1673,x
81744,C,1796,x
81745,A,1976,x
81746,B,1817,x
81748,B,1849,x
81750,A,1265,x
81754,B,1502,x
81755,C,1869,x
81756,A,1571,x
81761,D,1672,x
81763,B,1717,x
81765,A,1522,x
81768,A,1629,x
81769,D,1142,x
81773,A,1868,x
81778,A,1884,x
81780,D,1115,x
81783,D,1379,x
81784,C,1473,x
81786,D,1761,x
81790,A,1191,x
81791,B,1463,x
81792,A,1509,x
81795,C,1934,x
81796,D,1158,x
81797,D,1592,x
81802,A,1997,x
81806,A,1295,x
81813,D,1019,x
81814,B,1611,x
81815,B,1785,x
81816,C,1597,x
81820,C,1243,x
81821,B,1320,x
81823,C,1530,x
81825,D,1987,x
81827,D,1300,x
81828,C,1386,x
81834,A,1575,x
81835,B,1537,x
81836,B,1033,x
81837,C,1183,x
81838,B,1753,x
81839,B,1983,x
81840,B,1576,x
81841,A,1735,x
81844,A,1599,x
81847,D,1457,x
81849,A,1372,x
81851,C,1225,x
81856,A,1940,x
81858,C,1642,x
81860,A,1126,x
81862,A,1325,x
81866,C,1587,x
81868,B,1026,x
81870,B,1406,x
81872,D,1302,x
81875,A,1230,x
81877,A,1099,x
81881,C,1986,x
81882,A,1459,x
81883,C,1139,x
81884,A,1327,x
81885,C,1960,x
81886,A,1877,x
81887,D,1207,x
81888,B,1876,x
81889,B,1395,x
81890,A,1813,x
81893,B,1342,x
81894,B,1595,x
81898,A,1178,x
81899,B,1772,x
81900,B,1988,x
81901,C,1487,x
81906,C,1800,x
81908,D,1071,x
81909,B,1210,x
81912,A,1846,x
81914,D,1713,x
81915,B,1722,x
81917,A,1802,x
81918,A,1917,x
81919,B,1190,x
81923,D,1476,x
81926,A,1120,x
81927,D,1073,x
81928,B,1738,x
81929,C,1993,x
81930,A,1166,x
81931,C,1957,x
81933,B,1686,x
81935,C,1650,x
81937,D,1361,x
81940,A,1772,x
81941,C,1894,x
81943,C,1279,x
81946,D,1595,x
81947,A,1131,x
81949,C,1573,x
81950,A,1222,x
81951,B,1962,x
81954,D,1577,x
81955,A,1722,x
81956,C,1060,x
81958,D,1369,x
81961,B,1929,x
81962,C,1961,x
81964,B,1772,x
81965,C,1515,x
81968,C,1279,x
81969,D,1914,x
81970,D,1593,x
81971,A,1879,x
81972,D,1229,x
81973,C,1876,x
81974,A,1908,x
81975,B,1826,x
81979,B,1726,x
81981,B,1087,x
81982,C,1926,x
81983,A,1663,x
81985,B,1457,x
81989,B,1014,x
81993,B,1844,x
81994,A,1702,x
81997,A,1406,x
82002,D,1868,x
82003,B,1687,x
82004,A,1785,x
82005,C,1456,x
82006,B,1278,x
82008,B,1182,x
82010,B,1528,x
82011,D,1376,x
82012,D,1288,x
82013,C,1201,x
82016,D,1477,x
82017,A,1983,x
82019,D,1380,x
82021,D,1383,x
82022,A,1472,x
82027,D,1886,x
82028,C,1986,x
82029,A,1499,x
82030,C,1686,x
82032,C,1801,x
82035,D,1672,x
82036,D,1917,x
82040,B,1524,x
82041,B,1023,x
82042,D,1152,x
82047,C,1981,x
82048,D,1870,x
82049,A,1629,x
82052,D,1841,x
82054,A,1572,x
82055,A,1684,x
82056,B,1426,x
82057,A,1624,x
82058,C,1739,x
82060,A,1053,x
82061,A,1504,x
82062,A,1133,x
82063,A,1188,x
82065,A,1500,x
82067,A,1564,x
82073,D,1101,x
82076,B,1563,x
82077,C,1836,x
82081,B,1358,x
82082,C,1978,x
82083,D,1852,x
82086,D,1192,x
82087,D,1756,x
82088,A,1275,x
82089,D,1706,x
82092,A,1727,x
82094,D,1389,x
82095,C,1612,x
82097,B,1391,x
82099,D,1320,x
82102,B,1619,x
82104,D,1357,x
82105,C,1792,x
82106,B,1413,x
82107,C,1626,x
82108,C,1297,x
82110,A,1647,x
82111,B,1246,x
82112,B,1514,x
82113,A,1718,x
82114,D,1245,x
82117,D,1147,x
82119,B,1994,x
82121,B,1718,x
82123,C,1478,x
82124,B,1563,x
82126,B,1604,x
82127,C,1759,x
82131,A,1466,x
82132,C,1366,x
82133,D,1427,x
82134,D,1467,x
82135,A,1830,x
82136,C,1176,x
82137,D,1799,x
82139,D,1159,x
82140,C,1905,x
82141,A,1095,x
82142,D,1312,x
82143,B,1270,x
82145,D,1561,x
82146,C,1382,x
82148,A,1894,x
82149,C,1163,x
82155,D,1387,x
82158,A,1581,x
82159,D,1785,x
82160,D,1457,x
82161,A,1857,x
82163,C,1917,x
82164,D,1255,x
82165,D,1686,x
82168,D,1404,x
82169,C,1479,x
82171,B,1889,x
82172,A,1017,x
82173,C,1400,x
82175,C,1897,x
82176,D,1636,x
82177,B,1020,x
82178,A,1727,x
82179,C,1570,x
82183,C,1247,x
82186,C,1105,x
82188,A,1259,x
82190,C,1933,x
82191,A,1219,x
82194,B,1189,x
82195,A,1022,x
82196,A,1576,x
82199,C,1094,x
82200,A,1951,x
82203,C,1472,x
82204,C,1498,x
82208,B,1282,x
82209,A,1155,x
82214,A,1320,x
82215,D,1467,x
82216,D,1780,x
82217,A,1768,x
82221,B,1749,x
82223,A,1728,x
82224,D,1966,x
82225,B,1867,x
82226,D,1129,x
82228,B,1891,x
82229,C,1573,x
82233,D,1616,x
82235,B,1623,x
82236,C,1716,x
82239,C,1675,x
82240,D,1836,x
82241,A,1180,x
82242,D,1248,x
82245,A,1917,x
82249,A,1515,x
82251,D,1860,x
82258,D,1624,x
82261,C,1014,x
82264,C,1401,x
82265,B,1701,x
82268,A,1116,x
82269,A,1899,x
82270,D,1926,x
82271,D,1500,x
82275,C,1549,x
82276,C,1476,x
82277,A,1755,x
82278,B,1760,x
82280,C,1264,x
82283,C,1366,x
82284,A,1421,x
82287,B,1876,x
82288,A,1193,x
82289,B,1390,x
82291,D,1453,x
82292,D,1345,x
82296,B,1164,x
82297,D,1328,x
82298,B,1526,x
82299,A,1751,x
82301,D,1133,x
82302,D,1793,x
82303,C,1259,x
82304,B,1887,x
82307,D,1856,x
82308,A,1801,x
82311,C,1314,x
82312,D,1382,x
82313,D,1648,x
82314,B,1729,x
82316,D,1320,x
82318,A,1317,x
82320,D,1923,x
82321,A,1714,x
82323,D,1751,x
82324,D,1663,x
82325,A,1122,x
82328,C,1902,x
82330,D,1550,x
82331,A,1371,x
82332,A,1119,x
82335,C,1521,x
82336,B,1551,x
82337,B,1967,x
82338,D,1847,x
82340,B,1453,x
82344,B,1902,x
82346,A,1016,x
82347,D,1711,x
82348,B,1960,x
82349,A,1079,x
82351,C,1318,x
82352,B,1851,x
82353,B,1043,x
82354,A,1457,x
82356,B,1990,x
82357,D,1261,x
82359,C,1840,x
82362,C,1426,x
82366,B,1288,x
82368,B,1420,x
82369,C,1287,x
82371,C,1570,x
82376,D,1884,x
82377,C,1227,x
82378,B,1267,x
82379,C,1248,x
82380,A,1020,x
82382,B,1371,x
82385,A,1571,x
82386,D,1848,x
82387,B,1371,x
82388,A,1233,x
82389,B,1141,x
82390,B,1905,x
82394,D,1057,x
82395,D,1273,x
82400,C,1199,x
82402,D,1074,x
82403,C,1561,x
82405,A,1991,x
82409,D,1061,x
82411,B,1481,x
82412,A,1198,x
82416,A,1762,x
82417,A,1923,x
82418,A,1901,x
82421,A,1228,x
82422,C,1680,x
82423,B,1528,x
82427,D,1127,x
82428,B,1857,x
82430,D,1893,x
82431,A,1801,x
82433,B,1438,x
82435,D,1018,x
82436,C,1993,x
82437,C,1576,x
82441,D,1924,x
82443,D,1076,x
82444,B,1946,x
82445,D,1438,x
82447,A,1648,x
82448,B,1831,x
82449,B,1228,x
82450,C,1520,x
82451,D,1226,x
82456,C,1854,x
82457,C,1882,x
82458,D,1835,x
82460,A,1444,x
82462,D,1702,x
82463,D,1909,x
82465,A,1673,x
82466,C,1203,x
82467,B,1717,x
82470,C,1098,x
82471,A,1913,x
82472,C,1697,x
82473,D,1473,x
82474,B,1119,x
82476,D,1400,x
82479,A,1519,x
82482,B,1982,x
82486,A,1317,x
82488,B,1859,x
82489,B,1276,x
82490,A,1204,x
82491,C,1078,x
82493,C,1810,x
82496,C,1674,x
82497,C,1612,x
82498,D,1256,x
82499,C,1905,x
82500,D,1633,x
82504,C,1177,x
82505,B,1090,x
82508,B,1504,x
82510,A,1009,x
82511,D,1929,x
82513,A,1749,x
82516,A,1548,x
82517,D,1905,x
82519,D,1796,x
82521,B,1650,x
82522,B,1561,x
82524,C,1538,x
82526,D,1313,x
82529,A,1113,x
82532,C,1817,x
82535,B,1258,x
82536,D,1388,x
82537,C,1828,x
82539,A,1492,x
82540,A,1518,x
82541,D,1399,x
82543,D,1551,x
82544,B,1152,x
82545,B,1159,x
82548,A,1963,x
82549,C,1537,x
82550,B,1410,x
82552,C,1344,x
82554,B,1679,x
82555,C,1556,x
82557,D,1124,x
82558,A,1668,x
82559,D,1875,x
82560,C,1895,x
82564,D,1502,x
82565,A,1451,x
82567,B,1013,x
82570,C,1953,x
82571,C,1565,x
82572,C,1068,x
82573,B,1474,x
82575,C,1557,x
82576,B,1791,x
82577,C,1935,x
82579,C,1037,x
82580,B,1578,x
82581,B,1635,x
82585,C,1951,x
82586,D,1672,x
82587,A,1686,x
82589,A,1984,x
82591,D,1284,x
82592,A,1800,x
82595,B,1057,x
82597,B,1200,x
82600,A,1868,x
82601,C,1996,x
82602,C,1760,x
82605,A,1431,x
82608,A,1665,x
82609,B,1269,x
82610,B,1179,x
82612,D,1696,x
82614,A,1056,x
82616,D,1302,x
82617,A,1547,x
82622,A,1328,x
82624,B,1139,x
82626,D,1662,x
82627,C,1912,x
82628,A,1931,x
82632,A,1726,x
82635,B,1561,x
82637,C,1552,x
82640,D,1842,x
82642,A,1166,x
82643,B,1179,x
82644,A,1246,x
82647,A,1497,x
82651,C,1872,x
82653,A,1808,x
82654,D,1276,x
82656,D,1773,x
82657,B,1705,x
82659,C,1909,x
82661,D,1832,x
82662,A,1734,x
82666,C,1366,x
82667,D,1734,x
82669,C,1341,x
82670,C,1112,x
82672,A,1136,x
82678,C,1419,x
82681,B,1155,x
82684,C,1771,x
82686,A,1480,x
82687,A,1551,x
82692,B,1025,x
82694,C,1433,x
82697,A,1704,x
82698,C,1672,x
82701,B,1681,x
82707,B,1921,x
82711,D,1814,x
82714,A,1109,x
82715,D,1733,x
82716,C,1074,x
82717,A,1054,x
82719,D,1133,x
82723,C,1390,x
82724,D,1132,x
82728,B,1090,x
82729,B,1763,x
82731,C,1700,x
82742,B,1135,x
82743,B,1693,x
82744,A,1319,x
82745,B,1895,x
82747,C,1548,x
82751,D,1923,x
82753,C,1572,x
82754,D,1469,x
82755,B,1343,x
82756,C,1148,x
82758,C,1052,x
82759,B,1181,x
82761,D,1234,x
82762,D,1535,x
82763,B,1131,x
82764,A,1945,x
82766,C,1829,x
82767,A,1949,x
82769,D,1320,x
82774,A,1854,x
82780,C,1508,x
82782,B,1432,x
82784,A,1764,x
82787,B,1523,x
82792,B,1765,x
82793,B,1434,x
82795,C,1180,x
82798,B,1274,x
82801,D,1257,x
82802,B,1321,x
82803,B,1436,x
82804,A,1378,x
82805,C,1624,x
82806,A,1294,x
82812,C,1558,x
82813,A,1571,x
82814,D,1354,x
82815,B,1878,x
82816,B,1584,x
82817,B,1030,x
82818,D,1786,x
82820,D,1336,x
82821,B,1345,x
82824,B,1178,x
82827,B,1441,x
82828,A,1817,x
82829,A,1412,x
82831,A,1797,x
82832,C,1657,x
82835,B,1079,x
82836,C,1559,x
82837,D,1767,x
82839,C,1788,x
82840,D,1432,x
82842,B,1549,x
82847,D,1675,x
82848,C,1742,x
82850,C,1850,x
82851,A,1950,x
82852,A,1857,x
82853,C,1548,x
82854,A,1150,x
82855,A,1355,x
82857,D,1694,x
82858,B,1691,x
82859,A,1373,x
82861,D,1961,x
82867,B,1038,x
82868,B,1854,x
82869,D,1929,x
82871,C,1264,x
82872,D,1595,x
82874,D,1417,x
82876,C,1393,x
82877,B,1235,x
82878,A,1753,x
82879,C,1963,x
82880,C,1968,x
82885,B,1085,x
82889,C,1295,x
82891,A,1923,x
82895,B,1844,x
82897,C,1552,x
82900,C,1105,x
82902,B,1886,x
82904,D,1084,x
82905,C,1672,x
82907,A,1831,x
82908,C,1475,x
82909,A,1530,x
82913,C,1065,x
82915,B,1380,x
82916,A,1677,x
82917,D,1514,x
82922,D,1903,x
82923,A,1153,x
82924,A,1735,x
82925,D,1978,x
82930,C,1822,x
82932,C,1655,x
82933,A,1164,x
82936,D,1836,x
82940,C,1745,x
82941,B,1404,x
82942,A,1705,x
82944,D,1261,x
82945,A,1924,x
82946,A,1728,x
82949,C,1758,x
82950,D,1418,x
82952,A,1985,x
82953,A,1234,x
82956,B,1895,x
82957,B,1297,x
82960,D,1279,x
82961,A,1796,x
82964,D,1722,x
82965,D,1766,x
82968,C,1868,x
82969,D,1965,x
82971,A,1192,x
82972,A,1610,x
82978,C,1513,x
82979,A,1845,x
82981,C,1160,x
82982,B,1265,x
82984,C,1401,x
82985,B,1023,x
82986,B,1682,x
82987,C,1168,x
82989,A,1296,x
82990,B,1757,x
82993,B,1871,x
82995,D,1082,x
82998,A,1748,x
83003,B,1962,x
83010,B,1959,x
83011,C,1507,x
83015,C,1259,x
83016,C,1401,x
83017,B,1621,x
83021,C,1602,x
83027,C,1217,x
83028,D,1717,x
83029,C,1462,x
83030,A,1673,x
83035,B,1854,x
83036,C,1828,x
83037,B,1559,x
83038,B,1005,x
83041,D,1154,x
83042,A,1686,x
83043,D,1770,x
83044,A,1159,x
83046,B,1134,x
83047,C,1595,x
83049,D,1449,x
83053,C,1213,x
83054,B,1668,x
83056,B,1532,x
83060,A,1035,x
83063,C,1026,x
83068,D,1619,x
83069,A,1004,x
83070,A,1484,x
83072,D,1260,x
83073,B,1191,x
83074,B,1097,x
83077,A,1804,x
83078,A,1899,x
83080,D,1675,x
83081,C,1013,x
83084,B,1674,x
83087,D,1496,x
83088,D,1207,x
83091,D,1674,x
83095,D,1614,x
83096,C,1299,x
83105,B,1457,x
83108,A,1208,x
83109,D,1145,x
83114,D,1505,x
83116,B,1228,x
83118,B,1841,x
83120,B,1623,x
83121,B,1594,x
83122,C,1692,x
83124,B,1985,x
83127,B,1988,x
83128,A,1563,x
83129,D,1012,x
83131,D,1676,x
83132,B,1262,x
83135,C,1254,x
83136,A,1105,x
83140,C,1487,x
83141,A,1575,x
83142,D,1795,x
83146,C,1537,x
83147,C,1511,x
83149,C,1297,x
83150,A,1362,x
83151,A,1710,x
83156,C,1496,x
83157,C,1120,x
83159,A,1681,x
83160,B,1240,x
83161,D,1606,x
83162,D,1458,x
83163,B,1948,x
83165,B,1969,x
83167,B,1493,x
83175,C,1623,x
83176,C,1311,x
83183,C,1177,x
83184,A,1313,x
83185,D,1898,x
83186,A,1420,x
83187,D,1089,x
83188,A,1700,x
83189,D,1338,x
83191,D,1864,x
83194,D,1485,x
83195,D,1265,x
83197,D,1505,x
83198,A,1014,x
83201,C,1933,x
83202,A,1231,x
83203,B,1791,x
83205,B,1850,x
83207,A,1586,x
83208,A,1900,x
83210,B,1388,x
83213,C,1514,x
83216,D,1525,x
83218,C,1529,x
83219,C,1423,x
83221,C,1467,x
83222,B,1534,x
83223,D,1643,x
83226,B,1289,x
83229,C,1927,x
83230,C,1973,x
83233,D,1853,x
83234,B,1011,x
83235,C,1805,x
83236,A,1462,x
83238,C,1719,x
83239,A,1860,x
83240,C,1488,x
83242,B,1197,x
83245,D,1640,x
83246,A,1619,x
83247,D,1809,x
83250,C,1553,x
83253,D,1664,x
83256,D,1929,x
83257,A,1623,x
83258,B,1409,x
83260,A,1500,x
83262,A,1144,x
83263,C,1834,x
83265,D,1933,x
83266,B,1450,x
83267,C,1407,x
83268,B,1993,x
83269,A,1701,x
83270,C,1957,x
83272,A,1217,x
83273,C,1224,x
83275,C,1308,x
83278,D,1269,x
83280,C,1123,x
83281,B,1688,x
83283,A,1624,x
83285,D,1207,x
83286,C,1783,x
83287,A,1879,x
83288,B,1150,x
83289,B,1035,x
83290,D,1742,x
83291,B,1555,x
83292,A,1673,x
83293,A,1379,x
83294,C,1678,x
83295,D,1626,x
83297,A,1961,x
83298,C,1465,x
83301,C,1912,x
83302,A,1284,x
83305,C,1970,x
83307,A,1032,x
83309,D,1253,x
83313,D,1697,x
83317,B,1121,x
83318,A,1178,x
83319,B,1832,x
83320,A,1026,x
83321,C,1698,x
83322,C,1864,x
83324,D,1692,x
83333,A,1764,x
83334,D,1495,x
83336,C,1183,x
83337,C,1622,x
83338,D,1609,x
83341,D,1208,x
83344,B,1767,x
83345,A,1359,x
83347,C,1163,x
83350,A,1726,x
83351,A,1065,x
83353,D,1530,x
83354,C,1649,x
83355,A,1483,x
83356,A,1205,x
83360,C,1398,x
83362,A,1342,x
83363,B,1538,x
83365,B,1789,x
83367,D,1241,x
83371,B,1693,x
83373,C,1765,x
83376,B,1069,x
83377,A,1456,x
83378,C,1361,x
83384,C,1247,x
83386,A,1839,x
83388,D,1680,x
83389,D,1123,x
83390,A,1486,x
83391,A,1214,x
83394,D,1469,x
83396,A,1600,x
83398,D,1150,x
83400,D,1716,x
83401,C,1606,x
83402,A,1444,x
83403,C,1802,x
83404,D,1470,x
83405,A,1199,x
83406,D,1896,x
83409,B,1256,x
83412,D,1773,x
83413,B,1812,x
83415,D,1256,x
83418,A,1068,x
83426,D,1316,x
83429,A,1302,x
83431,D,1924,x
83433,A,1748,x
83434,D,1948,x
83438,B,1493,x
83440,A,1700,x
83444,A,1724,x
83445,A,1212,x
83446,A,1036,x
83447,C,1195,x
83448,C,1358,x
83450,C,1063,x
83451,D,1326,x
83452,D,1915,x
83454,A,1816,x
83455,A,1953,x
83457,C,1993,x
83462,B,1416,x
83463,B,1284,x
83465,B,1648,x
83466,A,1828,x
83467,C,1923,x
83469,C,1062,x
83470,B,1384,x
83472,A,1264,x
83475,C,1241,x
83477,C,1481,x
83478,D,1714,x
83479,B,1892,x
83483,B,1983,x
83486,A,1364,x
83487,C,1059,x
83489,B,1626,x
83490,D,1522,x
83492,C,1906,x
83498,D,1896,x
83500,C,1059,x
83503,D,1678,x
83504,D,1874,x
83507,C,1944,x
83511,A,1125,x
83515,D,1344,x
83519,A,1167,x
83521,C,1330,x
83524,C,1737,x
83525,A,1529,x
83529,C,1781,x
83531,B,1223,x
83532,B,1488,x
83533,C,1399,x
83534,A,1929,x
83535,D,1898,x
83539,C,1642,x
83541,C,1010,x
83542,B,1526,x
83543,C,1460,x
83544,A,1068,x
83548,B,1919,x
83549,C,1282,x
83550,C,1086,x
83551,B,1809,x
83552,A,1597,x
83554,D,1555,x
83556,D,1416,x
83557,B,1841,x
83563,A,1194,x
83567,C,1711,x
83575,C,1140,x
83577,C,1127,x
83581,D,1978,x
83582,B,1370,x
83586,D,1228,x
83587,A,1612,x
83588,D,1747,x
83591,A,1084,x
83593,C,1794,x
83594,A,1057,x
83595,C,1458,x
83601,A,1289,x
83603,B,1872,x
83608,D,1577,x
83611,B,1833,x
83612,B,1758,x
83616,C,1522,x
83617,A,1643,x
83622,B,1449,x
83629,A,1165,x
83630,D,1764,x
83631,C,1627,x
83638,A,1773,x
83639,A,1757,x
83644,A,1137,x
83645,D,1777,x
83646,A,1324,x
83648,A,1073,x
83651,A,1356,x
83655,C,1361,x
83656,A,1869,x
83657,D,1998,x
83658,C,1941,x
83660,B,1715,x
83662,C,1130,x
83664,B,1564,x
83666,B,1191,x
83667,A,1784,x
83668,D,1637,x
83673,D,1631,x
83676,B,1782,x
83677,C,1006,x
83678,A,1880,x
83679,C,1788,x
83681,D,1997,x
83685,B,1990,x
83686,D,1145,x
83691,D,1576,x
83693,B,1739,x
83694,A,1675,x
83696,C,1562,x
83698,A,1236,x
83699,D,1247,x
83701,A,1574,x
83702,A,1149,x
83703,C,1570,x
83706,A,1588,x
83709,C,1059,x
83710,B,1242,x
83711,B,1090,x
83715,D,1516,x
83717,B,1181,x
83718,C,1681,x
83721,C,1551,x
83723,B,1094,x
83726,A,1873,x
83727,C,1112,x
83728,A,1355,x
83730,B,1150,x
83733,A,1202,x
83737,B,1156,x
83740,B,1128,x
83748,C,1750,x
83751,D,1832,x
83753,D,1990,x
83754,B,1136,x
83757,B,1922,x
83760,A,1108,x
83766,A,1951,x
83768,D,1751,x
83769,A,1422,x
83770,A,1305,x
83771,A,1091,x
83775,D,1026,x
83776,A,1354,x
83779,A,1622,x
83780,A,1215,x
83782,B,1783,x
83786,B,1645,x
83787,D,1912,x
83794,A,1343,x
83795,C,1358,x
83796,A,1946,x
83800,B,1154,x
83801,B,1885,x
83802,B,1172,x
83803,D,1926,x
83804,B,1739,x
83807,D,1262,x
83808,D,1695,x
83813,C,1785,x
83814,A,1698,x
83816,D,1784,x
83817,C,1157,x
83818,B,1979,x
83819,B,1326,x
83822,D,1969,x
83823,D,1642,x
83826,D,1382,x
83827,B,1827,x
83828,B,1483,x
83831,D,1299,x
83833,D,1841,x
83834,C,1150,x
83837,A,1274,x
83838,C,1932,x
83839,B,1571,x
83843,B,1868,x
83844,D,1766,x
83847,A,1207,x
83848,C,1717,x
83849,B,1300,x
83852,D,1251,x
83853,D,1860,x
83856,C,1962,x
83862,D,1482,x
83864,C,1303,x
83867,D,1391,x
83870,B,1327,x
83871,A,1693,x
83872,B,1434,x
83874,B,1284,x
83875,A,1755,x
83880,A,1481,x
83882,A,1411,x
83883,A,1013,x
83886,C,1353,x
83888,B,1181,x
83890,A,1673,x
83891,D,1045,x
83892,B,1525,x
83893,D,1628,x
83894,B,1919,x
83895,D,1207,x
83896,A,1807,x
83899,D,1639,x
83901,B,1134,x
83902,D,1693,x
83903,C,1573,x
83904,A,1273,x
83907,C,1779,x
83908,D,1507,x
83909,A,1373,x
83912,B,1622,x
83915,B,1220,x
83916,D,1601,x
83917,B,1910,x
83921,A,1382,x
83928,D,1774,x
83930,D,1181,x
83931,D,1540,x
83932,C,1980,x
83933,C,1586,x
83934,A,1793,x
83935,A,1245,x
83936,B,1648,x
83937,C,1133,x
83939,A,1696,x
83940,C,1929,x
83941,C,1552,x
83944,D,1353,x
83945,A,1549,x
83946,B,1528,x
83949,A,1715,x
83952,A,1874,x
83955,C,1950,x
83957,A,1579,x
83958,A,1156,x
83959,A,1994,x
83961,C,1415,x
83963,B,1141,x
83964,B,1798,x
83967,D,1184,x
83968,C,1221,x
83969,D,1821,x
83970,B,1472,x
83971,D,1499,x
83972,B,1750,x
83974,C,1227,x
83976,D,1107,x
83977,D,1421,x
83978,C,1344,x
83979,A,1166,x
83980,A,1267,x
83981,A,1445,x
83982,B,1972,x
83984,C,1126,x
83991,C,1632,x
83993,A,1887,x
83997,D,1220,x
83999,B,1732,x
84000,D,1229,x
84001,C,1817,x
84003,A,1072,x
84004,D,1906,x
84006,A,1936,x
84008,A,1801,x
84009,D,1750,x
84013,A,1420,x
84019,C,1072,x
84022,A,1116,x
84025,A,1632,x
84027,B,1214,x
84028,A,1718,x
84030,A,1302,x
84034,B,1366,x
84035,A,1422,x
84036,A,1515,x
84038,B,1974,x
84040,A,1689,x
84044,B,1391,x
84046,B,1799,x
84047,C,1130,x
84049,A,1858,x
84052,A,1097,x
84054,A,1893,x
84055,C,1582,x
84058,B,1109,x
84060,C,1506,x
84063,A,1615,x
84064,C,1609,x
84065,D,1722,x
84066,C,1904,x
84069,A,1615,x
84071,B,1045,x
84072,D,1958,x
84073,B,1135,x
84075,A,1813,x
84076,D,1013,x
84078,C,1096,x
84084,C,1411,x
84085,C,1091,x
84086,B,1416,x
84087,D,1403,x
84088,C,1247,x
84089,C,1362,x
84090,D,1086,x
84091,B,1459,x
84092,B,1712,x
84094,C,1611,x
84095,B,1844,x
84096,D,1942,x
84101,D,1293,x
84103,C,1163,x
84104,A,1668,x
84105,C,1605,x
84106,B,1150,x
84109,B,1566,x
84113,D,1802,x
84114,A,1077,x
84115,A,1846,x
84121,A,1741,x
84124,A,1931,x
84128,C,1109,x
84129,B,1122,x
84130,C,1306,x
84132,A,1689,x
84133,A,1827,x
84134,D,1900,x
84135,D,1367,x
84138,B,1824,x
84139,D,1494,x
84141,C,1111,x
84144,C,1222,x
84146,A,1180,x
84147,B,1985,x
84149,C,1467,x
84151,B,1309,x
84152,D,1565,x
84153,D,1103,x
84156,B,1400,x
84157,B,1203,x
84159,A,1798,x
84161,A,1762,x
84162,C,1928,x
84163,A,1917,x
84165,B,1106,x
84166,B,1245,x
84167,A,1328,x
84168,A,1610,x
84169,D,1036,x
84171,B,1795,x
84172,B,1806,x
84173,C,1676,x
84174,C,1078,x
84175,B,1877,x
84178,C,1535,x
84179,D,1658,x
84180,A,1813,x
84184,C,1154,x
84188,C,1648,x
84189,C,1703,x
84190,B,1131,x
84191,C,1569,x
84192,C,1826,x
84195,D,1616,x
84199,D,1526,x
84200,D,1060,x
84201,C,1407,x
84202,B,1400,x
84203,C,1596,x
84206,B,1473,x
84208,B,1414,x
84209,D,1916,x
84213,A,1201,x
84220,C,1222,x
84221,B,1343,x
84222,D,1962,x
84224,C,1861,x
84225,A,1048,x
84227,B,1713,x
84230,B,1160,x
84231,B,1424,x
84232,B,1285,x
84233,D,1278,x
84235,B,1416,x
84236,B,1393,x
84237,A,1701,x
84238,A,1154,x
84240,C,1356,x
84241,A,1110,x
84243,A,1937,x
84246,B,1527,x
84249,A,1734,x
84250,A,1953,x
84252,B,1388,x
84258,D,1276,x
84260,B,1221,x
84261,C,1488,x
84262,C,1025,x
84265,B,1371,x
84266,B,1673,x
84269,D,1697,x
84270,B,1621,x
84271,A,1678,x
84275,D,1972,x
84276,B,1031,x
84277,C,1435,x
84279,D,1987,x
84281,D,1173,x
84287,B,1845,x
84288,C,1517,x
84289,C,1766,x
84290,A,1659,x
84291,A,1286,x
84294,C,1387,x
84295,D,1711,x
84297,D,1514,x
84298,B,1353,x
84300,D,1585,x
84301,D,1471,x
84304,D,1608,x
84309,C,1695,x
84311,B,1717,x
84314,B,1027,x
84315,B,1344,x
84317,A,1742,x
84319,A,1217,x
84320,C,1480,x
84321,A,1442,x
84324,C,1420,x
84325,D,1745,x
84327,A,1676,x
84329,C,1985,x
84333,B,1262,x
84334,C,1382,x
84339,B,1761,x
84340,D,1092,x
84341,D,1812,x
84342,C,1584,x
84344,A,1451,x
84347,C,1079,x
84348,C,1203,x
84350,C,1975,x
84351,C,1880,x
84352,D,1551,x
84353,D,1620,x
84354,A,1677,x
84358,C,1827,x
84359,B,1547,x
84360,C,1414,x
84361,B,1131,x
84362,C,1820,x
84364,A,1409,x
84366,B,1314,x
84369,D,1559,x
84370,B,1590,x
84371,C,1089,x
84372,B,1245,x
84373,B,1075,x
84377,B,1103,x
84378,B,1209,x
84381,A,1528,x
84382,D,1312,x
84384,D,1900,x
84385,C,1213,x
84388,C,1001,x
84389,A,1477,x
84390,D,1607,x
84394,D,1442,x
84396,D,1631,x
84397,D,1927,x
84400,A,1155,x
84401,A,1479,x
84402,B,1373,x
84404,C,1594,x
84406,C,1739,x
84407,A,1187,x
84408,B,1317,x
84411,A,1744,x
84412,B,1907,x
84414,A,1421,x
84418,A,1047,x
84419,A,1922,x
84421,A,1887,x
84423,B,1294,x
84424,C,1852,x
84428,A,1020,x
84430,D,1067,x
84431,B,1438,x
84434,B,1724,x
84436,B,1580,x
84437,A,1064,x
84439,D,1463,x
84440,B,1986,x
84441,A,1981,x
84442,B,1069,x
84444,A,1008,x
84445,C,1927,x
84446,B,1546,x
84449,C,1306,x
84454,A,1103,x
84456,D,1511,x
84459,B,1616,x
84464,D,1440,x
84467,C,1695,x
84468,C,1721,x
84469,D,1407,x
84470,D,1505,x
84471,A,1204,x
84472,B,1340,x
84473,C,1198,x
84475,B,1122,x
84478,A,1428,x
84480,A,1257,x
84486,B,1755,x
84489,A,1382,x
84490,D,1289,x
84491,D,1152,x
84493,A,1592,x
84494,C,1716,x
84495,B,1489,x
84500,C,1298,x
84503,D,1309,x
84505,A,1743,x
84507,B,1779,x
84508,A,1087,x
84511,D,1510,x
84512,B,1228,x
84514,B,1007,x
84515,C,1610,x
84518,B,1280,x
84519,D,1629,x
84520,A,1216,x
84521,A,1727,x
84522,B,1018,x
84524,D,1148,x
84525,B,1792,x
84526,C,1861,x
84527,B,1695,x
84528,B,1167,x
84532,B,1339,x
84536,D,1269,x
84538,D,1046,x
84539,C,1893,x
84540,D,1814,x
84541,B,1386,x
84543,A,1675,x
84544,C,1008,x
84545,D,1258,x
84547,C,1856,x
84548,D,1075,x
84551,C,1178,x
84553,D,1111,x
84555,C,1165,x
84558,B,1475,x
84559,C,1629,x
84561,B,1928,x
84562,B,1565,x
84566,D,1600,x
84568,C,1568,x
84569,B,1947,x
84571,D,1241,x
84574,C,1663,x
84575,B,1255,x
84576,C,1447,x
84578,A,1777,x
84580,D,1548,x
84581,D,1355,x
84582,A,1980,x
84583,C,1740,x
84585,D,1929,x
84589,A,1891,x
84590,B,1963,x
84591,D,1993,x
84593,B,1861,x
84594,C,1696,x
84597,D,1387,x
84598,C,1850,x
84601,A,1236,x
84602,C,1225,x
84604,C,1956,x
84605,B,1646,x
84607,C,1264,x
84608,A,1869,x
84611,C,1920,x
84612,D,1790,x
84615,B,1116,x
84616,C,1500,x
84619,A,1372,x
84620,D,1778,x
84624,A,1279,x
84625,B,1614,x
84628,B,1348,x
84629,A,1933,x
84632,D,1007,x
84634,C,1866,x
84635,D,1104,x
84642,D,1878,x
84644,D,1566,x
84646,A,1966,x
84647,C,1410,x
84648,D,1526,x
84649,C,1339,x
84650,A,1204,x
84651,C,1923,x
84654,C,1276,x
84655,D,1190,x
84656,B,1178,x
84657,A,1372,x
84661,A,1847,x
84662,B,1853,x
84666,D,1594,x
84667,C,1630,x
84668,D,1220,x
84669,A,1934,x
84670,C,1805,x
84671,B,1042,x
84672,B,1842,x
84674,C,1002,x
84677,B,1952,x
84678,D,1363,x
84679,C,1568,x
84680,D,1369,x
84681,A,1690,x
84682,C,1565,x
84685,A,1804,x
84687,A,1519,x
84690,D,1343,x
84695,C,1826,x
84697,D,1888,x
84698,D,1191,x
84701,A,1818,x
84704,A,1171,x
84708,A,1409,x
84710,B,1355,x
84715,A,1417,x
84718,D,1397,x
84720,D,1019,x
84721,D,1197,x
84724,A,1826,x
84725,D,1261,x
84728,B,1963,x
84729,C,1475,x
84731,A,1072,x
84733,C,1606,x
84734,D,1408,x
84735,C,1800,x
84740,C,1121,x
84741,C,1235,x
84742,C,1487,x
84743,D,1221,x
84744,B,1355,x
84747,B,1760,x
84752,A,1232,x
84753,C,1732,x
84755,B,1826,x
84759,A,1747,x
84760,A,1075,x
84762,C,1260,x
84765,C,1775,x
84766,C,1290,x
84767,B,1381,x
84768,A,1775,x
84771,D,1209,x
84774,D,1214,x
84775,C,1691,x
84776,D,1210,x
84778,D,1464,x
84780,D,1981,x
84781,D,1517,x
84783,A,1826,x
84785,D,1649,x
84787,D,1094,x
84788,B,1105,x
84789,C,1112,x
84791,C,1129,x
84797,D,1395,x
84798,C,1866,x
84800,D,1584,x
84803,A,1667,x
84805,D,1182,x
84807,A,1170,x
84809,D,1801,x
84810,D,1503,x
84813,A,1516,x
84814,A,1272,x
84815,A,1627,x
84816,A,1364,x
84817,B,1609,x
84818,D,1501,x
84819,B,1390,x
84821,D,1361,x
84822,C,1172,x
84825,B,1049,x
84827,B,1020,x
84828,A,1054,x
84830,D,1552,x
84833,B,1477,x
84834,C,1690,x
84835,B,1505,x
84839,C,1022,x
84840,B,1975,x
84842,C,1797,x
84843,A,1394,x
84845,A,1678,x
84847,C,1633,x
84849,C,1360,x
84851,A,1799,x
84853,C,1723,x
84855,C,1558,x
84858,D,1240,x
84862,A,1944,x
84863,A,1097,x
84864,B,1920,x
84867,B,1901,x
84869,D,1382,x
84872,C,1828,x
84875,A,1682,x
84878,A,1381,x
84879,D,1646,x
84880,D,1271,x
84881,A,1323,x
84886,A,1720,x
84887,B,1379,x
84890,B,1652,x
84894,D,1600,x
84895,D,1864,x
84896,A,1329,x
84898,A,1570,x
84903,C,1503,x
84904,B,1582,x
84909,D,1291,x
84910,D,1177,x
84911,A,1278,x
84913,D,1600,x
84918,A,1606,x
84919,C,1277,x
84922,C,1943,x
84924,D,1498,x
84929,C,1140,x
84932,A,1278,x
84934,B,1617,x
84937,C,1162,x
84938,D,1385,x
84939,B,1813,x
84943,A,1671,x
84944,C,1514,x
84945,A,1788,x
84950,A,1256,x
84952,A,1532,x
84953,D,1845,x
84954,B,1777,x
84955,D,1766,x
84958,B,1902,x
84960,C,1112,x
84964,B,1189,x
84965,A,1851,x
84968,A,1334,x
84970,B,1974,x
84971,D,1040,x
84972,C,1337,x
84974,A,1133,x
84984,C,1983,x
84985,D,1161,x
84987,B,1145,x
84991,B,1071,x
84993,A,1603,x
84994,A,1470,x
85000,B,1213,x
85003,C,1320,x
85004,B,1426,x
85005,B,1283,x
85006,C,1474,x
85007,D,1905,x
85009,D,1735,x
85010,C,1753,x
85011,B,1593,x
85016,D,1253,x
85019,C,1786,x
85020,C,1013,x
85023,D,1779,x
85025,D,1482,x
85026,D,1809,x
85028,B,1483,x
85032,A,1068,x
85035,C,1409,x
85037,D,1465,x
85038,A,1671,x
85039,A,1867,x
85041,C,1662,x
85043,C,1154,x
85046,A,1255,x
85048,A,1629,x
85049,C,1442,x
85050,A,1350,x
85051,B,1859,x
85053,C,1949,x
85055,B,1713,x
85056,A,1622,x
85058,A,1466,x
85059,C,1508,x
85063,C,1674,x
85064,C,1076,x
85065,C,1351,x
85066,D,1993,x
85070,C,1143,x
85071,C,1604,x
85073,A,1188,x
85074,A,1248,x
85075,C,1555,x
85081,A,1248,x
85083,A,1788,x
85084,B,1813,x
85085,A,1705,x
85087,B,1098,x
85088,A,1005,x
85089,B,1502,x
85091,C,1430,x
85092,C,1418,x
85093,D,1842,x
85094,B,1201,x
85095,C,1769,x
85104,B,1329,x
85106,D,1934,x
85111,C,1337,x
85112,B,1590,x
85113,A,1266,x
85114,A,1436,x
85115,D,1335,x
85116,C,1084,x
85117,D,1794,x
85119,B,1047,x
85120,A,1403,x
85121,D,1728,x
85122,C,1050,x
85123,B,1405,x
85124,B,1867,x
85125,B,1196,x
85126,A,1186,x
85127,D,1901,x
85129,D,1940,x
85134,B,1568,x
85136,D,1298,x
85137,D,1180,x
85138,A,1231,x
85140,B,1261,x
85143,D,1333,x
85144,B,1768,x
85146,C,1656,x
85148,D,1358,x
85149,A,1812,x
85150,B,1081,x
85151,B,1485,x
85152,D,1553,x
85153,D,1606,x
85154,D,1173,x
85155,B,1378,x
85156,C,1860,x
85159,C,1619,x
85160,C,1241,x
85161,A,1158,x
85162,D,1324,x
85168,D,1985,x
85173,D,1945,x
85177,A,1194,x
85178,D,1741,x
85179,A,1370,x
85180,B,1731,x
85183,D,1157,x
85184,A,1814,x
85185,B,1254,x
85186,D,1606,x
85188,B,1351,x
85193,A,1963,x
85194,A,1912,x
85196,D,1860,x
85197,D,1263,x
85198,D,1926,x
85199,D,1416,x
85200,C,1552,x
85202,C,1003,x
85204,C,1881,x
85207,D,1118,x
85208,C,1569,x
85211,B,1240,x
85213,C,1561,x
85215,C,1908,x
85217,D,1199,x
85218,C,1877,x
85219,C,1171,x
85221,A,1886,x
85222,A,1184,x
85223,A,1594,x
85225,C,1746,x
85227,A,1383,x
85229,D,1965,x
85231,C,1082,x
85233,B,1203,x
85234,D,1905,x
85238,A,1475,x
85244,D,1143,x
85246,A,1040,x
85250,A,1886,x
85254,A,1178,x
85255,D,1299,x
85260,C,1593,x
85261,A,1826,x
85263,C,1738,x
85267,D,1580,x
85271,C,1843,x
85272,C,1191,x
85273,C,1469,x
85275,A,1871,x
85276,B,1112,x
85277,D,1055,x
85278,A,1816,x
85280,C,1980,x
85282,D,1181,x
85284,A,1095,x
85285,A,1751,x
85287,A,1734,x
85288,B,1354,x
85289,C,1610,x
85291,C,1536,x
85294,D,1582,x
85295,A,1488,x
85296,B,1578,x
85299,C,1737,x
85300,C,1551,x
85301,B,1709,x
85310,A,1698,x
85311,A,1161,x
85312,A,1654,x
85313,B,1673,x
85314,D,1092,x
85316,B,1014,x
85317,C,1359,x
85320,A,1036,x
85324,A,1724,x
85326,A,1851,x
85328,D,1770,x
85329,C,1546,x
85331,D,1029,x
85334,D,1892,x
85335,A,1085,x
85336,B,1912,x
85338,C,1100,x
85340,D,1286,x
85341,A,1296,x
85343,B,1046,x
85344,D,1312,x
85352,B,1124,x
85354,D,1725,x
85355,C,1693,x
85359,A,1600,x
85360,C,1279,x
85361,A,1480,x
85362,C,1567,x
85363,A,1668,x
85370,C,1135,x
85371,C,1912,x
85372,A,1389,x
85373,C,1439,x
85374,B,1850,x
85375,B,1331,x
85376,D,1690,x
85379,A,1779,x
85380,C,1242,x
85382,D,1514,x
85383,B,1289,x
85388,C,1508,x
85389,A,1464,x
85391,C,1915,x
85392,C,1735,x
85393,C,1231,x
85397,A,1395,x
85403,B,1266,x
85404,B,1271,x
85409,C,1277,x
85411,B,1458,x
85412,B,1267,x
85415,A,1243,x
85416,D,1719,x
85419,B,1282,x
85423,A,1664,x
85427,A,1681,x
85430,A,1447,x
85432,C,1868,x
85435,A,1033,x
85436,A,1508,x
85439,C,1182,x
85440,D,1895,x
85445,D,1326,x
85447,C,1021,x
85448,D,1052,x
85449,A,1038,x
85450,A,1299,x
85451,C,1999,x
85452,C,1989,x
85457,C,1592,x
85458,C,1244,x
85459,C,1542,x
85461,A,1081,x
85462,B,1405,x
85463,C,1158,x
85469,C,1601,x
85470,C,1361,x
85471,D,1038,x
85472,D,1373,x
85478,B,1952,x
85479,C,1577,x
85480,A,1854,x
85481,B,1329,x
85482,B,1640,x
85483,A,1793,x
85484,C,1426,x
85485,B,1285,x
85486,B,1665,x
85490,C,1009,x
85491,D,1557,x
85492,A,1554,x
85493,C,1150,x
85494,B,1453,x
85495,D,1597,x
85499,A,1285,x
85504,A,1463,x
85505,C,1569,x
85506,B,1598,x
85508,D,1431,x
85509,C,1486,x
85511,C,1900,x
85514,B,1397,x
85515,A,1512,x
85516,A,1199,x
85519,C,1694,x
85520,A,1360,x
85522,A,1275,x
85523,A,1480,x
85526,A,1872,x
85529,B,1106,x
85532,B,1683,x
85534,A,1686,x
85535,C,1828,x
85536,A,1085,x
85538,A,1400,x
85539,D,1324,x
85541,D,1454,x
85542,C,1102,x
85543,A,1412,x
85546,D,1357,x
85547,D,1135,x
85549,C,1634,x
85550,A,1349,x
85551,C,1403,x
85554,B,1809,x
85556,B,1318,x
85557,D,1102,x
85559,A,1960,x
85560,A,1398,x
85562,A,1612,x
85563,C,1136,x
85564,A,1606,x
85565,B,1198,x
85567,B,1559,x
85568,D,1771,x
85571,B,1525,x
85572,D,1984,x
85577,A,1115,x
85579,C,1006,x
85581,D,1666,x
85582,C,1308,x
85584,C,1336,x
85591,A,1188,x
85592,A,1156,x
85593,C,1784,x
85595,B,1886,x
85599,D,1170,x
85600,B,1520,x
85601,B,1388,x
85602,D,1401,x
85605,C,1537,x
85606,B,1291,x
85612,A,1449,x
85615,D,1745,x
85619,D,1542,x
85626,C,1401,x
85627,B,1065,x
85628,B,1969,x
85629,A,1211,x
85630,D,1866,x
85633,B,1508,x
85636,D,1071,x
85637,D,1985,x
85638,B,1803,x
85640,A,1995,x
85641,B,1334,x
85643,C,1762,x
85644,D,1448,x
85645,B,1013,x
85646,B,1190,x
85648,B,1718,x
85651,D,1413,x
85655,D,1007,x
85656,A,1189,x
85659,B,1790,x
85661,B,1302,x
85664,C,1724,x
85665,A,1520,x
85667,C,1457,x
85670,B,1850,x
85672,A,1065,x
85674,C,1568,x
85675,C,1842,x
85677,B,1603,x
85678,A,1213,x
85680,A,1634,x
85681,D,1968,x
85687,B,1037,x
85691,B,1349,x
85692,C,1225,x
85694,C,1872,x
85695,C,1214,x
85698,D,1866,x
85701,B,1160,x
85702,D,1731,x
85703,C,1682,x
85704,D,1268,x
85707,D,1484,x
85708,B,1686,x
85709,D,1380,x
85715,B,1572,x
85716,B,1227,x
85717,C,1472,x
85718,B,1514,x
85719,D,1937,x
85721,C,1655,x
85722,A,1740,x
85723,D,1583,x
85726,B,1628,x
85727,C,1678,x
85728,B,1680,x
85730,A,1908,x
85734,A,1178,x
85735,D,1397,x
85736,B,1831,x
85743,B,1804,x
85750,D,1359,x
85751,D,1644,x
85756,D,1817,x
85757,D,1215,x
85758,B,1545,x
85759,A,1627,x
85760,B,1964,x
85765,D,1450,x
85770,C,1894,x
85771,C,1034,x
85772,A,1177,x
85773,B,1346,x
85775,D,1181,x
85776,A,1763,x
85777,B,1034,x
85778,C,1542,x
85779,C,1552,x
85780,C,1460,x
85784,A,1953,x
85785,B,1259,x
85786,B,1155,x
85788,D,1197,x
85789,D,1463,x
85790,D,1914,x
85791,D,1145,x
85794,B,1824,x
85796,A,1272,x
85797,B,1061,x
85798,A,1694,x
85799,D,1487,x
85802,D,1573,x
85808,C,1496,x
85809,A,1431,x
85811,C,1254,x
85812,B,1749,x
85814,C,1394,x
85820,D,1690,x
85821,C,1756,x
85822,B,1068,x
85823,C,1392,x
85825,A,1893,x
85826,D,1333,x
85827,C,1140,x
85829,C,1327,x
85834,D,1600,x
85836,D,1215,x
85837,B,1232,x
85840,A,1120,x
85841,C,1120,x
85842,A,1122,x
85847,D,1269,x
85848,A,1057,x
85849,B,1910,x
85850,B,1392,x
85851,B,1441,x
85855,C,1432,x
85859,A,1747,x
85860,A,1441,x
85862,D,1534,x
85864,D,1045,x
85866,B,1545,x
85871,D,1623,x
85872,C,1016,x
85873,B,1874,x
85874,A,1272,x
85875,D,1873,x
85879,C,1936,x
85881,A,1370,x
85887,C,1422,x
85891,B,1704,x
85893,A,1383,x
85895,A,1065,x
85897,B,1938,x
85898,B,1247,x
85899,C,1156,x
85900,B,1112,x
85901,C,1522,x
85904,A,1680,x
85905,B,1252,x
85907,C,1776,x
85908,B,1418,x
85911,D,1520,x
85913,D,1180,x
85915,A,1703,x
85916,A,1744,x
85919,D,1260,x
85921,B,1153,x
85922,C,1947,x
85925,B,1572,x
85926,B,1624,x
85927,B,1246,x
85928,A,1213,x
85929,C,1092,x
85931,D,1413,x
85932,C,1264,x
85933,B,1917,x
85934,D,1888,x
85935,B,1367,x
85938,A,1201,x
85939,A,1405,x
85940,D,1382,x
85942,C,1626,x
85943,A,1529,x
85945,B,1765,x
85947,C,1470,x
85950,B,1730,x
85952,A,1368,x
85955,C,1390,x
85957,D,1832,x
85958,C,1112,x
85959,C,1652,x
85960,B,1576,x
85962,C,1830,x
85964,D,1458,x
85965,C,1961,x
85967,D,1187,x
85968,B,1498,x
85971,B,1943,x
85973,D,1995,x
85974,D,1330,x
85975,D,1720,x
85977,D,1896,x
85980,A,1142,x
85985,B,1455,x
85986,C,1687,x
85988,D,1864,x
85991,A,1716,x
85994,B,1126,x
85995,B,1683,x
85996,B,1090,x
85999,B,1209,x
86000,D,1322,x
86001,D,1027,x
86003,C,1602,x
86008,B,1873,x
86010,A,1573,x
86013,C,1961,x
86014,D,1445,x
86017,D,1743,x
86018,B,1277,x
86019,A,1553,x
86023,B,1057,x
86024,A,1263,x
86026,B,1425,x
86029,D,1414,x
86030,C,1368,x
86032,A,1569,x
86033,C,1637,x
86035,A,1641,x
86036,B,1856,x
86038,D,1082,x
86039,C,1393,x
86040,B,1472,x
86041,A,1179,x
86042,A,1503,x
86043,B,1453,x
86045,B,1529,x
86046,C,1178,x
86048,B,1052,x
86049,B,1250,x
86050,A,1685,x
86051,D,1678,x
86053,C,1010,x
86055,A,1768,x
86056,C,1843,x
86058,D,1952,x
86060,A,1053,x
86062,B,1498,x
86064,B,1660,x
86067,A,1028,x
86075,A,1446,x
86077,A,1250,x
86078,D,1748,x
86079,D,1659,x
86081,C,1267,x
86082,C,1369,x
86083,D,1760,x
86084,B,1754,x
86089,A,1755,x
86090,D,1287,x
86091,D,1029,x
86095,C,1845,x
86096,D,1349,x
86097,A,1065,x
86098,B,1678,x
86099,D,1661,x
86100,A,1706,x
86101,A,1468,x
86103,C,1360,x
86104,A,1421,x
86106,C,1070,x
86110,B,1209,x
86112,A,1269,x
86114,D,1891,x
86117,D,1132,x
86118,C,1220,x
86120,B,1446,x
86125,A,1106,x
86128,D,1192,x
86134,D,1579,x
86136,B,1774,x
86137,A,1821,x
86139,B,1909,x
86140,B,1169,x
86142,B,1782,x
86143,D,1914,x
86147,A,1870,x
86152,B,1990,x
86153,D,1088,x
86156,B,1561,x
86157,D,1583,x
86158,A,1568,x
86160,C,1288,x
86163,B,1223,x
86168,C,1930,x
86169,A,1538,x
86170,A,1010,x
86171,D,1781,x
86172,C,1259,x
86174,C,1067,x
86175,A,1730,x
86177,D,1824,x
86178,D,1818,x
86182,D,1448,x
86185,B,1454,x
86188,A,1338,x
86189,C,1341,x
86191,B,1068,x
86193,D,1709,x
86194,B,1232,x
86196,B,1040,x
86199,A,1012,x
86202,C,1609,x
86204,A,1464,x
86206,D,1682,x
86210,B,1356,x
86211,A,1974,x
86215,D,1900,x
86216,D,1018,x
86217,D,1747,x
86218,C,1776,x
86222,D,1468,x
86223,A,1834,x
86224,C,1582,x
86225,D,1729,x
86226,A,1476,x
86230,C,1508,x
86231,A,1212,x
86233,D,1710,x
86239,B,1351,x
86240,D,1572,x
86241,D,1214,x
86244,B,1459,x
86245,B,1941,x
86246,C,1187,x
86248,D,1920,x
86249,A,1654,x
86251,D,1137,x
86252,B,1109,x
86253,B,1308,x
86256,B,1295,x
86259,A,1173,x
86260,D,1347,x
86261,B,1565,x
86263,A,1698,x
86264,D,1043,x
86266,B,1058,x
86267,B,1776,x
86268,C,1250,x
86270,C,1177,x
86271,B,1055,x
86273,D,1649,x
86275,B,1237,x
86276,B,1749,x
86278,C,1073,x
86279,D,1245,x
86282,C,1722,x
86284,A,1809,x
86286,D,1735,x
86298,D,1650,x
86299,A,1414,x
86300,D,1125,x
86301,B,1099,x
86302,C,1363,x
86303,B,1228,x
86304,D,1163,x
86305,C,1672,x
86308,D,1885,x
86310,B,1881,x
86311,D,1960,x
86312,C,1969,x
86313,D,1426,x
86314,B,1228,x
86315,A,1180,x
86316,D,1556,x
86317,A,1981,x
86320,C,1937,x
86321,A,1279,x
86322,C,1015,x
86323,A,1270,x
86326,A,1037,x
86327,C,1533,x
86328,A,1359,x
86332,B,1874,x
86334,B,1016,x
86336,B,1132,x
86337,A,1841,x
86338,A,1313,x
86339,B,1710,x
86342,A,1280,x
86344,C,1074,x
86345,A,1447,x
86347,D,1607,x
86348,A,1361,x
86349,D,1510,x
86352,B,1411,x
86353,C,1497,x
86360,A,1176,x
86364,B,1442,x
86367,D,1318,x
86368,D,1378,x
86369,B,1950,x
86370,C,1012,x
86371,A,1170,x
86372,A,1624,x
86376,B,1827,x
86377,D,1223,x
86378,A,1541,x
86384,C,1225,x
86386,C,1999,x
86387,A,1994,x
86388,D,1556,x
86389,D,1883,x
86391,C,1975,x
86393,C,1738,x
86395,D,1494,x
86396,C,1593,x
86400,A,1206,x
86401,D,1950,x
86403,B,1299,x
86404,A,1983,x
86405,A,1417,x
86407,C,1961,x
86408,B,1383,x
86409,B,1598,x
86414,D,1990,x
86415,B,1943,x
86416,A,1385,x
86418,B,1801,x
86422,B,1323,x
86426,B,1946,x
86429,D,1573,x
86430,A,1906,x
86431,D,1984,x
86433,A,1355,x
86436,A,1697,x
86437,C,1819,x
86439,A,1877,x
86441,A,1170,x
86442,D,1517,x
86444,B,1550,x
86446,C,1130,x
86448,A,1631,x
86449,C,1280,x
86450,A,1027,x
86451,D,1013,x
86453,B,1134,x
86454,A,1750,x
86455,B,1352,x
86456,A,1150,x
86458,D,1316,x
86459,D,1396,x
86461,C,1028,x
86462,C,1144,x
86466,D,1749,x
86469,D,1939,x
86473,D,1953,x
86474,D,1041,x
86476,C,1916,x
86478,A,1266,x
86484,D,1135,x
86489,C,1606,x
86492,A,1589,x
86497,C,1281,x
86500,C,1501,x
86501,D,1465,x
86502,A,1268,x
86503,B,1881,x
86504,A,1258,x
86505,C,1183,x
86507,A,1401,x
86508,C,1421,x
86509,C,1067,x
86510,A,1530,x
86511,B,1939,x
86512,C,1472,x
86514,B,1317,x
86515,C,1479,x
86517,C,1481,x
86518,C,1301,x
86521,D,1209,x
86522,B,1782,x
86523,C,1138,x
86526,B,1039,x
86527,A,1233,x
86534,B,1389,x
86535,A,1784,x
86536,A,1109,x
86539,A,1968,x
86540,A,1455,x
86541,B,1355,x
86542,B,1470,x
86545,C,1095,x
86549,D,1852,x
86550,A,1459,x
86552,C,1958,x
86555,C,1960,x
86556,D,1117,x
86557,D,1765,x
86558,C,1850,x
86559,B,1428,x
86562,C,1977,x
86564,A,1865,x
86565,B,1893,x
86567,C,1525,x
86568,A,1647,x
86569,B,1090,x
86570,B,1842,x
86571,A,1908,x
86573,A,1252,x
86574,C,1868,x
86575,B,1109,x
86576,A,1317,x
86577,C,1176,x
86581,B,1081,x
86584,C,1119,x
86585,D,1043,x
86586,A,1174,x
86587,C,1404,x
86588,A,1785,x
86590,C,1767,x
86591,C,1656,x
86592,D,1859,x
86593,B,1572,x
86595,C,1446,x
86596,D,1210,x
86597,B,1741,x
86598,A,1256,x
86602,C,1860,x
86605,A,1982,x
86607,A,1646,x
86608,D,1044,x
86609,B,1323,x
86611,B,1618,x
86612,C,1177,x
86613,C,1338,x
86616,B,1838,x
86617,C,1841,x
86619,A,1261,x
86622,A,1148,x
86623,B,1801,x
86626,B,1561,x
86629,C,1741,x
86631,C,1626,x
86632,B,1665,x
86640,C,1754,x
86641,B,1120,x
86647,B,1777,x
86648,C,1051,x
86649,C,1656,x
86650,D,1865,x
86651,B,1109,x
86653,C,1692,x
86654,D,1758,x
86655,A,1487,x
86656,C,1661,x
86657,C,1497,x
86658,C,1030,x
86661,A,1913,x
86663,D,1176,x
86666,A,1282,x
86667,D,1297,x
86669,C,1296,x
86671,C,1934,x
86672,A,1344,x
86674,C,1378,x
86675,B,1211,x
86678,B,1070,x
86680,D,1610,x
86682,A,1614,x
86683,B,1696,x
86684,D,1636,x
86685,C,1090,x
86687,C,1104,x
86688,D,1612,x
86689,C,1832,x
86690,D,1719,x
86697,B,1413,x
86698,A,1108,x
86705,A,1779,x
86708,A,1635,x
86711,D,1096,x
86712,B,1631,x
86715,D,1027,x
86716,B,1638,x
86718,D,1391,x
86719,C,1587,x
86720,A,1081,x
86724,D,1706,x
86725,A,1681,x
86726,C,1833,x
86728,D,1550,x
86729,D,1142,x
86730,B,1315,x
86731,A,1546,x
86733,C,1940,x
86739,B,1563,x
86745,B,1197,x
86747,D,1543,x
86756,D,1623,x
86757,C,1582,x
86758,A,1906,x
86760,B,1751,x
86761,D,1504,x
86762,D,1948,x
86763,C,1202,x
86764,C,1140,x
86765,A,1745,x
86766,C,1889,x
86767,C,1253,x
86768,C,1797,x
86769,C,1398,x
86770,A,1247,x
86771,A,1443,x
86773,C,1246,x
86774,C,1746,x
86777,D,1386,x
86781,B,1114,x
86782,C,1278,x
86784,C,1062,x
86786,C,1756,x
86787,B,1036,x
86790,D,1349,x
86791,B,1976,x
86795,C,1175,x
86796,C,1722,x
86797,D,1918,x
86798,B,1317,x
86800,D,1592,x
86801,B,1075,x
86802,B,1280,x
86804,C,1934,x
86806,B,1094,x
86807,B,1273,x
86809,C,1579,x
86811,C,1247,x
86814,C,1334,x
86815,B,1438,x
86818,C,1262,x
86819,A,1909,x
86820,D,1019,x
86821,A,1451,x
86822,B,1646,x
86823,B,1225,x
86824,A,1920,x
86827,A,1617,x
86829,D,1575,x
86831,C,1569,x
86832,C,1769,x
86835,C,1657,x
86840,A,1830,x
86843,C,1503,x
86845,B,1939,x
86846,D,1693,x
86848,B,1591,x
86851,B,1135,x
86853,B,1430,x
86856,A,1992,x
86857,A,1174,x
86859,A,1019,x
86860,B,1197,x
86865,C,1475,x
86866,D,1298,x
86868,A,1920,x
86871,A,1714,x
86872,A,1024,x
86873,D,1340,x
86875,B,1098,x
86876,C,1472,x
86877,D,1508,x
86879,C,1075,x
86881,D,1840,x
86882,D,1315,x
86883,A,1012,x
86884,D,1533,x
86885,D,1804,x
86887,B,1027,x
86888,A,1359,x
86889,B,1948,x
86890,D,1750,x
86893,A,1030,x
86894,C,1668,x
86895,D,1382,x
86896,D,1667,x
86902,D,1308,x
86903,A,1406,x
86904,B,1662,x
86905,C,1605,x
86906,A,1130,x
86908,C,1019,x
86909,A,1496,x
86917,C,1829,x
86918,C,1525,x
86925,D,1769,x
86926,C,1874,x
86929,C,1791,x
86930,D,1503,x
86931,D,1822,x
86933,B,1266,x
86938,A,1494,x
86939,D,1050,x
86943,B,1615,x
86944,D,1179,x
86945,D,1796,x
86946,D,1240,x
86947,B,1242,x
86948,C,1798,x
86949,B,1435,x
86952,B,1915,x
86953,A,1449,x
86955,C,1381,x
86958,D,1956,x
86959,A,1241,x
86962,D,1854,x
86963,D,1578,x
86964,A,1576,x
86967,C,1390,x
86970,A,1294,x
86971,D,1276,x
86975,A,1672,x
86976,B,1582,x
86977,D,1659,x
86979,B,1986,x
86981,C,1269,x
86985,B,1270,x
86986,D,1043,x
86987,A,1287,x
86988,A,1558,x
86989,B,1060,x
86990,C,1412,x
86991,D,1563,x
86992,C,1696,x
86996,B,1472,x
86997,D,1493,x
86999,D,1645,x
87002,A,1429,x
87004,C,1457,x
87005,A,1970,x
87007,A,1684,x
87009,C,1677,x
87011,C,1272,x
87012,D,1859,x
87017,B,1531,x
87019,D,1930,x
87023,A,1910,x
87024,B,1639,x
87026,A,1548,x
87028,B,1509,x
87030,B,1106,x
87031,D,1258,x
87032,A,1798,x
87033,D,1204,x
87034,A,1704,x
87037,B,1352,x
87038,D,1815,x
87040,D,1989,x
87042,B,1864,x
87043,C,1808,x
87045,D,1504,x
87052,B,1655,x
87053,C,1360,x
87055,C,1845,x
87059,C,1138,x
87060,A,1729,x
87063,B,1196,x
87064,B,1015,x
87065,A,1456,x
87066,A,1453,x
87068,D,1230,x
87069,C,1023,x
87075,A,1052,x
87077,C,1428,x
87078,B,1206,x
87079,B,1960,x
87080,B,1360,x
87081,D,1640,x
87082,A,1363,x
87084,C,1371,x
87086,C,1873,x
87087,B,1922,x
87088,C,1355,x
87089,A,1471,x
87094,D,1628,x
87095,C,1445,x
87099,B,1216,x
87100,C,1958,x
87102,B,1565,x
87105,B,1579,x
87106,C,1673,x
87115,A,1307,x
87116,D,1729,x
87118,D,1945,x
87119,B,1664,x
87120,D,1961,x
87121,C,1343,x
87122,B,1195,x
87123,D,1990,x
87126,C,1244,x
87127,D,1589,x
87130,D,1164,x
87131,D,1559,x
87134,C,1464,x
87136,D,1191,x
87139,C,1279,x
87141,A,1925,x
87144,A,1936,x
87146,C,1420,x
87148,C,1528,x
87150,C,1405,x
87152,A,1421,x
87153,C,1026,x
87156,C,1617,x
87159,C,1487,x
87162,C,1352,x
87163,C,1497,x
87165,C,1957,x
87166,D,1625,x
87167,C,1540,x
87168,B,1875,x
87170,C,1756,x
87171,D,1213,x
87173,C,1508,x
87174,D,1712,x
87175,C,1615,x
87177,D,1486,x
87178,B,1289,x
87183,D,1692,x
87184,A,1067,x
87186,D,1451,x
87191,B,1049,x
87192,A,1207,x
87194,B,1236,x
87196,D,1021,x
87197,A,1735,x
87198,D,1764,x
87200,D,1926,x
87201,A,1583,x
87202,C,1863,x
87205,C,1534,x
87208,C,1751,x
87210,C,1947,x
87212,D,1082,x
87214,D,1999,x
87215,D,1150,x
87216,D,1605,x
87221,C,1345,x
87222,B,1035,x
87223,A,1182,x
87227,A,1222,x
87234,A,1788,x
87237,D,1454,x
87239,A,1274,x
87240,A,1763,x
87242,D,1490,x
87244,B,1472,x
87248,D,1428,x
87249,B,1255,x
87250,C,1765,x
87251,D,1415,x
87252,B,1391,x
87256,D,1667,x
87257,C,1651,x
87258,B,1076,x
87259,A,1131,x
87262,C,1224,x
87263,A,1633,x
87264,D,1341,x
87265,C,1335,x
87269,A,1387,x
87271,D,1224,x
87273,A,1004,x
87276,D,1448,x
87278,C,1845,x
87280,C,1436,x
87282,B,1801,x
87283,C,1993,x
87288,A,1173,x
87289,D,1148,x
87290,D,1490,x
87291,D,1616,x
87292,B,1430,x
87295,C,1824,x
87296,D,1185,x
87297,B,1223,x
87298,D,1416,x
87299,D,1190,x
87301,C,1220,x
87302,A,1573,x
87304,A,1122,x
87305,B,1864,x
87308,A,1343,x
87311,B,1677,x
87313,B,1910,x
87316,C,1031,x
87317,D,1761,x
87318,D,1709,x
87320,C,1817,x
87321,B,1303,x
87324,A,1889,x
87325,B,1041,x
87326,D,1477,x
87327,C,1218,x
87328,D,1472,x
87329,B,1090,x
87330,B,1612,x
87331,D,1060,x
87332,D,1803,x
87333,C,1798,x
87334,C,1040,x
87339,A,1932,x
87340,C,1286,x
87344,A,1828,x
87347,A,1844,x
87348,B,1653,x
87349,B,1228,x
87351,B,1598,x
87353,A,1272,x
87356,C,1751,x
87359,D,1037,x
87360,A,1825,x
87361,D,1271,x
87362,A,1189,x
87364,B,1454,x
87365,D,1206,x
87368,C,1880,x
87369,C,1617,x
87374,C,1928,x
87378,D,1885,x
87380,B,1145,x
87382,C,1981,x
87383,C,1536,x
87385,A,1800,x
87387,B,1973,x
87388,A,1146,x
87390,C,1520,x
87392,A,1731,x
87393,A,1077,x
87397,A,1221,x
87398,D,1096,x
87399,C,1285,x
87401,A,1924,x
87402,D,1494,x
87406,D,1282,x
87407,A,1057,x
87409,C,1434,x
87410,C,1062,x
87412,C,1946,x
87413,D,1848,x
87414,C,1285,x
87426,D,1872,x
87427,B,1569,x
87429,B,1372,x
87430,B,1700,x
87431,C,1250,x
87432,B,1352,x
87433,C,1444,x
87434,A,1747,x
87435,A,1497,x
87436,B,1958,x
87438,D,1586,x
87441,A,1308,x
87442,A,1664,x
87443,D,1960,x
87444,D,1835,x
87445,C,1873,x
87446,A,1977,x
87449,B,1486,x
87451,A,1559,x
87452,A,1520,x
87453,D,1406,x
87463,C,1547,x
87466,C,1139,x
87467,B,1547,x
87468,A,1731,x
87469,B,1707,x
87471,A,1220,x
87472,A,1866,x
87473,B,1779,x
87475,A,1357,x
87478,B,1634,x
87479,D,1924,x
87485,D,1158,x
87486,D,1380,x
87487,A,1627,x
87491,C,1489,x
87492,B,1445,x
87493,D,1634,x
87494,C,1566,x
87497,D,1419,x
87498,C,1181,x
87499,C,1960,x
87501,B,1328,x
87502,A,1838,x
87504,A,1712,x
87505,B,1441,x
87506,B,1815,x
87507,A,1723,x
87511,B,1927,x
87512,C,1755,x
87513,C,1715,x
87514,C,1710,x
87516,C,1125,x
87517,D,1174,x
87518,C,1642,x
87519,C,1182,x
87520,D,1227,x
87525,B,1170,x
87526,C,1489,x
87527,A,1234,x
87529,C,1179,x
87531,A,1220,x
87534,A,1128,x
87536,D,1125,x
87537,C,1327,x
87540,C,1954,x
87545,C,1499,x
87547,B,1466,x
87548,D,1699,x
87549,D,1927,x
87551,D,1422,x
87553,A,1146,x
87554,D,1836,x
87555,D,1951,x
87557,B,1225,x
87559,D,1159,x
87561,D,1909,x
87563,B,1489,x
87564,C,1775,x
87567,A,1233,x
87569,A,1391,x
87573,C,1339,x
87574,B,1966,x
87575,B,1316,x
87576,D,1921,x
87580,C,1741,x
87581,D,1744,x
87582,A,1739,x
87583,B,1077,x
87584,A,1974,x
87585,D,1173,x
87586,C,1198,x
87590,B,1017,x
87591,D,1999,x
87595,D,1036,x
87597,B,1546,x
87599,B,1761,x
87600,B,1481,x
87601,A,1053,x
87602,B,1358,x
87607,B,1185,x
87608,B,1566,x
87609,D,1397,x
87614,A,1205,x
87616,D,1970,x
87617,B,1062,x
87618,B,1593,x
87619,A,1151,x
87624,D,1588,x
87625,A,1074,x
87627,D,1972,x
87628,C,1435,x
87630,A,1946,x
87631,C,1287,x
87632,C,1536,x
87634,A,1768,x
87638,C,1238,x
87639,A,1336,x
87640,C,1961,x
87641,B,1593,x
87642,B,1892,x
87643,A,1595,x
87645,D,1808,x
87647,D,1700,x
87648,D,1573,x
87649,A,1274,x
87650,B,1719,x
87655,B,1166,x
87656,C,1032,x
87658,D,1709,x
87662,C,1124,x
87663,A,1225,x
87665,C,1397,x
87668,B,1361,x
87669,D,1809,x
87671,C,1626,x
87673,B,1453,x
87677,D,1173,x
87679,A,1054,x
87683,D,1248,x
87684,C,1414,x
87686,C,1533,x
87687,B,1580,x
87688,A,1274,x
87689,B,1383,x
87692,B,1531,x
87694,D,1958,x
87695,D,1151,x
87696,A,1472,x
87697,B,1520,x
87698,B,1647,x
87699,A,1282,x
87700,A,1322,x
87704,A,1386,x
87708,C,1791,x
87710,A,1516,x
87711,D,1359,x
87712,B,1586,x
87714,B,1308,x
87715,B,1929,x
87717,C,1737,x
87718,D,1007,x
87720,B,1500,x
87721,A,1795,x
87725,C,1647,x
87726,C,1928,x
87728,B,1731,x
87733,A,1667,x
87735,C,1778,x
87739,C,1352,x
87741,A,1754,x
87743,A,1759,x
87744,B,1146,x
87749,C,1064,x
87750,B,1507,x
87751,B,1980,x
87754,D,1568,x
87757,D,1061,x
87759,A,1891,x
87762,B,1696,x
87766,D,1792,x
87768,D,1709,x
87769,D,1040,x
87770,A,1828,x
87771,C,1892,x
87772,A,1713,x
87773,D,1316,x
87776,C,1631,x
87786,A,1077,x
87789,C,1639,x
87793,A,1993,x
87795,A,1384,x
87796,A,1307,x
87797,D,1099,x
87804,C,1230,x
87806,B,1546,x
87811,B,1276,x
87812,C,1032,x
87813,A,1762,x
87814,D,1473,x
87815,A,1728,x
87817,C,1955,x
87819,A,1900,x
87824,D,1527,x
87825,A,1270,x
87826,D,1628,x
87827,A,1404,x
87828,C,1017,x
87834,C,1381,x
87836,B,1811,x
87838,A,1419,x
87839,A,1368,x
87844,C,1243,x
87849,B,1861,x
87850,A,1368,x
87851,D,1264,x
87854,D,1060,x
87855,C,1650,x
87856,D,1778,x
87857,C,1294,x
87859,D,1352,x
87860,D,1711,x
87863,D,1644,x
87864,D,1633,x
87866,B,1325,x
87867,B,1627,x
87868,B,1548,x
87870,B,1763,x
87874,C,1270,x
87875,C,1253,x
87878,C,1318,x
87880,C,1356,x
87881,C,1071,x
87884,D,1812,x
87885,A,1403,x
87886,A,1964,x
87887,A,1454,x
87890,A,1289,x
87894,B,1167,x
87895,D,1856,x
87897,A,1263,x
87898,D,1814,x
87900,C,1275,x
87901,D,1538,x
87902,A,1020,x
87903,D,1508,x
87904,C,1906,x
87905,D,1231,x
87906,A,1305,x
87910,C,1686,x
87913,B,1397,x
87914,A,1510,x
87915,D,1414,x
87916,A,1700,x
87917,A,1120,x
87919,A,1079,x
87922,D,1405,x
87926,B,1087,x
87928,C,1619,x
87930,C,1670,x
87931,B,1392,x
87933,C,1921,x
87934,B,1273,x
87936,C,1491,x
87937,D,1752,x
87940,A,1867,x
87941,B,1136,x
87942,D,1966,x
87944,C,1081,x
87946,C,1925,x
87947,C,1655,x
87948,D,1285,x
87951,D,1036,x
87952,A,1333,x
87953,D,1110,x
87954,D,1235,x
87955,A,1785,x
87958,B,1196,x
87959,A,1283,x
87961,D,1610,x
87962,A,1455,x
87965,A,1454,x
87968,B,1201,x
87969,A,1999,x
87971,D,1876,x
87972,C,1435,x
87975,A,1350,x
87979,C,1083,x
87981,B,1651,x
87982,A,1593,x
87986,C,1272,x
87990,B,1307,x
87991,B,1644,x
87994,A,1569,x
87996,B,1142,x
88000,A,1759,x
88001,C,1755,x
88002,A,1054,x
88003,C,1094,x
88005,A,1866,x
88006,B,1374,x
88007,C,1325,x
88008,D,1895,x
88012,D,1712,x
88013,B,1821,x
88015,B,1701,x
88016,B,1452,x
88017,C,1683,x
88020,C,1339,x
88021,B,1989,x
88025,A,1020,x
88028,C,1182,x
88030,D,1057,x
88034,C,1988,x
88037,A,1020,x
88038,B,1443,x
88039,C,1933,x
88041,D,1344,x
88042,D,1495,x
88044,D,1232,x
88045,A,1837,x
88046,C,1211,x
88047,D,1429,x
88048,B,1253,x
88050,C,1671,x
88051,A,1107,x
88053,D,1264,x
88056,D,1696,x
88059,C,1314,x
88061,C,1651,x
88065,C,1561,x
88069,A,1567,x
88070,D,1150,x
88072,B,1940,x
88073,A,1017,x
88075,A,1901,x
88078,C,1457,x
88079,C,1181,x
88080,D,1317,x
88081,A,1011,x
88082,B,1906,x
88084,B,1658,x
88089,D,1646,x
88091,A,1069,x
88093,B,1258,x
88095,A,1960,x
88097,D,1106,x
88098,B,1124,x
88102,D,1428,x
88104,D,1134,x
88106,A,1025,x
88109,C,1020,x
88110,B,1883,x
88111,B,1982,x
88113,D,1951,x
88118,C,1366,x
88119,A,1647,x
88121,A,1562,x
88123,B,1788,x
88124,C,1832,x
88125,B,1515,x
88126,C,1378,x
88127,C,1481,x
88129,D,1928,x
88133,A,1352,x
88134,C,1409,x
88136,C,1180,x
88137,B,1865,x
88145,C,1832,x
88146,B,1652,x
88147,D,1201,x
88148,D,1677,x
88150,C,1506,x
88151,D,1338,x
88152,B,1056,x
88153,A,1661,x
88154,D,1122,x
88155,B,1353,x
88156,B,1421,x
88160,D,1239,x
88161,C,1779,x
88166,D,1288,x
88170,C,1351,x
88171,C,1624,x
88175,B,1741,x
88176,A,1653,x
88178,B,1143,x
88180,C,1338,x
88182,B,1667,x
88183,A,1475,x
88188,C,1513,x
88189,B,1979,x
88190,C,1194,x
88191,A,1644,x
88192,B,1735,x
88193,B,1748,x
88194,A,1408,x
88196,C,1777,x
88198,B,1256,x
88199,C,1383,x
88200,D,1102,x
88201,A,1805,x
88203,B,1764,x
88206,B,1431,x
88208,C,1084,x
88210,B,1577,x
88211,B,1513,x
88213,C,1150,x
88214,B,1444,x
88217,C,1239,x
88218,C,1202,x
88219,D,1944,x
88222,C,1554,x
88223,D,1565,x
88225,A,1383,x
88226,D,1383,x
88236,B,1282,x
88238,B,1908,x
88241,C,1091,x
88245,C,1674,x
88246,C,1963,x
88247,C,1787,x
88248,B,1854,x
88250,D,1468,x
88251,D,1086,x
88252,B,1324,x
88254,A,1602,x
88255,B,1791,x
88262,C,1816,x
88263,A,1512,x
88264,D,1010,x
88267,B,1290,x
88268,A,1881,x
88269,A,1257,x
88270,D,1050,x
88271,B,1691,x
88272,B,1601,x
88273,B,1783,x
88274,B,1083,x
88276,C,1309,x
88279,A,1733,x
88280,D,1049,x
88281,B,1783,x
88283,B,1397,x
88285,C,1885,x
88286,D,1023,x
88287,A,1232,x
88288,A,1650,x
88289,C,1924,x
88291,D,1785,x
88292,B,1217,x
88293,B,1582,x
88294,D,1607,x
88295,B,1903,x
88296,B,1922,x
88298,B,1345,x
88300,D,1976,x
88301,D,1201,x
88302,C,1337,x
88304,C,1234,x
88305,C,1557,x
88306,C,1082,x
88308,D,1511,x
88310,C,1207,x
88313,C,1040,x
88314,C,1389,x
88322,B,1916,x
88323,B,1974,x
88324,C,1487,x
88325,C,1686,x
88326,A,1079,x
88327,C,1930,x
88329,A,1094,x
88332,A,1834,x
88334,B,1236,x
88335,C,1911,x
88337,B,1099,x
88341,B,1587,x
88342,C,1788,x
88345,A,1135,x
88346,B,1739,x
88347,A,1924,x
88348,A,1723,x
88349,A,1571,x
88350,A,1930,x
88351,C,1155,x
88353,D,1263,x
88354,B,1866,x
88355,C,1639,x
88357,C,1682,x
88358,D,1208,x
88362,B,1260,x
88365,D,1886,x
88366,D,1361,x
88368,C,1873,x
88370,C,1930,x
88371,C,1067,x
88372,D,1286,x
88374,A,1706,x
88378,B,1537,x
88379,B,1378,x
88380,B,1717,x
88382,D,1559,x
88383,C,1666,x
88384,D,1189,x
88386,A,1952,x
88387,B,1434,x
88390,B,1427,x
88394,A,1210,x
88398,C,1752,x
88400,C,1609,x
88401,A,1088,x
88404,B,1600,x
88409,A,1516,x
88410,D,1670,x
88413,A,1866,x
88414,B,1525,x
88415,D,1727,x
88418,B,1891,x
88420,C,1202,x
88421,A,1880,x
88423,B,1565,x
88424,D,1447,x
88425,D,1938,x
88426,D,1028,x
88428,B,1481,x
88429,D,1133,x
88431,C,1270,x
88432,B,1064,x
88433,C,1890,x
88435,C,1679,x
88436,D,1175,x
88439,B,1505,x
88441,A,1335,x
88445,A,1233,x
88446,C,1134,x
88447,D,1170,x
88450,B,1635,x
88451,D,1211,x
88455,B,1119,x
88456,C,1329,x
88458,C,1893,x
88460,B,1853,x
88461,B,1907,x
88466,A,1319,x
88469,D,1068,x
88471,B,1899,x
88476,D,1314,x
88477,D,1004,x
88479,C,1406,x
88481,B,1966,x
88487,D,1770,x
88491,A,1952,x
88495,D,1340,x
88497,A,1945,x
88498,A,1671,x
88500,B,1057,x
88503,A,1771,x
88505,A,1546,x
88506,A,1327,x
88507,C,1324,x
88511,A,1622,x
88515,C,1079,x
88516,D,1585,x
88518,D,1364,x
88519,B,1394,x
88524,A,1589,x
88525,A,1881,x
88527,C,1757,x
88528,A,1023,x
88529,C,1870,x
88531,C,1725,x
88534,C,1222,x
88535,C,1259,x
88537,A,1528,x
88539,B,1092,x
88541,D,1758,x
88543,D,1870,x
88545,A,1625,x
88546,A,1809,x
88547,B,1040,x
88548,D,1930,x
88550,B,1078,x
88551,A,1222,x
88552,A,1779,x
88554,C,1090,x
88555,B,1382,x
88557,C,1808,x
88559,D,1054,x
88560,A,1694,x
88563,C,1347,x
88564,C,1564,x
88565,D,1740,x
88567,B,1335,x
88568,C,1482,x
88570,D,1572,x
88571,D,1191,x
88575,C,1418,x
88576,B,1254,x
88578,C,1241,x
88580,D,1364,x
88581,C,1614,x
88582,C,1692,x
88583,C,1133,x
88584,C,1994,x
88590,C,1184,x
88593,D,1122,x
88595,B,1972,x
88598,A,1801,x
88599,B,1592,x
88602,A,1639,x
88603,C,1280,x
88604,A,1098,x
88606,D,1292,x
88610,C,1228,x
88614,B,1486,x
88617,D,1534,x
88621,C,1364,x
88623,B,1182,x
88627,C,1435,x
88628,C,1184,x
88630,B,1318,x
88631,B,1738,x
88632,D,1691,x
88633,C,1723,x
88634,D,1134,x
88635,A,1280,x
88637,D,1406,x
88641,D,1379,x
88642,A,1410,x
88643,B,1527,x
88649,A,1758,x
88650,B,1772,x
88652,D,1509,x
88653,A,1552,x
88656,C,1765,x
88661,C,1995,x
88662,B,1015,x
88663,A,1913,x
88666,A,1136,x
88667,C,1917,x
88669,B,1748,x
88670,A,1534,x
88673,B,1664,x
88674,A,1746,x
88675,B,1311,x
88678,B,1334,x
88680,B,1618,x
88681,A,1558,x
88682,B,1436,x
88684,D,1444,x
88686,C,1398,x
88687,A,1425,x
88689,D,1496,x
88691,A,1289,x
88692,B,1062,x
88693,C,1013,x
88697,C,1730,x
88698,A,1122,x
88699,C,1638,x
88700,B,1431,x
88703,A,1036,x
88704,A,1640,x
88705,B,1189,x
88707,D,1110,x
88711,D,1961,x
88712,C,1019,x
88714,B,1692,x
88715,C,1206,x
88716,C,1862,x
88720,C,1157,x
88721,B,1729,x
88723,A,1896,x
88725,B,1117,x
88726,D,1731,x
88728,A,1098,x
88729,B,1561,x
88735,D,1656,x
88738,C,1544,x
88743,D,1577,x
88744,C,1328,x
88747,C,1110,x
88749,D,1328,x
88751,D,1746,x
88752,D,1652,x
88754,D,1433,x
88755,D,1714,x
88756,D,1858,x
88758,B,1886,x
88759,C,1473,x
88760,B,1374,x
88762,A,1933,x
88770,B,1049,x
88771,A,1246,x
88772,C,1541,x
88775,D,1812,x
88776,D,1780,x
88777,A,1014,x
88782,B,1801,x
88783,B,1957,x
88788,D,1955,x
88789,D,1442,x
88792,D,1753,x
88795,B,1446,x
88799,B,1682,x
88802,C,1932,x
88806,C,1123,x
88807,A,1724,x
88808,B,1193,x
88809,C,1619,x
88810,B,1354,x
88811,A,1631,x
88812,A,1707,x
88814,C,1783,x
88817,D,1704,x
88821,C,1348,x
88823,D,1016,x
88827,C,1878,x
88830,B,1463,x
88831,A,1452,x
88835,C,1893,x
88836,D,1795,x
88837,B,1619,x
88839,B,1115,x
88840,A,1890,x
88842,B,1123,x
88846,B,1447,x
88848,B,1682,x
88849,B,1486,x
88850,B,1865,x
88852,B,1201,x
88858,B,1359,x
88859,C,1585,x
88860,C,1403,x
88861,D,1717,x
88862,D,1929,x
88863,C,1146,x
88866,C,1454,x
88867,A,1093,x
88871,A,1855,x
88874,C,1817,x
88875,C,1722,x
88876,A,1298,x
88877,B,1603,x
88880,D,1596,x
88881,B,1331,x
88884,C,1341,x
88888,D,1823,x
88889,B,1449,x
88890,C,1191,x
88891,C,1978,x
88892,C,1726,x
88893,D,1081,x
88897,C,1479,x
88898,D,1615,x
88899,B,1415,x
88900,C,1446,x
88903,A,1179,x
88904,A,1888,x
88909,C,1602,x
88911,A,1003,x
88912,D,1071,x
88913,A,1691,x
88914,A,1198,x
88916,D,1972,x
88918,A,1674,x
88919,A,1931,x
88922,C,1869,x
88923,B,1745,x
88926,B,1817,x
88928,C,1830,x
88931,C,1956,x
88932,B,1362,x
88935,A,1839,x
88936,B,1438,x
88937,C,1176,x
88939,D,1207,x
88941,C,1050,x
88943,B,1319,x
88946,B,1619,x
88950,B,1096,x
88951,C,1220,x
88952,B,1482,x
88954,B,1551,x
88957,C,1880,x
88960,D,1860,x
88961,C,1552,x
88962,C,1827,x
88964,D,1914,x
88965,B,1409,x
88966,A,1630,x
88970,C,1990,x
88971,B,1642,x
88973,B,1574,x
88974,A,1396,x
88975,B,1002,x
88978,D,1774,x
88979,D,1270,x
88980,C,1881,x
88981,C,1217,x
88982,B,1131,x
88983,B,1782,x
88984,C,1464,x
88985,B,1720,x
88986,D,1857,x
88988,B,1177,x
88989,D,1252,x
88990,C,1767,x
88991,C,1613,x
88992,C,1462,x
88994,B,1348,x
88997,A,1232,x
88998,B,1640,x
89002,C,1104,x
89003,C,1953,x
89005,D,1398,x
89007,D,1468,x
89009,D,1130,x
89010,C,1315,x
89011,B,1805,x
89013,A,1093,x
89016,A,1229,x
89017,C,1375,x
89021,D,1267,x
89022,B,1114,x
89024,B,1088,x
89025,C,1341,x
89027,B,1877,x
89030,B,1393,x
89031,C,1500,x
89035,B,1722,x
89037,A,1668,x
89038,B,1709,x
89040,B,1443,x
89041,C,1508,x
89042,A,1177,x
89046,D,1342,x
89048,D,1721,x
89049,B,1516,x
89050,A,1478,x
89051,A,1299,x
89052,D,1092,x
89053,C,1099,x
89054,C,1694,x
89059,A,1204,x
89060,B,1126,x
89062,B,1319,x
89063,A,1993,x
89067,A,1296,x
89070,D,1780,x
89072,B,1197,x
89073,C,1652,x
89075,A,1604,x
89076,C,1667,x
89077,D,1390,x
89078,D,1319,x
89082,A,1983,x
89083,B,1446,x
89087,D,1612,x
89088,B,1838,x
89089,C,1308,x
89092,C,1212,x
89097,C,1500,x
89099,C,1883,x
89100,D,1130,x
89101,C,1984,x
89104,D,1256,x
89105,C,1915,x
89107,C,1587,x
89113,A,1351,x
89115,A,1902,x
89120,B,1717,x
89122,C,1691,x
89123,C,1728,x
89125,B,1378,x
89126,A,1404,x
89127,D,1127,x
89130,D,1281,x
89131,C,1605,x
89133,C,1804,x
89134,A,1971,x
89135,C,1959,x
89136,C,1762,x
89139,A,1574,x
89140,A,1983,x
89141,B,1622,x
89143,B,1276,x
89144,C,1925,x
89145,D,1029,x
89147,B,1642,x
89149,B,1022,x
89151,C,1222,x
89154,C,1978,x
89156,B,1933,x
89158,B,1160,x
89159,B,1312,x
89160,C,1491,x
89161,A,1999,x
89162,B,1708,x
89165,C,1123,x
89166,B,1798,x
89167,C,1153,x
89168,D,1218,x
89169,D,1893,x
89172,C,1366,x
89173,B,1215,x
89174,A,1052,x
89182,D,1730,x
89184,B,1107,x
89185,D,1093,x
89190,A,1213,x
89191,B,1225,x
89192,C,1305,x
89194,A,1226,x
89196,A,1160,x
89198,C,1242,x
89199,C,1095,x
89200,A,1851,x
89201,D,1213,x
89202,A,1829,x
89205,C,1792,x
89206,B,1417,x
89208,A,1886,x
89209,D,1580,x
89210,D,1981,x
89213,D,1921,x
89216,B,1644,x
89219,D,1248,x
89221,C,1868,x
89222,D,1055,x
89223,A,1971,x
89224,D,1517,x
89226,D,1888,x
89229,D,1633,x
89230,B,1500,x
89234,C,1015,x
89235,B,1891,x
89237,D,1655,x
89238,B,1536,x
89239,C,1655,x
89242,C,1940,x
89243,C,1037,x
89244,B,1484,x
89245,D,1334,x
89246,D,1464,x
89247,D,1215,x
89248,D,1787,x
89251,A,1791,x
89253,D,1237,x
89254,B,1476,x
89255,D,1083,x
89256,C,1202,x
89257,A,1556,x
89260,A,1925,x
89263,B,1978,x
89266,C,1521,x
89269,B,1617,x
89272,B,1703,x
89273,B,1121,x
89274,C,1824,x
89275,A,1748,x
89277,A,1716,x
89280,C,1883,x
89282,C,1416,x
89283,C,1315,x
89284,D,1249,x
89285,B,1846,x
89286,C,1731,x
89287,B,1396,x
89289,A,1757,x
89291,C,1160,x
89292,C,1838,x
89293,B,1415,x
89294,C,1322,x
89297,C,1937,x
89301,A,1081,x
89302,A,1833,x
89303,D,1757,x
89305,B,1170,x
89306,B,1677,x
89307,B,1097,x
89308,A,1171,x
89310,C,1721,x
89312,B,1095,x
89313,D,1449,x
89314,C,1088,x
89316,B,1482,x
89317,D,1846,x
89321,A,1111,x
89322,C,1944,x
89329,D,1669,x
89330,B,1028,x
89333,D,1191,x
89334,B,1327,x
89339,C,1695,x
89344,C,1328,x
89350,C,1535,x
89355,A,1935,x
89356,C,1882,x
89360,C,1426,x
89361,A,1477,x
89362,A,1668,x
89364,A,1299,x
89367,D,1564,x
89368,D,1097,x
89369,D,1059,x
89371,A,1545,x
89372,A,1684,x
89375,D,1896,x
89376,B,1344,x
89378,C,1038,x
89381,B,1059,x
89382,C,1020,x
89383,C,1551,x
89387,A,1200,x
89391,C,1839,x
89397,A,1037,x
89398,D,1879,x
89400,D,1909,x
89401,A,1159,x
89405,B,1792,x
89407,C,1048,x
89408,A,1053,x
89410,D,1626,x
89413,C,1644,x
89414,A,1726,x
89416,B,1568,x
89418,B,1933,x
89419,A,1542,x
89420,A,1858,x
89421,D,1752,x
89422,A,1563,x
89425,B,1486,x
89426,D,1457,x
89428,D,1503,x
89430,A,1684,x
89431,C,1487,x
89435,B,1748,x
89440,C,1352,x
89442,C,1902,x
89447,B,1646,x
89448,B,1792,x
89449,D,1607,x
89451,C,1544,x
89452,C,1767,x
89453,D,1925,x
89455,A,1098,x
89456,B,1305,x
89457,D,1430,x
89458,D,1337,x
89460,C,1766,x
89461,B,1968,x
89462,B,1123,x
89463,B,1274,x
89467,C,1451,x
89469,B,1972,x
89472,B,1407,x
89473,B,1828,x
89474,C,1709,x
89476,B,1054,x
89477,B,1928,x
89478,D,1853,x
89480,A,1467,x
89481,B,1724,x
89483,A,1383,x
89484,D,1364,x
89485,A,1189,x
89487,C,1271,x
89490,A,1173,x
89491,D,1495,x
89492,D,1093,x
89495,C,1783,x
89499,A,1767,x
89502,B,1239,x
89505,C,1091,x
89507,C,1887,x
89508,C,1258,x
89509,B,1964,x
89510,A,1932,x
89511,A,1217,x
89514,C,1723,x
89518,A,1130,x
89519,A,1773,x
89522,A,1035,x
89524,C,1576,x
89526,A,1644,x
89527,D,1901,x
89528,C,1956,x
89530,A,1439,x
89531,D,1528,x
89532,C,1408,x
89533,D,1069,x
89534,A,1953,x
89535,D,1209,x
89536,C,1090,x
89538,C,1273,x
89539,A,1725,x
89540,A,1223,x
89541,C,1937,x
89543,A,1447,x
89546,A,1294,x
89547,A,1754,x
89549,B,1310,x
89550,D,1722,x
89551,C,1283,x
89553,A,1922,x
89554,B,1190,x
89556,C,1237,x
89557,A,1157,x
89558,D,1354,x
89561,B,1340,x
89562,B,1046,x
89563,D,1332,x
89564,C,1156,x
89565,D,1669,x
89566,D,1432,x
89567,A,1477,x
89568,D,1546,x
89569,D,1693,x
89572,D,1022,x
89573,C,1373,x
89575,B,1636,x
89576,C,1577,x
89578,B,1386,x
89581,B,1672,x
89582,C,1926,x
89583,B,1959,x
89584,C,1946,x
89588,C,1866,x
89589,A,1766,x
89590,B,1839,x
89592,D,1305,x
89594,C,1998,x
89595,A,1549,x
89596,B,1242,x
89597,A,1747,x
89607,C,1970,x
89608,C,1518,x
89610,A,1215,x
89613,A,1501,x
89614,B,1645,x
89619,B,1353,x
89621,C,1168,x
89622,B,1252,x
89624,C,1038,x
89626,B,1909,x
89627,B,1319,x
89628,D,1652,x
89629,C,1274,x
89630,D,1673,x
89634,C,1419,x
89635,B,1558,x
89636,A,1686,x
89637,C,1968,x
89638,A,1895,x
89639,C,1502,x
89641,A,1438,x
89642,A,1597,x
89644,A,1705,x
89647,B,1681,x
89649,B,1874,x
89651,D,1316,x
89652,A,1614,x
89654,D,1073,x
89657,B,1388,x
89658,D,1778,x
89662,D,1429,x
89664,D,1398,x
89665,A,1763,x
89666,D,1189,x
89667,D,1389,x
89669,B,1729,x
89673,A,1419,x
89675,A,1721,x
89679,D,1897,x
89680,A,1495,x
89681,A,1706,x
89684,A,1898,x
89685,C,1526,x
89686,B,1778,x
89687,C,1395,x
89688,A,1439,x
89689,C,1908,x
89690,C,1797,x
89691,C,1903,x
89694,A,1100,x
89696,B,1788,x
89697,D,1885,x
89699,D,1314,x
89702,B,1533,x
89703,D,1068,x
89709,A,1484,x
89710,B,1560,x
89711,C,1393,x
89712,C,1336,x
89716,C,1448,x
89717,B,1502,x
89720,B,1646,x
89724,D,1417,x
89728,D,1274,x
89729,D,1708,x
89730,D,1913,x
89733,B,1979,x
89735,A,1898,x
89736,D,1207,x
89737,A,1750,x
89738,D,1497,x
89740,D,1823,x
89741,C,1993,x
89744,B,1983,x
89745,C,1709,x
89746,B,1933,x
89747,A,1385,x
89748,C,1980,x
89750,D,1138,x
89751,A,1648,x
89752,B,1054,x
89753,A,1599,x
89755,B,1705,x
89756,A,1861,x
89758,D,1054,x
89763,D,1943,x
89764,B,1615,x
89765,C,1998,x
89767,A,1040,x
89768,C,1907,x
89769,C,1956,x
89772,B,1149,x
89773,A,1296,x
89780,D,1906,x
89781,A,1043,x
89782,B,1980,x
89783,B,1072,x
89788,B,1333,x
89791,D,1312,x
89792,D,1934,x
89793,B,1448,x
89795,A,1661,x
89796,D,1939,x
89797,C,1657,x
89798,D,1571,x
89802,B,1391,x
89807,C,1870,x
89808,D,1319,x
89814,B,1826,x
89815,B,1238,x
89816,A,1169,x
89817,B,1922,x
89818,B,1874,x
89820,B,1046,x
89822,D,1064,x
89823,C,1313,x
89825,A,1258,x
89826,B,1007,x
89829,B,1572,x
89830,B,1532,x
89831,A,1824,x
89834,B,1479,x
89835,B,1012,x
89836,D,1964,x
89837,B,1599,x
89842,A,1161,x
89844,D,1721,x
89848,A,1127,x
89852,A,1878,x
89853,A,1283,x
89857,A,1742,x
89858,C,1486,x
89860,D,1828,x
89863,A,1135,x
89866,B,1092,x
89867,B,1187,x
89871,D,1587,x
89872,B,1137,x
89873,A,1440,x
89874,B,1994,x
89875,C,1821,x
89877,C,1987,x
89881,D,1709,x
89884,B,1386,x
89886,D,1469,x
89887,B,1208,x
89888,D,1619,x
89889,B,1597,x
89890,D,1555,x
89893,A,1792,x
89894,A,1090,x
89895,D,1307,x
89896,B,1756,x
89899,D,1664,x
89902,D,1018,x
89903,B,1298,x
89904,C,1491,x
89906,B,1985,x
89908,C,1193,x
89910,D,1590,x
89912,D,1678,x
89913,B,1510,x
89914,C,1113,x
89916,B,1374,x
89917,A,1692,x
89921,D,1454,x
89923,D,1197,x
89925,C,1044,x
89929,A,1329,x
89930,B,1930,x
89931,A,1767,x
89932,D,1356,x
89935,A,1340,x
89937,B,1263,x
89939,D,1954,x
89940,A,1551,x
89942,A,1898,x
89944,D,1194,x
89945,C,1161,x
89946,B,1309,x
89947,D,1530,x
89948,A,1634,x
89949,D,1740,x
89951,C,1070,x
89952,C,1731,x
89953,A,1677,x
89955,C,1907,x
89956,D,1988,x
89958,C,1887,x
89961,A,1450,x
89962,D,1888,x
89966,A,1622,x
89968,A,1990,x
89970,B,1367,x
89971,A,1439,x
89972,A,1526,x
89973,D,1417,x
89976,D,1584,x
89977,B,1342,x
89978,C,1829,x
89981,B,1917,x
89983,B,1096,x
89984,A,1287,x
89985,B,1519,x
89987,D,1401,x
89989,B,1082,x
89991,B,1974,x
89993,B,1589,x
89995,C,1368,x
89996,B,1351,x
89997,D,1248,x
89998,B,1171,x
89999,C,1695,x
90005,C,1461,x
90008,C,1177,x
90012,C,1412,x
90014,B,1370,x
90016,C,1094,x
90018,C,1137,x
90019,C,1255,x
90020,A,1926,x
90022,B,1917,x
90024,D,1222,x
90032,B,1506,x
90033,C,1597,x
90034,B,1814,x
90035,C,1519,x
90036,A,1607,x
90038,A,1641,x
90040,A,1544,x
90043,D,1418,x
90044,A,1255,x
90045,A,1804,x
90046,A,1606,x
90047,A,1575,x
90048,D,1769,x
90049,D,1882,x
90052,C,1397,x
90053,A,1189,x
90055,D,1418,x
90056,B,1098,x
90058,B,1454,x
90059,B,1356,x
90063,D,1086,x
90064,B,1931,x
90065,D,1499,x
90067,C,1423,x
90075,B,1557,x
90076,B,1630,x
90077,C,1195,x
90079,B,1416,x
90081,D,1876,x
90083,D,1359,x
90084,A,1197,x
90087,D,1472,x
90088,B,1852,x
90090,C,1427,x
90093,D,1481,x
90094,B,1685,x
90098,A,1224,x
90099,B,1214,x
90100,C,1856,x
90102,D,1751,x
90103,C,1176,x
90105,C,1715,x
90107,D,1096,x
90108,A,1275,x
90110,D,1705,x
90112,C,1677,x
90113,A,1303,x
90115,D,1497,x
90118,A,1761,x
90119,A,1542,x
90122,C,1351,x
90124,D,1257,x
90128,B,1237,x
90129,D,1291,x
90130,B,1332,x
90131,D,1940,x
90132,A,1446,x
90136,B,1939,x
90137,D,1473,x
90139,B,1691,x
90140,C,1281,x
90141,B,1509,x
90142,A,1707,x
90148,A,1915,x
90149,C,1909,x
90150,A,1197,x
90151,A,1608,x
90153,D,1775,x
90154,A,1285,x
90155,C,1100,x
90156,B,1780,x
90161,B,1938,x
90162,B,1411,x
90163,B,1239,x
90164,D,1172,x
90165,C,1817,x
90166,A,1653,x
90168,B,1098,x
90169,D,1635,x
90170,A,1012,x
90171,B,1140,x
90173,C,1293,x
90174,B,1285,x
90180,D,1844,x
90183,C,1786,x
90186,D,1533,x
90187,C,1273,x
90192,B,1260,x
90195,C,1160,x
90196,A,1071,x
90198,D,1599,x
90199,D,1452,x
90200,A,1150,x
90201,A,1472,x
90203,A,1379,x
90207,C,1870,x
90209,D,1544,x
90210,A,1847,x
90215,D,1472,x
90216,D,1054,x
90217,C,1327,x
90218,A,1850,x
90219,A,1581,x
90222,A,1677,x
90227,C,1464,x
90229,C,1852,x
90231,D,1711,x
90232,A,1230,x
90233,D,1882,x
90234,A,1877,x
90236,D,1281,x
90237,B,1645,x
90239,D,1440,x
90243,B,1498,x
90248,C,1157,x
90249,B,1283,x
90250,D,1024,x
90251,D,1829,x
90253,A,1975,x
90254,A,1460,x
90256,A,1749,x
90258,D,1051,x
90262,D,1641,x
90263,A,1493,x
90264,D,1442,x
90266,C,1897,x
90270,D,1689,x
90273,C,1571,x
90274,C,1214,x
90276,B,1630,x
90277,C,1809,x
90282,D,1809,x
90284,D,1221,x
90286,C,1405,x
90289,A,1183,x
90290,C,1620,x
90291,C,1998,x
90294,D,1889,x
90296,A,1915,x
90297,C,1925,x
90298,A,1269,x
90299,A,1420,x
90300,D,1567,x
90301,D,1859,x
90303,B,1177,x
90305,D,1664,x
90307,A,1766,x
90308,C,1209,x
90310,C,1638,x
90311,D,1704,x
90320,B,1488,x
90325,D,1372,x
90327,C,1631,x
90329,B,1399,x
90331,C,1735,x
90333,A,1871,x
90335,B,1365,x
90338,B,1227,x
90341,C,1445,x
90343,C,1811,x
90345,D,1321,x
90347,C,1324,x
90354,B,1429,x
90355,C,1949,x
90360,C,1175,x
90363,B,1120,x
90364,B,1304,x
90366,C,1876,x
90367,C,1551,x
90368,A,1414,x
90371,D,1052,x
90372,A,1673,x
90373,B,1409,x
90376,A,1171,x
90378,B,1093,x
90380,D,1118,x
90381,B,1925,x
90385,A,1464,x
90387,D,1581,x
90388,B,1776,x
90389,D,1743,x
90391,A,1569,x
90392,A,1679,x
90395,C,1946,x
90396,C,1469,x
90397,D,1058,x
90399,C,1826,x
90404,A,1314,x
90405,B,1589,x
90408,B,1400,x
90410,C,1527,x
90412,B,1280,x
90413,C,1112,x
90415,C,1387,x
90416,C,1969,x
90417,A,1730,x
90418,D,1908,x
90422,D,1974,x
90423,B,1224,x
90425,A,1963,x
90428,C,1949,x
90429,D,1215,x
90431,C,1576,x
90433,B,1981,x
90435,C,1114,x
90438,D,1695,x
90439,B,1117,x
90440,C,1343,x
90441,B,1741,x
90447,D,1024,x
90448,C,1474,x
90451,D,1847,x
90452,B,1089,x
90453,D,1147,x
90455,B,1771,x
90458,A,1033,x
90460,B,1482,x
90461,C,1173,x
90462,C,1470,x
90463,B,1867,x
90465,B,1438,x
90467,B,1551,x
90470,D,1922,x
90472,D,1743,x
90473,C,1677,x
90474,D,1069,x
90475,D,1472,x
90477,B,1073,x
90479,D,1096,x
90480,B,1212,x
90481,A,1955,x
90484,C,1920,x
90489,A,1882,x
90494,A,1616,x
90496,A,1820,x
90498,B,1795,x
90501,C,1072,x
90507,C,1962,x
90510,C,1798,x
90511,A,1436,x
90512,C,1602,x
90513,D,1722,x
90514,B,1544,x
90517,D,1085,x
90521,C,1826,x
90522,C,1387,x
90523,A,1941,x
90526,D,1597,x
90530,B,1246,x
90532,C,1624,x
90537,C,1896,x
90540,A,1983,x
90541,D,1804,x
90542,D,1362,x
90547,C,1459,x
90548,A,1045,x
90551,D,1645,x
90553,C,1781,x
90554,C,1279,x
90556,C,1710,x
90557,B,1868,x
90559,B,1099,x
90560,B,1708,x
90561,C,1816,x
90562,B,1117,x
90564,D,1343,x
90569,A,1779,x
90571,C,1726,x
90572,B,1192,x
90573,B,1002,x
90575,B,1244,x
90577,C,1162,x
90582,D,1111,x
90583,D,1850,x
90584,B,1286,x
90585,B,1973,x
90586,C,1777,x
90588,B,1923,x
90589,B,1683,x
90590,C,1922,x
90591,B,1045,x
90592,C,1720,x
90600,A,1633,x
90601,B,1301,x
90602,A,1118,x
90605,C,1509,x
90606,C,1796,x
90607,A,1482,x
90609,D,1874,x
90614,D,1456,x
90615,B,1897,x
90618,D,1154,x
90621,C,1474,x
90624,D,1313,x
90626,A,1214,x
90628,D,1480,x
90630,B,1045,x
90631,B,1556,x
90632,C,1400,x
90635,C,1862,x
90637,A,1599,x
90638,A,1793,x
90639,A,1991,x
90642,D,1615,x
90643,C,1814,x
90646,C,1420,x
90647,B,1464,x
90648,A,1044,x
90649,D,1962,x
90650,D,1244,x
90653,C,1826,x
90655,C,1703,x
90656,D,1159,x
90660,A,1455,x
90661,A,1114,x
90663,C,1498,x
90664,B,1859,x
90665,B,1205,x
90667,A,1119,x
90668,B,1178,x
90670,B,1707,x
90673,B,1257,x
90675,A,1411,x
90679,B,1196,x
90680,B,1241,x
90681,B,1952,x
90682,A,1001,x
90685,C,1392,x
90686,B,1446,x
90687,A,1620,x
90688,A,1571,x
90689,C,1047,x
90692,B,1541,x
90695,A,1466,x
90698,A,1424,x
90702,D,1637,x
90703,C,1373,x
90705,B,1711,x
90709,B,1060,x
90713,A,1954,x
90715,B,1915,x
90717,D,1956,x
90718,C,1949,x
90722,D,1960,x
90723,C,1171,x
90724,C,1468,x
90726,C,1664,x
90728,C,1225,x
90735,D,1864,x
90737,B,1603,x
90738,B,1222,x
90739,B,1850,x
90740,A,1954,x
90741,B,1238,x
90748,B,1106,x
90750,C,1509,x
90751,A,1670,x
90752,C,1378,x
90755,C,1229,x
90757,D,1201,x
90758,B,1093,x
90759,B,1965,x
90760,C,1164,x
90761,A,1344,x
90762,A,1990,x
90763,C,1757,x
90767,B,1442,x
90768,B,1851,x
90769,D,1144,x
90773,D,1560,x
90775,A,1364,x
90777,C,1229,x
90778,A,1105,x
90779,A,1641,x
90782,B,1008,x
90783,A,1741,x
90784,B,1762,x
90785,B,1383,x
90786,A,1530,x
90792,D,1645,x
90795,D,1879,x
90798,B,1788,x
90800,D,1734,x
90801,D,1884,x
90803,B,1300,x
90804,D,1722,x
90807,B,1338,x
90808,B,1815,x
90809,B,1146,x
90810,D,1613,x
90813,D,1024,x
90814,A,1267,x
90815,C,1800,x
90820,C,1036,x
90823,A,1769,x
90825,B,1524,x
90831,A,1987,x
90834,A,1985,x
90835,A,1985,x
90839,B,1508,x
90844,D,1468,x
90845,A,1635,x
90847,C,1647,x
90848,C,1460,x
90849,A,1935,x
90852,D,1429,x
90853,B,1251,x
90857,D,1702,x
90860,B,1482,x
90862,C,1163,x
90864,B,1511,x
90868,C,1150,x
90870,D,1175,x
90874,C,1805,x
90876,D,1444,x
90877,D,1765,x
90880,D,1557,x
90882,D,1893,x
90885,B,1797,x
90887,B,1790,x
90888,D,1538,x
90890,A,1213,x
90891,D,1969,x
90892,C,1296,x
90895,D,1471,x
90896,B,1468,x
90898,C,1515,x
90899,D,1147,x
90901,D,1371,x
90902,A,1453,x
90903,D,1969,x
90906,C,1502,x
90907,B,1404,x
90908,A,1527,x
90910,D,1548,x
90913,A,1313,x
90917,C,1500,x
90919,D,1361,x
90921,D,1743,x
90923,A,1308,x
90924,C,1040,x
90927,C,1189,x
90931,D,1297,x
90932,D,1481,x
90933,D,1053,x
90937,C,1822,x
90945,C,1612,x
90947,A,1063,x
90956,A,1336,x
90962,C,1881,x
90965,B,1256,x
90967,D,1141,x
90969,B,1195,x
90972,D,1131,x
90975,C,1201,x
90978,B,1005,x
90982,D,1095,x
90983,D,1879,x
90985,B,1957,x
90987,B,1279,x
90989,D,1521,x
90991,D,1277,x
90994,C,1968,x
90995,C,1803,x
90997,D,1780,x
90998,B,1319,x
91000,D,1830,x
91001,A,1804,x
91004,B,1408,x
91005,B,1177,x
91006,D,1809,x
91012,D,1144,x
91013,A,1926,x
91017,C,1925,x
91018,D,1214,x
91019,A,1541,x
91020,A,1862,x
91021,B,1490,x
91023,C,1340,x
91027,B,1576,x
91030,C,1761,x
91032,C,1881,x
91033,D,1852,x
91034,C,1266,x
91035,B,1964,x
91037,C,1811,x
91038,B,1013,x
91041,A,1337,x
91043,D,1055,x
91046,A,1997,x
91051,B,1614,x
91052,B,1541,x
91054,A,1977,x
91056,A,1066,x
91057,B,1854,x
91059,C,1037,x
91061,A,1715,x
91066,D,1702,x
91069,B,1350,x
91072,D,1829,x
91073,D,1405,x
91074,C,1414,x
91075,A,1313,x
91076,C,1844,x
91079,C,1637,x
91080,D,1913,x
91085,A,1553,x
91086,A,1717,x
91087,B,1734,x
91088,D,1171,x
91093,D,1626,x
91095,A,1667,x
91099,A,1830,x
91100,C,1699,x
91101,A,1229,x
91102,B,1122,x
91103,D,1594,x
91104,D,1310,x
91105,A,1759,x
91108,A,1394,x
91109,A,1226,x
91110,B,1292,x
91112,A,1827,x
91113,A,1886,x
91115,A,1994,x
91116,A,1566,x
91117,D,1265,x
91118,C,1281,x
91119,B,1239,x
91121,C,1138,x
91123,C,1464,x
91125,A,1249,x
91129,C,1904,x
91131,A,1659,x
91133,B,1733,x
91136,B,1833,x
91138,B,1841,x
91142,B,1868,x
91143,A,1528,x
91145,C,1079,x
91147,B,1665,x
91148,B,1669,x
91149,D,1702,x
91150,C,1587,x
91151,B,1912,x
91155,C,1234,x
91156,A,1619,x
91157,D,1103,x
91158,A,1156,x
91163,B,1842,x
91165,B,1125,x
91169,A,1290,x
91170,D,1254,x
91172,A,1288,x
91174,C,1812,x
91177,B,1073,x
91182,D,1859,x
91190,B,1718,x
91193,A,1015,x
91194,B,1554,x
91195,B,1499,x
91196,A,1130,x
91198,B,1292,x
91199,B,1801,x
91200,A,1193,x
91201,A,1135,x
91203,A,1853,x
91204,B,1734,x
91205,A,1298,x
91206,C,1417,x
91207,C,1024,x
91210,B,1754,x
91211,D,1555,x
91212,D,1024,x
91213,D,1866,x
91215,A,1350,x
91216,B,1032,x
91220,A,1461,x
91222,C,1827,x
91224,D,1233,x
91226,A,1636,x
91228,B,1842,x
91229,B,1093,x
91230,D,1597,x
91232,C,1151,x
91233,C,1378,x
91234,C,1245,x
91235,C,1813,x
91237,B,1709,x
91240,A,1287,x
91242,C,1855,x
91245,C,1956,x
91248,C,1081,x
91249,A,1661,x
91250,D,1745,x
91252,D,1416,x
91259,D,1608,x
91262,C,1878,x
91263,D,1037,x
91267,C,1223,x
91268,D,1120,x
91269,D,1088,x
91270,A,1315,x
91271,A,1918,x
91273,D,1800,x
91276,B,1632,x
91282,C,1928,x
91283,A,1302,x
91285,A,1239,x
91288,A,1371,x
91292,A,1892,x
91294,B,1820,x
91295,C,1247,x
91301,D,1824,x
91302,A,1213,x
91304,A,1931,x
91309,A,1234,x
91310,B,1049,x
91315,D,1058,x
91316,C,1058,x
91322,D,1310,x
91323,A,1364,x
91326,D,1089,x
91327,C,1193,x
91328,B,1056,x
91329,A,1323,x
91330,D,1997,x
91332,B,1624,x
91333,B,1060,x
91334,C,1541,x
91335,A,1160,x
91338,B,1937,x
91340,C,1327,x
91341,D,1408,x
91342,D,1054,x
91343,B,1755,x
91344,A,1121,x
91346,A,1508,x
91347,A,1350,x
91350,B,1785,x
91354,B,1379,x
91356,C,1760,x
91358,C,1467,x
91364,D,1882,x
91365,B,1200,x
91366,C,1531,x
91368,B,1926,x
91374,C,1790,x
91375,B,1896,x
91378,D,1986,x
91381,D,1613,x
91384,C,1076,x
91385,B,1017,x
91386,C,1619,x
91387,D,1839,x
91388,A,1064,x
91390,C,1248,x
91393,A,1537,x
91397,C,1220,x
91398,D,1603,x
91403,D,1097,x
91404,B,1265,x
91407,D,1411,x
91411,D,1154,x
91412,C,1817,x
91414,C,1361,x
91419,A,1141,x
91422,B,1588,x
91423,D,1936,x
91424,B,1421,x
91430,C,1662,x
91431,C,1867,x
91433,A,1487,x
91435,B,1487,x
91437,C,1538,x
91439,B,1814,x
91441,D,1756,x
91443,A,1587,x
91445,A,1986,x
91447,C,1583,x
91450,A,1859,x
91452,C,1853,x
91454,A,1316,x
91455,D,1859,x
91456,D,1484,x
91458,C,1844,x
91459,D,1522,x
91460,C,1557,x
91464,B,1777,x
91465,D,1809,x
91468,C,1459,x
91472,D,1774,x
91473,D,1071,x
91474,D,1929,x
91475,B,1732,x
91477,C,1815,x
91478,B,1459,x
91483,C,1828,x
91486,B,1526,x
91487,C,1737,x
91488,C,1829,x
91491,D,1116,x
91496,C,1178,x
91498,C,1086,x
91500,A,1532,x
91503,A,1532,x
91504,A,1529,x
91506,A,1135,x
91508,B,1129,x
91509,A,1483,x
91510,D,1402,x
91511,A,1688,x
91512,D,1349,x
91514,C,1388,x
91515,D,1631,x
91518,A,1459,x
91520,B,1947,x
91521,C,1852,x
91523,B,1582,x
91525,B,1934,x
91528,C,1186,x
91529,B,1171,x
91530,A,1259,x
91532,B,1680,x
91534,A,1060,x
91535,D,1442,x
91537,C,1105,x
91541,A,1085,x
91543,A,1903,x
91545,C,1107,x
91546,D,1786,x
91548,D,1139,x
91549,D,1542,x
91551,D,1346,x
91552,D,1029,x
91553,A,1247,x
91557,A,1932,x
91558,D,1335,x
91559,A,1762,x
91560,A,1055,x
91563,C,1331,x
91564,B,1680,x
91567,B,1503,x
91570,D,1838,x
91571,C,1297,x
91572,B,1612,x
91573,B,1765,x
91575,C,1975,x
91578,A,1387,x
91580,C,1892,x
91585,A,1467,x
91587,D,1513,x
91588,A,1950,x
91589,B,1312,x
91592,D,1728,x
91593,A,1048,x
91597,A,1893,x
91598,C,1525,x
91601,D,1712,x
91602,D,1457,x
91604,A,1893,x
91605,D,1916,x
91606,C,1754,x
91608,D,1264,x
91610,A,1369,x
91611,A,1803,x
91613,A,1133,x
91614,B,1770,x
91617,D,1752,x
91619,A,1467,x
91621,D,1656,x
91622,C,1956,x
91623,C,1278,x
91624,C,1891,x
91626,C,1374,x
91627,D,1503,x
91628,B,1409,x
91629,D,1044,x
91630,D,1308,x
91631,B,1029,x
91634,B,1369,x
91635,A,1708,x
91636,A,1630,x
91637,D,1313,x
91638,C,1771,x
91640,D,1012,x
91642,D,1509,x
91643,B,1632,x
91644,C,1850,x
91645,A,1555,x
91647,C,1339,x
91649,A,1032,x
91652,B,1632,x
91653,C,1090,x
91654,C,1699,x
91656,C,1857,x
91667,C,1709,x
91670,B,1713,x
91672,C,1110,x
91673,B,1792,x
91674,B,1840,x
91675,B,1286,x
91678,A,1767,x
91679,C,1351,x
91681,C,1617,x
91682,A,1607,x
91685,B,1097,x
91686,C,1338,x
91691,B,1375,x
91693,B,1390,x
91694,A,1032,x
91695,A,1686,x
91696,B,1316,x
91697,B,1743,x
91700,A,1250,x
91701,C,1698,x
91702,C,1122,x
91706,A,1382,x
91709,D,1282,x
91716,A,1248,x
91719,C,1145,x
91720,A,1411,x
91723,A,1238,x
91725,C,1899,x
91726,B,1959,x
91727,A,1121,x
91728,A,1257,x
91732,A,1173,x
91733,C,1258,x
91735,A,1165,x
91737,B,1969,x
91739,B,1619,x
91743,A,1115,x
91744,D,1405,x
91746,C,1758,x
91748,D,1468,x
91751,D,1891,x
91753,A,1412,x
91755,A,1308,x
91756,C,1008,x
91757,D,1966,x
91758,D,1640,x
91763,C,1350,x
91764,B,1649,x
91766,C,1431,x
91768,D,1956,x
91771,B,1109,x
91773,C,1358,x
91776,C,1036,x
91777,C,1727,x
91778,C,1905,x
91780,B,1057,x
91781,B,1860,x
91783,D,1952,x
91787,B,1669,x
91788,B,1602,x
91789,A,1878,x
91790,B,1062,x
91792,D,1484,x
91793,D,1198,x
91794,D,1622,x
91795,C,1439,x
91796,C,1933,x
91797,A,1379,x
91799,A,1452,x
91800,C,1129,x
91802,D,1646,x
91807,A,1159,x
91808,C,1587,x
91809,D,1665,x
91810,C,1768,x
91812,A,1485,x
91813,D,1042,x
91814,B,1181,x
91820,B,1752,x
91821,B,1231,x
91823,A,1444,x
91826,B,1142,x
91833,A,1602,x
91834,C,1948,x
91836,C,1918,x
91838,C,1200,x
91840,C,1105,x
91846,C,1111,x
91847,C,1484,x
91848,D,1011,x
91850,D,1805,x
91851,B,1679,x
91855,D,1168,x
91856,A,1884,x
91858,A,1936,x
91860,B,1489,x
91861,D,1846,x
91863,C,1441,x
91866,A,1253,x
91867,C,1942,x
91869,B,1572,x
91870,D,1392,x
91871,A,1344,x
91872,A,1169,x
91873,A,1342,x
91874,C,1791,x
91879,D,1712,x
91885,B,1937,x
91886,C,1206,x
91887,B,1351,x
91888,C,1397,x
91892,D,1532,x
91893,C,1188,x
91897,A,1691,x
91899,D,1892,x
91900,C,1393,x
91902,D,1508,x
91903,A,1091,x
91904,C,1602,x
91907,C,1257,x
91909,C,1839,x
91910,D,1329,x
91911,A,1158,x
91912,D,1538,x
91915,A,1411,x
91917,B,1460,x
91919,B,1640,x
91920,A,1627,x
91921,D,1549,x
91925,B,1829,x
91927,C,1928,x
91928,B,1083,x
91929,B,1064,x
91930,A,1417,x
91932,D,1300,x
91936,A,1141,x
91937,B,1852,x
91943,D,1562,x
91946,B,1710,x
91947,A,1883,x
91948,A,1432,x
91949,A,1696,x
91950,D,1019,x
91951,A,1848,x
91953,D,1132,x
91954,B,1398,x
91955,C,1383,x
91956,A,1337,x
91957,C,1935,x
91959,B,1894,x
91962,A,1266,x
91964,C,1535,x
91967,B,1994,x
91969,C,1136,x
91971,D,1281,x
91980,D,1017,x
91982,A,1348,x
91983,B,1080,x
91991,B,1740,x
91994,B,1901,x
91995,C,1833,x
91996,A,1610,x
91997,D,1765,x
91998,C,1872,x
91999,C,1636,x
92001,D,1232,x
92002,D,1900,x
92006,C,1059,x
92007,D,1432,x
92010,B,1473,x
92011,A,1546,x
92013,C,1402,x
92015,A,1916,x
92016,D,1098,x
92018,A,1283,x
92022,C,1990,x
92028,C,1751,x
92030,B,1659,x
92031,B,1381,x
92032,D,1560,x
92033,A,1871,x
92034,A,1691,x
92036,C,1179,x
92037,A,1178,x
92038,A,1642,x
92039,B,1497,x
92041,A,1728,x
92045,D,1535,x
92047,D,1701,x
92048,D,1686,x
92050,C,1897,x
92054,D,1726,x
92058,A,1476,x
92059,A,1727,x
92060,B,1445,x
92062,A,1524,x
92063,A,1822,x
92064,A,1015,x
92065,A,1041,x
92066,A,1132,x
92068,D,1570,x
92070,B,1190,x
92071,D,1923,x
92072,A,1389,x
92073,A,1339,x
92075,A,1113,x
92076,A,1539,x
92080,D,1941,x
92081,D,1464,x
92083,C,1744,x
92084,C,1080,x
92086,A,1879,x
92090,A,1695,x
92098,C,1625,x
92099,C,1276,x
92101,D,1110,x
92107,B,1522,x
92109,C,1688,x
92112,C,1063,x
92113,D,1443,x
92114,B,1058,x
92116,B,1107,x
92117,A,1930,x
92122,D,1334,x
92123,A,1643,x
92125,C,1857,x
92127,B,1960,x
92128,B,1943,x
92129,C,1355,x
92130,B,1120,x
92135,B,1905,x
92136,C,1294,x
92137,A,1280,x
92138,D,1418,x
92139,A,1668,x
92140,D,1384,x
92143,D,1365,x
92145,A,1639,x
92147,A,1120,x
92148,D,1181,x
92153,D,1516,x
92155,D,1771,x
92156,B,1515,x
92157,D,1014,x
92158,A,1148,x
92159,D,1455,x
92162,D,1914,x
92163,D,1148,x
92164,A,1074,x
92165,D,1260,x
92168,D,1776,x
92169,D,1516,x
92173,A,1964,x
92175,C,1514,x
92177,A,1886,x
92178,B,1084,x
92179,C,1561,x
92180,D,1791,x
92183,B,1518,x
92185,C,1444,x
92186,A,1298,x
92187,B,1528,x
92188,D,1169,x
92189,A,1575,x
92190,B,1383,x
92193,A,1056,x
92194,D,1040,x
92195,B,1127,x
92199,C,1392,x
92206,B,1123,x
92207,A,1972,x
92208,A,1398,x
92211,A,1365,x
92212,B,1111,x
92214,B,1015,x
92215,C,1757,x
92216,D,1699,x
92217,A,1311,x
92223,D,1016,x
92226,C,1574,x
92227,A,1948,x
92228,A,1568,x
92229,C,1915,x
92233,C,1212,x
92236,C,1193,x
92238,C,1830,x
92239,A,1937,x
92241,D,1425,x
92242,C,1727,x
92243,A,1527,x
92246,D,1649,x
92252,A,1890,x
92253,A,1577,x
92254,B,1794,x
92255,C,1248,x
92257,D,1566,x
92258,C,1905,x
92259,A,1346,x
92260,D,1406,x
92261,B,1705,x
92263,A,1455,x
92264,B,1783,x
92267,B,1677,x
92269,A,1635,x
92270,D,1566,x
92271,B,1033,x
92274,C,1675,x
92275,B,1157,x
92278,B,1856,x
92280,A,1063,x
92283,B,1489,x
92286,D,1674,x
92287,B,1046,x
92289,A,1966,x
92290,B,1719,x
92292,B,1150,x
92294,A,1824,x
92299,A,1348,x
92303,C,1817,x
92313,C,1251,x
92315,C,1603,x
92318,A,1953,x
92320,C,1570,x
92326,B,1506,x
92327,C,1872,x
92328,D,1712,x
92330,D,1075,x
92332,B,1108,x
92333,D,1393,x
92334,C,1756,x
92339,A,1828,x
92340,A,1705,x
92343,A,1293,x
92344,A,1364,x
92345,D,1350,x
92348,D,1365,x
92349,D,1854,x
92351,A,1965,x
92352,A,1167,x
92353,C,1711,x
92355,C,1257,x
92357,A,1037,x
92360,C,1819,x
92361,A,1199,x
92364,B,1837,x
92365,C,1157,x
92366,A,1891,x
92367,A,1390,x
92368,B,1629,x
92370,D,1045,x
92373,C,1957,x
92375,D,1143,x
92377,C,1930,x
92378,A,1552,x
92379,B,1355,x
92380,A,1643,x
92382,C,1518,x
92383,A,1638,x
92384,C,1977,x
92385,D,1229,x
92386,A,1249,x
92387,C,1708,x
92389,C,1974,x
92390,A,1400,x
92392,B,1459,x
92395,C,1288,x
92397,A,1918,x
92398,A,1611,x
92399,C,1919,x
92400,A,1634,x
92401,B,1402,x
92403,C,1793,x
92404,B,1961,x
92406,D,1393,x
92407,B,1080,x
92409,C,1885,x
92412,C,1410,x
92415,C,1381,x
92418,D,1116,x
92419,C,1768,x
92420,A,1767,x
92422,B,1329,x
92423,A,1125,x
92424,D,1548,x
92425,B,1200,x
92428,B,1524,x
92430,B,1894,x
92436,C,1271,x
92439,B,1280,x
92442,A,1787,x
92445,B,1668,x
92447,D,1682,x
92448,C,1991,x
92449,A,1838,x
92450,B,1040,x
92452,A,1695,x
92453,D,1808,x
92456,C,1582,x
92457,B,1286,x
92460,A,1983,x
92462,B,1210,x
92463,C,1879,x
92464,D,1692,x
92465,D,1442,x
92467,C,1596,x
92468,C,1307,x
92469,D,1858,x
92471,D,1716,x
92474,C,1246,x
92475,D,1965,x
92477,D,1446,x
92478,B,1796,x
92480,C,1836,x
92481,C,1637,x
92482,A,1717,x
92485,C,1352,x
92486,B,1576,x
92487,C,1615,x
92488,C,1052,x
92489,D,1752,x
92490,A,1879,x
92492,A,1131,x
92495,C,1186,x
92496,B,1500,x
92498,C,1819,x
92500,C,1119,x
92501,C,1447,x
92504,A,1174,x
92505,B,1475,x
92509,C,1955,x
92510,A,1671,x
92511,D,1302,x
92512,A,1995,x
92513,C,1261,x
92516,B,1059,x
92519,C,1941,x
92522,C,1979,x
92525,A,1294,x
92526,D,1465,x
92529,C,1506,x
92530,A,1654,x
92533,C,1332,x
92536,C,1265,x
92541,D,1075,x
92542,D,1673,x
92543,B,1602,x
92549,B,1300,x
92551,C,1777,x
92552,C,1495,x
92553,D,1850,x
92555,A,1645,x
92557,B,1863,x
92559,A,1713,x
92564,B,1477,x
92565,B,1040,x
92567,A,1859,x
92571,C,1910,x
92573,A,1102,x
92575,B,1553,x
92576,A,1061,x
92579,A,1668,x
92580,D,1508,x
92583,D,1205,x
92585,D,1579,x
92587,B,1761,x
92588,A,1311,x
92589,A,1754,x
92590,D,1963,x
92591,C,1739,x
92595,A,1512,x
92599,C,1064,x
92602,C,1776,x
92604,B,1497,x
92605,B,1331,x
92606,B,1359,x
92608,D,1681,x
92611,B,1287,x
92613,A,1798,x
92614,C,1897,x
92616,C,1773,x
92617,A,1062,x
92619,B,1388,x
92621,C,1124,x
92622,C,1784,x
92623,D,1767,x
92624,A,1085,x
92627,A,1158,x
92629,B,1832,x
92630,D,1326,x
92631,A,1906,x
92632,C,1713,x
92633,C,1644,x
92634,B,1679,x
92636,D,1152,x
92638,C,1528,x
92639,D,1099,x
92641,C,1889,x
92642,C,1589,x
92645,C,1230,x
92646,A,1128,x
92648,C,1129,x
92650,A,1205,x
92652,C,1007,x
92654,D,1280,x
92656,D,1278,x
92659,D,1240,x
92660,B,1228,x
92662,C,1382,x
92663,B,1200,x
92664,A,1451,x
92665,D,1884,x
92675,D,1709,x
92676,D,1081,x
92678,D,1045,x
92679,B,1011,x
92680,A,1911,x
92684,B,1073,x
92685,D,1966,x
92686,A,1288,x
92688,B,1565,x
92689,A,1818,x
92690,D,1802,x
92691,B,1631,x
92693,D,1628,x
92695,A,1378,x
92701,A,1985,x
92702,D,1348,x
92703,C,1359,x
92705,B,1629,x
92706,B,1250,x
92709,B,1047,x
92710,A,1211,x
92713,B,1655,x
92714,D,1121,x
92716,A,1009,x
92717,D,1755,x
92719,A,1132,x
92720,A,1721,x
92721,B,1293,x
92724,D,1059,x
92725,A,1822,x
92726,B,1181,x
92729,C,1122,x
92732,C,1607,x
92733,C,1140,x
92735,D,1222,x
92737,D,1930,x
92738,D,1946,x
92739,C,1871,x
92745,A,1137,x
92747,C,1242,x
92749,B,1920,x
92750,C,1601,x
92751,B,1059,x
92752,D,1521,x
92753,C,1710,x
92763,A,1168,x
92764,C,1687,x
92766,B,1258,x
92767,A,1770,x
92770,A,1008,x
92775,C,1411,x
92779,C,1887,x
92780,C,1958,x
92781,B,1182,x
92782,A,1800,x
92783,B,1703,x
92788,B,1712,x
92789,C,1067,x
92791,D,1212,x
92795,B,1429,x
92800,B,1193,x
92801,B,1476,x
92802,A,1612,x
92803,A,1122,x
92806,A,1361,x
92807,D,1488,x
92812,C,1889,x
92815,C,1756,x
92816,A,1294,x
92818,A,1794,x
92820,D,1210,x
92821,D,1325,x
92822,D,1048,x
92823,B,1285,x
92824,C,1350,x
92826,D,1486,x
92827,B,1227,x
92828,B,1560,x
92833,C,1795,x
92835,B,1313,x
92837,C,1907,x
92838,D,1380,x
92839,A,1981,x
92840,B,1905,x
92843,B,1883,x
92845,C,1795,x
92847,D,1111,x
92849,B,1535,x
92850,D,1150,x
92851,B,1094,x
92852,D,1399,x
92853,D,1724,x
92857,C,1143,x
92862,C,1977,x
92864,D,1065,x
92866,A,1911,x
92868,D,1973,x
92869,B,1777,x
92870,C,1518,x
92873,C,1544,x
92874,C,1014,x
92875,B,1880,x
92876,A,1914,x
92877,A,1940,x
92878,D,1347,x
92880,C,1604,x
92881,C,1593,x
92883,C,1629,x
92884,C,1051,x
92885,D,1022,x
92887,B,1833,x
92889,B,1461,x
92890,C,1905,x
92891,D,1643,x
92892,B,1527,x
92896,C,1222,x
92897,A,1854,x
92898,D,1581,x
92901,A,1438,x
92903,A,1627,x
92905,B,1721,x
92907,C,1866,x
92908,B,1478,x
92909,D,1312,x
92916,D,1311,x
92918,C,1727,x
92919,C,1811,x
92921,A,1419,x
92922,B,1304,x
92923,D,1318,x
92924,B,1509,x
92926,D,1759,x
92927,B,1209,x
92928,B,1013,x
92932,B,1836,x
92935,A,1977,x
92936,D,1342,x
92940,D,1469,x
92941,C,1777,x
92942,D,1100,x
92944,D,1910,x
92950,A,1791,x
92953,C,1345,x
92955,B,1824,x
92956,B,1688,x
92958,A,1312,x
92959,D,1337,x
92961,A,1094,x
92963,A,1653,x
92970,A,1776,x
92971,D,1380,x
92972,C,1648,x
92976,C,1046,x
92978,B,1374,x
92979,A,1996,x
92981,A,1710,x
92982,C,1518,x
92983,C,1062,x
92984,A,1222,x
92985,C,1890,x
92987,B,1041,x
92988,B,1753,x
92989,C,1359,x
92990,C,1175,x
92991,D,1380,x
92992,C,1453,x
92993,D,1700,x
92997,D,1151,x
92998,A,1246,x
92999,C,1938,x
93001,B,1532,x
93003,A,1233,x
93004,B,1101,x
93005,C,1032,x
93008,A,1837,x
93009,B,1240,x
93010,B,1643,x
93011,D,1751,x
93013,D,1742,x
93014,D,1795,x
93018,A,1061,x
93019,A,1849,x
93021,B,1197,x
93025,A,1286,x
93027,D,1258,x
93029,A,1022,x
93030,A,1259,x
93031,C,1918,x
93034,A,1275,x
93039,D,1254,x
93042,C,1697,x
93044,A,1529,x
93045,C,1472,x
93048,D,1054,x
93049,D,1799,x
93054,B,1922,x
93055,A,1097,x
93056,B,1850,x
93058,D,1073,x
93059,C,1861,x
93061,C,1149,x
93062,D,1495,x
93063,D,1831,x
93064,B,1343,x
93066,A,1588,x
93068,B,1621,x
93070,A,1872,x
93074,C,1313,x
93076,C,1088,x
93080,C,1866,x
93081,A,1161,x
93082,C,1229,x
93083,C,1032,x
93090,A,1734,x
93091,D,1522,x
93094,B,1606,x
93098,A,1116,x
93101,A,1644,x
93102,D,1231,x
93106,C,1051,x
93107,A,1208,x
93108,B,1551,x
93111,C,1088,x
93114,C,1367,x
93115,D,1966,x
93117,A,1053,x
93118,A,1649,x
93119,D,1891,x
93120,D,1132,x
93121,B,1355,x
93123,C,1864,x
93124,A,1055,x
93126,C,1732,x
93127,B,1948,x
93128,B,1899,x
93129,A,1385,x
93130,B,1356,x
93132,C,1050,x
93133,C,1639,x
93135,B,1550,x
93141,D,1138,x
93144,B,1005,x
93148,B,1580,x
93149,D,1349,x
93150,A,1069,x
93151,A,1824,x
93156,D,1723,x
93157,A,1905,x
93161,B,1462,x
93163,D,1686,x
93165,B,1164,x
93166,A,1121,x
93168,A,1318,x
93169,C,1260,x
93170,C,1630,x
93171,A,1760,x
93173,D,1219,x
93176,C,1359,x
93178,B,1438,x
93180,D,1503,x
93181,B,1453,x
93182,A,1854,x
93187,D,1246,x
93188,C,1151,x
93189,A,1237,x
93191,D,1972,x
93192,A,1600,x
93193,C,1650,x
93195,B,1608,x
93198,B,1581,x
93200,C,1999,x
93202,A,1789,x
93204,C,1194,x
93206,A,1319,x
93207,D,1062,x
93211,C,1286,x
93213,C,1430,x
93214,B,1944,x
93215,D,1050,x
93218,C,1367,x
93219,A,1239,x
93220,B,1444,x
93221,C,1586,x
93222,D,1658,x
93225,A,1509,x
93227,A,1062,x
93228,A,1591,x
93229,D,1800,x
93230,C,1037,x
93237,C,1215,x
93238,C,1814,x
93239,A,1218,x
93242,A,1435,x
93243,D,1435,x
93244,A,1094,x
93248,C,1883,x
93249,A,1573,x
93250,C,1387,x
93251,C,1412,x
93252,D,1283,x
93255,D,1497,x
93256,D,1741,x
93260,A,1592,x
93263,C,1833,x
93266,D,1106,x
93267,C,1216,x
93270,C,1992,x
93271,C,1575,x
93272,B,1962,x
93274,A,1903,x
93275,C,1059,x
93278,C,1355,x
93279,C,1276,x
93280,C,1986,x
93281,C,1168,x
93283,A,1835,x
93286,D,1010,x
93287,B,1745,x
93290,C,1365,x
93291,D,1064,x
93295,C,1086,x
93296,C,1551,x
93301,C,1389,x
93302,B,1400,x
93303,B,1904,x
93305,B,1039,x
93307,B,1257,x
93308,B,1838,x
93310,D,1831,x
93311,C,1859,x
93312,C,1942,x
93314,C,1588,x
93315,D,1667,x
93317,A,1381,x
93319,B,1816,x
93320,C,1079,x
93321,B,1777,x
93326,B,1321,x
93327,C,1325,x
93328,D,1419,x
93329,D,1517,x
93331,D,1156,x
93332,B,1223,x
93333,A,1682,x
93334,D,1930,x
93335,C,1415,x
93337,A,1819,x
93338,A,1882,x
93339,B,1612,x
93340,B,1080,x
93341,B,1568,x
93342,A,1323,x
93344,D,1121,x
93347,B,1662,x
93349,C,1918,x
93350,B,1150,x
93358,A,1151,x
93360,C,1155,x
93362,A,1090,x
93363,A,1616,x
93364,D,1167,x
93366,B,1425,x
93367,A,1193,x
93368,B,1616,x
93371,B,1532,x
93372,C,1279,x
93375,D,1200,x
93380,B,1303,x
93381,C,1748,x
93383,B,1093,x
93384,B,1524,x
93385,D,1501,x
93386,C,1677,x
93387,D,1411,x
93389,C,1081,x
93390,B,1274,x
93391,D,1551,x
93392,D,1221,x
93393,D,1425,x
93394,D,1062,x
93397,B,1358,x
93398,D,1072,x
93400,D,1744,x
93401,B,1564,x
93405,D,1829,x
93406,D,1210,x
93407,B,1388,x
93409,D,1399,x
93410,A,1036,x
93413,C,1540,x
93414,B,1855,x
93416,A,1452,x
93417,D,1732,x
93419,D,1065,x
93422,B,1837,x
93423,A,1184,x
93424,A,1983,x
93425,B,1762,x
93427,B,1586,x
93430,D,1752,x
93433,B,1254,x
93434,B,1169,x
93435,D,1282,x
93437,D,1100,x
93439,C,1414,x
93445,A,1008,x
93449,A,1831,x
93451,B,1936,x
93452,C,1620,x
93453,A,1731,x
93454,B,1829,x
93455,A,1692,x
93457,A,1037,x
93460,C,1973,x
93462,A,1116,x
93465,D,1915,x
93469,A,1329,x
93472,B,1490,x
93473,C,1301,x
93475,D,1331,x
93476,D,1597,x
93478,A,1304,x
93479,B,1656,x
93481,A,1158,x
93483,C,1690,x
93484,D,1689,x
93489,A,1999,x
93490,C,1764,x
93492,C,1492,x
93493,B,1835,x
93495,A,1530,x
93496,D,1362,x
93497,D,1064,x
93498,B,1921,x
93499,D,1760,x
93500,D,1531,x
93501,B,1499,x
93502,C,1758,x
93510,D,1141,x
93512,A,1560,x
93513,D,1457,x
93514,C,1471,x
93515,D,1570,x
93516,C,1952,x
93517,C,1230,x
93520,D,1528,x
93524,B,1763,x
93525,A,1986,x
93526,B,1413,x
93535,B,1410,x
93537,D,1399,x
93545,B,1516,x
93547,B,1128,x
93550,A,1730,x
93551,B,1353,x
93552,D,1256,x
93555,D,1895,x
93556,B,1748,x
93557,A,1888,x
93559,A,1747,x
93561,D,1881,x
93562,C,1540,x
93563,B,1181,x
93565,B,1060,x
93566,C,1155,x
93567,C,1893,x
93569,D,1183,x
93570,A,1682,x
93571,A,1945,x
93572,C,1108,x
93573,B,1345,x
93574,D,1357,x
93578,D,1459,x
93579,A,1620,x
93580,B,1841,x
93582,B,1656,x
93583,D,1701,x
93585,D,1627,x
93586,B,1188,x
93588,B,1959,x
93589,C,1225,x
93594,B,1077,x
93596,C,1570,x
93597,C,1615,x
93600,A,1314,x
93604,D,1768,x
93605,D,1518,x
93613,A,1562,x
93614,C,1208,x
93615,A,1859,x
93617,D,1486,x
93618,D,1829,x
93620,A,1290,x
93622,D,1578,x
93623,B,1536,x
93624,C,1738,x
93625,A,1250,x
93626,D,1052,x
93629,A,1091,x
93630,C,1012,x
93631,B,1165,x
93632,C,1847,x
93634,D,1959,x
93635,B,1089,x
93636,D,1555,x
93639,A,1394,x
93640,D,1361,x
93642,A,1097,x
93643,D,1110,x
93645,A,1530,x
93650,B,1695,x
93654,A,1827,x
93656,B,1972,x
93658,D,1294,x
93659,D,1562,x
93664,B,1571,x
93665,A,1175,x
93666,C,1658,x
93667,B,1983,x
93670,D,1140,x
93672,D,1835,x
93676,D,1715,x
93681,B,1086,x
93682,D,1726,x
93683,A,1701,x
93684,D,1481,x
93686,A,1866,x
93689,D,1378,x
93692,A,1942,x
93693,D,1391,x
93698,A,1615,x
93699,B,1240,x
93700,D,1170,x
93702,D,1661,x
93703,D,1266,x
93705,C,1021,x
93706,B,1254,x
93708,B,1151,x
93713,A,1904,x
93714,C,1024,x
93715,D,1956,x
93716,A,1146,x
93717,C,1601,x
93718,D,1006,x
93719,D,1887,x
93721,C,1114,x
93722,A,1169,x
93725,D,1339,x
93728,C,1856,x
93730,B,1301,x
93732,A,1595,x
93734,D,1670,x
93736,D,1063,x
93738,D,1811,x
93743,A,1580,x
93744,B,1016,x
93745,B,1800,x
93747,A,1735,x
93748,D,1572,x
93750,D,1325,x
93754,D,1903,x
93755,A,1588,x
93757,C,1066,x
93758,A,1089,x
93759,D,1238,x
93760,B,1846,x
93761,B,1400,x
93763,C,1578,x
93767,C,1751,x
93768,B,1666,x
93769,B,1582,x
93770,C,1922,x
93771,A,1554,x
93772,B,1440,x
93773,A,1877,x
93774,A,1541,x
93775,A,1798,x
93776,D,1037,x
93777,A,1660,x
93778,C,1139,x
93780,C,1219,x
93784,D,1338,x
93785,D,1139,x
93786,A,1806,x
93787,A,1818,x
93790,B,1482,x
93793,C,1042,x
93796,C,1528,x
93799,C,1622,x
93806,B,1637,x
93809,A,1003,x
93810,B,1758,x
93811,B,1296,x
93815,C,1769,x
93817,B,1650,x
93819,C,1097,x
93823,B,1381,x
93824,D,1933,x
93825,A,1909,x
93827,D,1205,x
93831,B,1248,x
93834,C,1865,x
93835,A,1031,x
93838,B,1147,x
93843,D,1511,x
93844,D,1362,x
93845,A,1312,x
93848,A,1483,x
93852,A,1489,x
93853,D,1877,x
93854,B,1754,x
93857,A,1185,x
93859,B,1223,x
93865,C,1995,x
93866,B,1410,x
93867,D,1926,x
93869,B,1140,x
93872,C,1673,x
93873,C,1841,x
93874,B,1284,x
93875,A,1054,x
93876,C,1413,x
93880,B,1215,x
93882,D,1025,x
93884,D,1157,x
93885,C,1912,x
93886,D,1189,x
93893,B,1427,x
93894,D,1446,x
93895,A,1193,x
93896,B,1258,x
93898,B,1733,x
93899,C,1878,x
93903,D,1087,x
93904,A,1341,x
93905,B,1332,x
93906,B,1250,x
93907,B,1584,x
93913,D,1487,x
93914,D,1868,x
93917,C,1300,x
93919,C,1356,x
93921,D,1460,x
93923,C,1859,x
93927,A,1586,x
93929,C,1437,x
93930,A,1310,x
93931,A,1831,x
93932,D,1106,x
93934,D,1524,x
93937,B,1259,x
93938,C,1731,x
93940,B,1655,x
93941,A,1308,x
93942,A,1249,x
93948,B,1302,x
93953,D,1267,x
93954,C,1597,x
93955,C,1675,x
93956,A,1798,x
93959,A,1428,x
93962,D,1204,x
93963,C,1865,x
93966,D,1004,x
93967,C,1264,x
93970,B,1400,x
93972,A,1193,x
93973,D,1077,x
93977,A,1025,x
93978,A,1244,x
93980,B,1650,x
93981,A,1795,x
93983,C,1422,x
93986,C,1667,x
93988,D,1585,x
93992,B,1465,x
93995,D,1932,x
93996,D,1901,x
93997,B,1230,x
93999,D,1278,x
94000,B,1302,x
94001,C,1664,x
94005,D,1862,x
94009,D,1769,x
94010,C,1748,x
94013,C,1879,x
94018,A,1790,x
94019,C,1384,x
94022,B,1874,x
94023,B,1282,x
94026,D,1768,x
94027,A,1242,x
94030,A,1926,x
94031,D,1539,x
94032,C,1385,x
94035,D,1911,x
94037,A,1352,x
94039,C,1562,x
94041,C,1019,x
94044,D,1792,x
94045,C,1059,x
94048,A,1387,x
94049,B,1729,x
94053,B,1511,x
94055,A,1306,x
94056,C,1799,x
94057,D,1523,x
94058,B,1139,x
94060,B,1583,x
94062,A,1130,x
94063,D,1049,x
94065,A,1774,x
94071,A,1921,x
94073,B,1673,x
94074,A,1186,x
94076,A,1621,x
94086,D,1462,x
94087,A,1675,x
94088,B,1090,x
94090,B,1098,x
94092,D,1666,x
94093,B,1341,x
94094,D,1253,x
94096,A,1002,x
94098,D,1145,x
94102,B,1113,x
94104,A,1824,x
94106,B,1136,x
94107,D,1387,x
94110,B,1655,x
94111,C,1957,x
94114,C,1773,x
94115,C,1437,x
94119,A,1419,x
94120,B,1958,x
94121,A,1831,x
94124,B,1819,x
94126,B,1156,x
94128,D,1432,x
94129,B,1738,x
94130,B,1284,x
94132,C,1287,x
94137,B,1889,x
94138,D,1014,x
94139,B,1720,x
94140,C,1651,x
94142,D,1018,x
94147,D,1034,x
94151,A,1959,x
94162,C,1516,x
94163,B,1954,x
94166,B,1365,x
94169,B,1839,x
94170,C,1461,x
94171,A,1400,x
94172,A,1653,x
94177,B,1498,x
94179,C,1270,x
94183,A,1489,x
94185,A,1800,x
94186,D,1277,x
94187,C,1670,x
94189,B,1846,x
94190,C,1400,x
94191,C,1098,x
94196,B,1264,x
94199,B,1085,x
94202,A,1383,x
94203,D,1172,x
94204,A,1478,x
94205,A,1486,x
94207,C,1327,x
94209,A,1869,x
94210,A,1980,x
94212,C,1568,x
94215,A,1039,x
94216,C,1664,x
94217,B,1170,x
94223,A,1977,x
94225,B,1615,x
94228,A,1229,x
94230,B,1539,x
94231,B,1975,x
94235,B,1740,x
94237,A,1870,x
94239,D,1587,x
94240,D,1814,x
94244,D,1861,x
94247,C,1751,x
94252,B,1799,x
94255,C,1811,x
94257,A,1755,x
94259,A,1062,x
94261,B,1736,x
94263,A,1220,x
94264,C,1862,x
94265,B,1086,x
94266,B,1884,x
94267,C,1111,x
94270,B,1651,x
94271,D,1791,x
94274,C,1086,x
94277,D,1424,x
94279,A,1647,x
94281,C,1261,x
94284,B,1602,x
94286,B,1536,x
94287,C,1787,x
94290,A,1475,x
94291,B,1079,x
94294,C,1938,x
94295,D,1877,x
94297,A,1320,x
94298,D,1153,x
94299,C,1503,x
94301,A,1381,x
94302,D,1031,x
94303,A,1726,x
94304,C,1146,x
94307,C,1105,x
94309,D,1866,x
94316,D,1557,x
94317,C,1490,x
94325,B,1076,x
94326,C,1984,x
94327,A,1874,x
94328,C,1563,x
94329,B,1170,x
94330,A,1927,x
94331,D,1979,x
94334,B,1826,x
94340,D,1498,x
94341,C,1288,x
94342,B,1496,x
94343,A,1202,x
94345,C,1117,x
94349,D,1240,x
94354,B,1175,x
94356,A,1189,x
94357,C,1303,x
94359,C,1522,x
94363,C,1274,x
94369,C,1895,x
94373,B,1785,x
94375,C,1197,x
94376,B,1949,x
94378,D,1263,x
94379,B,1356,x
94382,B,1862,x
94384,B,1598,x
94385,A,1414,x
94387,B,1253,x
94394,D,1986,x
94395,C,1786,x
94401,B,1298,x
94402,D,1248,x
94406,C,1260,x
94407,C,1024,x
94409,D,1365,x
94410,A,1892,x
94415,D,1138,x
94417,A,1211,x
94422,C,1142,x
94423,D,1121,x
94425,A,1748,x
94426,B,1516,x
94428,B,1975,x
94429,A,1616,x
94432,A,1575,x
94433,B,1550,x
94434,A,1793,x
94435,A,1434,x
94436,B,1167,x
94437,D,1405,x
94440,C,1266,x
94441,A,1566,x
94442,B,1282,x
94443,C,1990,x
94446,A,1204,x
94448,D,1389,x
94451,C,1013,x
94452,D,1206,x
94454,C,1715,x
94458,C,1858,x
94459,C,1538,x
94463,B,1058,x
94465,A,1884,x
94466,D,1816,x
94467,B,1343,x
94468,D,1663,x
94472,D,1297,x
94475,C,1781,x
94480,A,1143,x
94481,D,1133,x
94484,B,1352,x
94485,A,1652,x
94486,C,1963,x
94487,A,1344,x
94488,D,1816,x
94490,D,1076,x
94491,C,1046,x
94493,D,1937,x
94495,A,1114,x
94498,C,1260,x
94499,D,1407,x
94500,B,1724,x
94502,B,1576,x
94505,C,1707,x
94506,C,1794,x
94509,A,1152,x
94512,C,1349,x
94514,D,1293,x
94515,C,1488,x
94516,D,1168,x
94517,C,1796,x
94521,D,1587,x
94522,C,1141,x
94523,C,1272,x
94527,C,1848,x
94528,D,1632,x
94529,A,1673,x
94530,C,1402,x
94531,D,1815,x
94532,B,1525,x
94533,B,1755,x
94534,B,1550,x
94536,C,1058,x
94538,A,1705,x
94541,C,1401,x
94542,A,1726,x
94543,B,1802,x
94544,B,1987,x
94545,B,1231,x
94546,C,1599,x
94547,A,1631,x
94548,B,1910,x
94549,A,1947,x
94550,B,1379,x
94552,D,1349,x
94553,A,1485,x
94554,D,1324,x
94555,A,1305,x
94559,D,1245,x
94560,B,1589,x
94565,C,1014,x
94566,C,1745,x
94568,A,1740,x
94570,D,1345,x
94571,B,1347,x
94573,A,1161,x
94574,B,1892,x
94576,C,1671,x
94577,A,1957,x
94580,C,1685,x
94581,D,1431,x
94583,B,1103,x
94586,D,1975,x
94587,C,1325,x
94588,B,1533,x
94589,C,1823,x
94592,C,1690,x
94593,C,1428,x
94594,C,1360,x
94595,A,1654,x
94596,A,1280,x
94597,D,1619,x
94599,D,1610,x
94601,C,1513,x
94603,D,1017,x
94605,B,1596,x
94608,B,1241,x
94609,C,1523,x
94610,B,1447,x
94611,D,1313,x
94616,A,1574,x
94617,C,1114,x
94619,D,1336,x
94620,C,1899,x
94621,D,1253,x
94622,C,1641,x
94623,B,1606,x
94625,D,1021,x
94626,D,1081,x
94630,D,1884,x
94631,C,1781,x
94633,D,1950,x
94634,C,1020,x
94635,B,1871,x
94639,D,1829,x
94640,C,1965,x
94641,A,1500,x
94642,D,1388,x
94644,A,1243,x
94648,C,1167,x
94650,D,1331,x
94654,B,1556,x
94655,B,1235,x
94657,A,1210,x
94658,D,1209,x
94659,D,1523,x
94660,C,1650,x
94665,D,1710,x
94666,B,1196,x
94668,D,1218,x
94671,D,1706,x
94672,A,1769,x
94674,B,1369,x
94675,B,1737,x
94677,A,1542,x
94678,A,1889,x
94679,C,1948,x
94680,A,1557,x
94682,D,1433,x
94683,A,1874,x
94684,D,1624,x
94686,C,1538,x
94687,B,1366,x
94688,B,1341,x
94690,B,1694,x
94691,A,1701,x
94692,A,1869,x
94693,B,1959,x
94694,C,1697,x
94698,B,1544,x
94699,A,1094,x
94700,B,1708,x
94708,A,1926,x
94709,D,1274,x
94711,D,1155,x
94713,C,1554,x
94724,B,1598,x
94725,D,1735,x
94726,B,1590,x
94727,A,1682,x
94728,C,1314,x
94730,D,1743,x
94731,A,1455,x
94732,B,1622,x
94733,C,1847,x
94734,A,1708,x
94735,B,1350,x
94736,C,1312,x
94737,B,1470,x
94739,B,1633,x
94740,D,1072,x
94741,D,1173,x
94742,D,1780,x
94743,D,1324,x
94745,D,1158,x
94748,C,1182,x
94750,A,1909,x
94753,B,1985,x
94755,D,1577,x
94756,C,1390,x
94758,C,1158,x
94759,D,1256,x
94760,C,1394,x
94761,B,1989,x
94763,D,1178,x
94765,D,1869,x
94767,A,1351,x
94768,D,1422,x
94769,D,1295,x
94772,C,1331,x
94775,D,1912,x
94776,B,1365,x
94778,C,1997,x
94782,A,1566,x
94784,D,1978,x
94787,A,1187,x
94789,A,1296,x
94794,B,1262,x
94795,C,1696,x
94799,A,1483,x
94800,B,1882,x
94802,D,1195,x
94803,B,1402,x
94811,D,1626,x
94812,C,1174,x
94813,D,1388,x
94820,B,1819,x
94821,A,1961,x
94822,D,1531,x
94824,C,1454,x
94825,C,1867,x
94826,D,1354,x
94827,C,1513,x
94834,D,1192,x
94835,C,1979,x
94836,D,1440,x
94837,D,1358,x
94838,D,1906,x
94842,A,1379,x
94844,A,1292,x
94845,D,1922,x
94847,D,1352,x
94848,D,1020,x
94849,D,1888,x
94850,B,1769,x
94851,C,1246,x
94854,B,1918,x
94855,B,1283,x
94857,A,1034,x
94859,D,1466,x
94861,C,1273,x
94862,B,1033,x
94863,D,1632,x
94865,A,1935,x
94866,D,1200,x
94868,A,1005,x
94870,C,1868,x
94872,B,1582,x
94873,A,1571,x
94875,D,1911,x
94878,D,1977,x
94879,B,1670,x
94880,A,1253,x
94881,D,1520,x
94882,A,1849,x
94883,C,1978,x
94887,A,1512,x
94889,C,1060,x
94890,B,1840,x
94891,A,1754,x
94892,D,1961,x
94893,D,1243,x
94895,C,1730,x
94896,A,1878,x
94897,D,1492,x
94898,D,1977,x
94903,D,1915,x
94907,B,1435,x
94911,B,1939,x
94913,D,1711,x
94914,D,1034,x
94917,C,1108,x
94921,B,1399,x
94924,D,1429,x
94925,A,1705,x
94926,B,1921,x
94927,D,1017,x
94930,A,1028,x
94931,B,1031,x
94935,D,1195,x
94936,B,1929,x
94937,C,1505,x
94938,A,1240,x
94939,A,1096,x
94941,A,1279,x
94943,B,1217,x
94944,B,1796,x
94946,D,1802,x
94947,B,1241,x
94951,D,1162,x
94955,C,1782,x
94958,B,1667,x
94959,A,1733,x
94963,D,1828,x
94966,A,1089,x
94967,A,1205,x
94968,B,1190,x
94972,B,1243,x
94976,C,1400,x
94977,D,1800,x
94978,D,1299,x
94982,A,1844,x
94983,A,1631,x
94984,C,1838,x
94988,D,1748,x
94989,B,1080,x
94990,D,1457,x
94992,A,1293,x
94993,A,1875,x
94997,A,1127,x
94998,B,1202,x
94999,B,1235,x
95001,A,1765,x
95002,D,1606,x
95005,B,1518,x
95006,C,1574,x
95008,D,1104,x
95011,C,1575,x
95014,A,1725,x
95015,B,1648,x
95017,C,1950,x
95020,D,1225,x
95021,D,1007,x
95022,B,1898,x
95025,B,1554,x
95026,C,1079,x
95027,A,1631,x
95031,A,1582,x
95033,A,1383,x
95034,D,1478,x
95035,A,1212,x
95037,B,1462,x
95040,C,1956,x
95041,D,1815,x
95044,D,1823,x
95046,B,1660,x
95047,B,1280,x
95048,C,1042,x
95050,C,1079,x
95052,A,1345,x
95053,C,1967,x
95054,D,1274,x
95059,B,1888,x
95061,A,1807,x
95062,C,1976,x
95064,D,1766,x
95065,B,1515,x
95067,D,1027,x
95068,A,1541,x
95069,C,1921,x
95072,C,1544,x
95074,C,1724,x
95079,C,1428,x
95090,C,1922,x
95091,C,1233,x
95093,B,1505,x
95094,A,1320,x
95097,D,1994,x
95099,C,1716,x
95100,D,1772,x
95103,B,1587,x
95105,C,1797,x
95106,C,1652,x
95108,A,1747,x
95111,A,1080,x
95113,A,1449,x
95114,B,1270,x
95115,D,1880,x
95116,B,1927,x
95117,C,1428,x
95118,A,1093,x
95119,B,1076,x
95121,A,1524,x
95122,C,1105,x
95123,D,1799,x
95126,A,1403,x
95127,C,1621,x
95130,D,1975,x
95132,C,1600,x
95137,A,1128,x
95138,C,1357,x
95140,D,1592,x
95141,A,1453,x
95142,A,1153,x
95143,D,1224,x
95144,D,1324,x
95149,A,1166,x
95151,A,1902,x
95152,A,1813,x
95153,C,1395,x
95155,B,1578,x
95158,D,1603,x
95162,C,1277,x
95163,C,1475,x
95166,A,1209,x
95168,C,1201,x
95169,D,1266,x
95173,B,1352,x
95176,D,1654,x
95177,C,1916,x
95179,A,1101,x
95180,B,1551,x
95182,A,1339,x
95183,C,1225,x
95186,A,1297,x
95187,C,1042,x
95189,A,1954,x
95193,A,1946,x
95195,A,1216,x
95197,A,1793,x
95200,A,1580,x
95201,D,1901,x
95202,D,1170,x
95203,C,1527,x
95206,A,1554,x
95207,D,1327,x
95211,A,1094,x
95212,B,1862,x
95213,C,1952,x
95214,A,1042,x
95216,A,1845,x
95217,A,1262,x
95222,B,1004,x
95223,D,1063,x
95226,D,1071,x
95229,B,1526,x
95232,D,1746,x
95233,A,1649,x
95234,D,1781,x
95235,B,1161,x
95236,C,1314,x
95237,D,1820,x
95238,A,1262,x
95241,C,1228,x
95243,D,1107,x
95245,D,1398,x
95249,B,1716,x
95252,D,1547,x
95253,C,1860,x
95254,A,1437,x
95257,C,1772,x
95263,B,1615,x
95268,A,1918,x
95269,D,1955,x
95270,C,1810,x
95272,B,1050,x
95274,D,1074,x
95276,B,1058,x
95277,B,1096,x
95279,B,1962,x
95280,C,1956,x
95281,B,1134,x
95282,C,1420,x
95285,C,1644,x
95286,B,1611,x
95289,C,1841,x
95291,B,1777,x
95292,A,1189,x
95293,C,1098,x
95297,B,1874,x
95298,B,1156,x
95300,B,1509,x
95301,A,1626,x
95303,C,1023,x
95304,D,1074,x
95306,C,1941,x
95307,C,1512,x
95308,B,1262,x
95309,D,1237,x
95313,D,1905,x
95316,A,1322,x
95317,C,1638,x
95318,B,1453,x
95319,D,1655,x
95320,B,1088,x
95321,A,1084,x
95323,C,1022,x
95331,D,1722,x
95333,B,1949,x
95335,C,1586,x
95336,A,1958,x
95337,A,1565,x
95338,B,1977,x
95340,A,1071,x
95343,B,1490,x
95344,C,1595,x
95346,D,1439,x
95347,A,1222,x
95350,D,1890,x
95352,A,1181,x
95353,B,1363,x
95356,C,1489,x
95361,C,1403,x
95364,D,1097,x
95365,D,1878,x
95367,A,1918,x
95369,A,1182,x
95371,D,1816,x
95372,B,1181,x
95374,A,1100,x
95375,A,1105,x
95376,A,1461,x
95378,A,1209,x
95380,A,1146,x
95381,B,1406,x
95383,A,1658,x
95384,D,1647,x
95387,B,1989,x
95388,D,1292,x
95389,B,1525,x
95391,D,1507,x
95394,A,1036,x
95395,B,1625,x
95398,D,1994,x
95399,C,1897,x
95400,A,1877,x
95401,B,1648,x
95403,D,1916,x
95404,D,1366,x
95405,D,1955,x
95406,C,1076,x
95407,D,1281,x
95410,B,1529,x
95412,C,1229,x
95413,B,1732,x
95414,B,1188,x
95415,A,1792,x
95418,D,1912,x
95421,C,1889,x
95427,A,1895,x
95433,C,1810,x
95434,B,1965,x
95436,D,1204,x
95438,D,1161,x
95440,A,1665,x
95443,B,1781,x
95444,D,1241,x
95445,B,1459,x
95447,C,1914,x
95455,A,1958,x
95456,C,1947,x
95458,A,1969,x
95462,D,1513,x
95466,C,1162,x
95467,B,1822,x
95468,B,1948,x
95469,D,1411,x
95471,D,1109,x
95472,B,1734,x
95474,D,1014,x
95475,D,1897,x
95477,C,1034,x
95479,A,1767,x
95485,B,1318,x
95487,C,1057,x
95488,D,1215,x
95489,C,1857,x
95490,D,1035,x
95491,C,1463,x
95493,B,1436,x
95494,C,1557,x
95497,A,1382,x
95499,D,1701,x
95501,B,1363,x
95502,B,1151,x
95503,B,1499,x
95505,D,1126,x
95507,C,1971,x
95508,C,1567,x
95509,D,1696,x
95511,C,1775,x
95512,C,1101,x
95514,B,1206,x
95516,B,1993,x
95518,B,1106,x
95519,D,1361,x
95520,A,1925,x
95522,B,1064,x
95523,A,1669,x
95525,A,1259,x
95526,D,1362,x
95527,D,1805,x
95528,B,1305,x
95530,B,1136,x
95531,A,1120,x
95532,C,1390,x
95533,B,1890,x
95534,C,1107,x
95537,D,1626,x
95539,C,1497,x
95540,A,1112,x
95541,C,1031,x
95542,B,1649,x
95545,D,1202,x
95546,C,1598,x
95547,C,1529,x
95548,D,1368,x
95550,B,1589,x
95553,D,1074,x
95554,A,1658,x
95555,A,1723,x
95556,D,1553,x
95557,D,1895,x
95558,A,1794,x
95559,A,1253,x
95560,A,1046,x
95561,B,1680,x
95562,C,1131,x
95565,A,1682,x
95568,B,1520,x
95569,D,1059,x
95572,C,1831,x
95574,C,1060,x
95575,A,1068,x
95576,D,1356,x
95577,A,1785,x
95578,A,1562,x
95584,C,1977,x
95585,D,1302,x
95588,D,1274,x
95589,D,1321,x
95590,B,1340,x
95595,D,1998,x
95597,C,1277,x
95598,B,1342,x
95600,D,1847,x
95602,B,1575,x
95605,D,1465,x
95607,B,1155,x
95609,D,1873,x
95610,C,1789,x
95611,A,1759,x
95612,A,1930,x
95613,C,1099,x
95615,D,1171,x
95619,B,1907,x
95620,A,1247,x
95623,C,1304,x
95624,B,1824,x
95625,A,1928,x
95627,A,1064,x
95628,D,1574,x
95632,C,1775,x
95634,B,1993,x
95637,C,1601,x
95639,B,1371,x
95640,D,1554,x
95642,C,1711,x
95644,D,1304,x
95645,C,1567,x
95646,D,1257,x
95647,A,1577,x
95648,B,1348,x
95651,A,1884,x
95652,C,1572,x
95653,A,1696,x
95654,B,1992,x
95656,B,1308,x
95659,C,1049,x
95662,B,1099,x
95663,B,1374,x
95664,D,1766,x
95665,B,1073,x
95666,A,1708,x
95667,B,1800,x
95668,A,1480,x
95672,C,1699,x
95673,D,1003,x
95675,B,1704,x
95676,D,1832,x
95677,D,1852,x
95679,C,1801,x
95680,B,1431,x
95683,B,1189,x
95684,D,1100,x
95685,C,1459,x
95686,A,1537,x
95687,D,1695,x
95689,A,1471,x
95690,D,1751,x
95691,C,1302,x
95695,C,1237,x
95696,A,1806,x
95697,C,1300,x
95698,B,1228,x
95700,B,1781,x
95701,B,1722,x
95702,A,1653,x
95704,A,1828,x
95706,C,1010,x
95709,C,1351,x
95710,D,1145,x
95712,A,1831,x
95713,D,1641,x
95714,B,1021,x
95717,C,1343,x
95718,D,1681,x
95720,B,1118,x
95722,B,1813,x
95726,D,1311,x
95727,D,1574,x
95728,C,1411,x
95732,B,1615,x
95733,A,1872,x
95734,A,1179,x
95735,D,1288,x
95737,C,1435,x
95739,D,1134,x
95741,B,1261,x
95742,B,1834,x
95746,C,1392,x
95751,A,1325,x
95752,A,1853,x
95753,B,1802,x
95754,D,1366,x
95755,A,1336,x
95759,A,1962,x
95762,D,1330,x
95763,A,1143,x
95765,B,1512,x
95768,B,1020,x
95771,D,1111,x
95772,A,1936,x
95774,A,1589,x
95775,B,1245,x
95777,C,1071,x
95783,D,1212,x
95784,D,1871,x
95785,A,1416,x
95786,D,1835,x
95789,A,1380,x
95793,B,1817,x
95796,C,1380,x
95797,D,1469,x
95800,B,1561,x
95801,B,1088,x
95805,B,1350,x
95807,A,1311,x
95809,B,1350,x
95812,C,1295,x
95813,B,1140,x
95814,A,1379,x
95816,B,1633,x
95821,C,1620,x
95827,B,1519,x
95829,C,1366,x
95830,D,1031,x
95832,B,1446,x
95833,D,1748,x
95834,D,1422,x
95835,D,1243,x
95836,A,1435,x
95838,A,1918,x
95840,B,1282,x
95843,A,1483,x
95845,C,1097,x
95846,B,1825,x
95849,D,1995,x
95850,A,1289,x
95854,C,1772,x
95856,A,1397,x
95857,C,1187,x
95858,B,1252,x
95862,B,1554,x
95863,B,1758,x
95864,D,1136,x
95865,D,1302,x
95866,D,1600,x
95867,A,1191,x
95870,B,1034,x
95871,D,1860,x
95872,B,1785,x
95874,C,1776,x
95875,C,1801,x
95876,C,1013,x
95878,B,1988,x
95879,C,1343,x
95881,D,1756,x
95885,A,1364,x
95886,D,1448,x
95888,C,1978,x
95889,A,1594,x
95890,B,1924,x
95891,C,1613,x
95895,A,1282,x
95896,D,1174,x
95898,A,1819,x
95900,B,1080,x
95901,C,1240,x
95904,C,1032,x
95905,C,1399,x
95908,A,1065,x
95911,D,1570,x
95912,B,1463,x
95915,C,1063,x
95916,C,1098,x
95918,D,1104,x
95923,A,1550,x
95924,B,1900,x
95925,C,1138,x
95926,A,1914,x
95927,A,1913,x
95932,A,1108,x
95933,B,1157,x
95934,C,1929,x
95941,C,1481,x
95942,A,1103,x
95945,C,1166,x
95946,B,1753,x
95948,B,1785,x
95949,D,1795,x
95953,C,1220,x
95955,A,1981,x
95958,A,1646,x
95963,D,1389,x
95964,A,1679,x
95970,C,1445,x
95974,C,1914,x
95977,C,1828,x
95978,A,1200,x
95979,B,1914,x
95981,A,1019,x
95982,D,1203,x
95985,C,1234,x
95986,A,1876,x
95987,D,1637,x
95988,B,1013,x
95989,B,1923,x
95991,C,1972,x
95992,C,1857,x
95994,A,1783,x
95995,A,1733,x
95997,B,1320,x
96004,B,1702,x
96005,A,1406,x
96006,B,1761,x
96009,B,1587,x
96011,B,1456,x
96012,B,1023,x
96013,D,1246,x
96015,C,1524,x
96017,B,1522,x
96018,B,1468,x
96019,D,1474,x
96020,B,1500,x
96022,C,1641,x
96023,C,1427,x
96024,D,1467,x
96025,D,1071,x
96026,A,1698,x
96030,D,1581,x
96032,D,1503,x
96033,D,1188,x
96034,D,1125,x
96037,A,1926,x
96039,A,1825,x
96041,B,1636,x
96042,C,1351,x
96043,C,1790,x
96044,A,1405,x
96045,C,1875,x
96047,C,1282,x
96050,D,1749,x
96052,C,1989,x
96053,D,1242,x
96054,C,1264,x
96055,D,1572,x
96056,B,1189,x
96061,C,1541,x
96062,C,1866,x
96064,D,1709,x
96071,B,1681,x
96075,C,1286,x
96076,B,1086,x
96077,B,1803,x
96083,D,1425,x
96084,B,1814,x
96088,C,1256,x
96089,B,1273,x
96091,A,1813,x
96092,B,1905,x
96098,C,1568,x
96100,D,1210,x
96102,B,1635,x
96103,B,1370,x
96104,B,1838,x
96105,C,1097,x
96106,D,1563,x
96107,B,1669,x
96108,A,1288,x
96114,B,1153,x
96115,A,1384,x
96116,B,1654,x
96124,C,1099,x
96125,A,1002,x
96127,B,1010,x
96128,A,1518,x
96131,A,1722,x
96132,D,1286,x
96137,B,1698,x
96143,A,1864,x
96144,B,1081,x
96145,D,1894,x
96146,B,1330,x
96147,C,1007,x
96150,A,1578,x
96152,A,1799,x
96153,C,1141,x
96157,B,1067,x
96158,D,1446,x
96159,C,1737,x
96160,A,1423,x
96161,A,1805,x
96163,A,1687,x
96165,B,1571,x
96166,A,1813,x
96167,C,1371,x
96169,C,1082,x
96171,A,1071,x
96173,C,1070,x
96174,A,1873,x
96176,C,1325,x
96184,C,1980,x
96185,A,1792,x
96186,C,1368,x
96188,B,1723,x
96189,D,1165,x
96193,B,1191,x
96197,B,1899,x
96198,C,1730,x
96199,C,1248,x
96201,C,1308,x
96203,B,1706,x
96208,A,1089,x
96210,C,1328,x
96211,D,1956,x
96212,C,1219,x
96218,D,1354,x
96220,A,1643,x
96222,C,1813,x
96223,D,1834,x
96224,C,1012,x
96225,B,1082,x
96226,A,1445,x
96227,D,1682,x
96229,A,1597,x
96230,C,1110,x
96232,C,1401,x
96233,B,1882,x
96234,B,1956,x
96236,C,1288,x
96238,A,1536,x
96241,A,1140,x
96243,D,1065,x
96245,B,1699,x
96246,D,1955,x
96248,B,1196,x
96250,C,1122,x
96251,C,1338,x
96254,D,1088,x
96256,A,1547,x
96258,D,1548,x
96259,B,1503,x
96262,A,1128,x
96263,C,1058,x
96266,B,1455,x
96267,D,1052,x
96269,A,1788,x
96270,A,1297,x
96271,D,1986,x
96274,C,1007,x
96277,C,1112,x
96284,A,1706,x
96285,B,1843,x
96286,B,1665,x
96289,A,1165,x
96290,B,1892,x
96291,C,1836,x
96293,D,1022,x
96296,D,1815,x
96297,A,1993,x
96299,B,1215,x
96301,D,1710,x
96302,D,1265,x
96303,B,1075,x
96304,B,1962,x
96306,B,1263,x
96307,B,1798,x
96312,D,1358,x
96313,A,1461,x
96314,D,1004,x
96315,A,1712,x
96319,B,1096,x
96320,D,1257,x
96321,D,1454,x
96327,A,1610,x
96329,D,1103,x
96330,C,1231,x
96334,B,1091,x
96335,A,1701,x
96338,B,1380,x
96345,C,1338,x
96347,D,1674,x
96348,D,1270,x
96352,C,1697,x
96354,B,1198,x
96355,B,1128,x
96357,C,1233,x
96359,D,1387,x
96360,C,1210,x
96362,D,1995,x
96364,C,1282,x
96366,D,1429,x
96367,A,1773,x
96368,A,1775,x
96370,D,1163,x
96371,B,1850,x
96372,A,1845,x
96380,B,1042,x
96382,A,1401,x
96383,B,1302,x
96384,D,1704,x
96386,B,1955,x
96388,D,1485,x
96389,C,1353,x
96391,B,1882,x
96392,A,1605,x
96394,B,1544,x
96397,C,1440,x
96398,D,1173,x
96403,C,1467,x
96404,B,1268,x
96407,A,1171,x
96408,C,1395,x
96409,D,1162,x
96410,D,1093,x
96411,C,1864,x
96413,D,1498,x
96414,B,1532,x
96416,B,1926,x
96419,B,1946,x
96423,D,1889,x
96426,B,1972,x
96428,D,1666,x
96430,D,1082,x
96433,B,1680,x
96434,D,1533,x
96436,D,1572,x
96438,A,1803,x
96440,A,1908,x
96444,D,1259,x
96446,D,1251,x
96447,A,1756,x
96449,A,1084,x
96450,C,1764,x
96451,B,1445,x
96453,D,1963,x
96455,B,1394,x
96456,B,1567,x
96457,A,1038,x
96458,A,1470,x
96466,C,1692,x
96468,B,1220,x
96476,C,1868,x
96479,B,1658,x
96480,D,1131,x
96481,A,1300,x
96482,A,1827,x
96486,B,1643,x
96489,B,1416,x
96490,B,1671,x
96491,D,1731,x
96492,B,1814,x
96493,A,1018,x
96494,D,1208,x
96495,C,1789,x
96497,A,1125,x
96498,A,1251,x
96501,D,1060,x
96503,C,1651,x
96504,A,1967,x
96508,D,1067,x
96509,A,1909,x
96510,A,1672,x
96511,B,1380,x
96513,C,1536,x
96515,A,1314,x
96518,A,1533,x
96519,A,1725,x
96520,A,1137,x
96525,C,1080,x
96528,D,1859,x
96529,C,1750,x
96533,B,1883,x
96534,B,1906,x
96535,B,1839,x
96540,B,1016,x
96543,B,1567,x
96545,A,1983,x
96546,B,1784,x
96547,B,1913,x
96548,A,1677,x
96549,C,1337,x
96552,C,1738,x
96556,D,1865,x
96557,D,1148,x
96562,C,1504,x
96565,C,1050,x
96567,C,1645,x
96569,D,1307,x
96571,A,1305,x
96574,C,1806,x
96576,B,1949,x
96577,B,1485,x
96579,D,1608,x
96580,C,1848,x
96581,D,1357,x
96582,B,1385,x
96586,A,1169,x
96587,D,1955,x
96588,A,1562,x
96590,D,1396,x
96591,C,1397,x
96592,B,1871,x
96595,B,1675,x
96596,B,1907,x
96600,A,1179,x
96601,B,1826,x
96602,A,1379,x
96603,B,1724,x
96607,B,1221,x
96608,C,1474,x
96609,C,1803,x
96610,D,1727,x
96612,B,1029,x
96614,C,1469,x
96615,B,1258,x
96616,A,1472,x
96620,D,1644,x
96621,C,1014,x
96624,C,1666,x
96625,A,1787,x
96626,D,1088,x
96628,A,1783,x
96631,D,1057,x
96633,B,1143,x
96634,C,1167,x
96636,A,1744,x
96637,B,1984,x
96638,C,1243,x
96640,C,1921,x
96645,C,1121,x
96646,B,1908,x
96647,D,1585,x
96648,A,1950,x
96649,D,1932,x
96652,A,1438,x
96653,B,1345,x
96654,B,1230,x
96655,C,1014,x
96658,A,1293,x
96661,C,1622,x
96662,C,1839,x
96663,A,1132,x
96664,C,1895,x
96667,A,1624,x
96668,C,1265,x
96669,B,1068,x
96670,D,1737,x
96671,C,1281,x
96672,B,1689,x
96674,A,1340,x
96676,B,1327,x
96678,D,1053,x
96680,B,1109,x
96682,C,1688,x
96684,D,1318,x
96685,B,1752,x
96686,D,1890,x
96687,B,1201,x
96690,B,1609,x
96691,B,1290,x
96693,B,1008,x
96695,C,1919,x
96696,C,1674,x
96698,D,1218,x
96699,C,1175,x
96706,D,1677,x
96707,B,1255,x
96709,A,1524,x
96710,D,1509,x
96711,D,1937,x
96713,A,1066,x
96715,C,1818,x
96716,B,1080,x
96717,B,1794,x
96720,B,1461,x
96723,C,1482,x
96724,D,1522,x
96726,A,1050,x
96728,D,1079,x
96729,D,1438,x
96736,A,1689,x
96737,A,1251,x
96740,C,1953,x
96741,A,1389,x
96744,D,1113,x
96745,B,1297,x
96747,D,1725,x
96750,A,1071,x
96751,C,1123,x
96752,B,1783,x
96753,B,1902,x
96754,C,1849,x
96755,C,1109,x
96756,B,1625,x
96757,A,1014,x
96760,A,1912,x
96761,B,1365,x
96765,A,1907,x
96766,A,1177,x
96767,A,1998,x
96770,D,1309,x
96779,B,1440,x
96780,A,1268,x
96782,A,1850,x
96785,C,1748,x
96787,A,1811,x
96790,C,1085,x
96794,A,1446,x
96795,B,1901,x
96796,C,1794,x
96798,B,1501,x
96803,C,1504,x
96805,B,1409,x
96808,C,1689,x
96810,A,1936,x
96812,B,1394,x
96813,D,1702,x
96814,B,1937,x
96817,C,1363,x
96818,C,1910,x
96820,A,1677,x
96821,A,1183,x
96824,D,1189,x
96827,C,1149,x
96828,A,1545,x
96830,D,1259,x
96831,B,1435,x
96834,D,1464,x
96836,D,1194,x
96840,B,1976,x
96841,B,1265,x
96842,D,1059,x
96843,B,1371,x
96844,C,1981,x
96846,C,1521,x
96847,C,1344,x
96850,C,1547,x
96851,C,1799,x
96853,C,1762,x
96858,D,1716,x
96859,B,1892,x
96860,C,1954,x
96862,A,1868,x
96864,A,1802,x
96867,D,1504,x
96870,D,1903,x
96871,D,1422,x
96872,C,1899,x
96874,B,1307,x
96876,D,1842,x
96878,A,1443,x
96879,A,1532,x
96883,A,1668,x
96887,B,1998,x
96889,A,1343,x
96890,B,1602,x
96895,B,1896,x
96896,A,1754,x
96899,C,1685,x
96901,A,1619,x
96902,D,1846,x
96903,B,1346,x
96904,C,1773,x
96906,D,1692,x
96907,A,1423,x
96908,A,1697,x
96910,C,1049,x
96911,D,1082,x
96912,D,1254,x
96913,A,1079,x
96915,A,1158,x
96916,C,1318,x
96917,D,1558,x
96919,A,1902,x
96920,C,1428,x
96923,D,1674,x
96926,A,1029,x
96927,A,1036,x
96928,B,1004,x
96929,B,1128,x
96931,B,1565,x
96933,D,1387,x
96934,C,1545,x
96937,A,1959,x
96938,A,1657,x
96939,D,1661,x
96941,C,1895,x
96942,B,1544,x
96945,B,1899,x
96946,C,1351,x
96947,A,1632,x
96948,A,1835,x
96951,C,1791,x
96952,B,1465,x
96953,A,1146,x
96954,A,1636,x
96956,D,1220,x
96957,A,1464,x
96958,B,1304,x
96959,C,1697,x
96962,C,1983,x
96964,B,1614,x
96967,D,1052,x
96969,B,1205,x
96972,B,1276,x
96973,B,1107,x
96975,D,1241,x
96976,D,1714,x
96979,C,1972,x
96981,A,1512,x
96983,C,1670,x
96984,D,1355,x
96986,A,1026,x
96987,C,1260,x
96991,C,1650,x
96993,A,1482,x
96995,A,1057,x
96996,C,1982,x
96998,D,1967,x
96999,B,1262,x
97001,D,1015,x
97002,D,1755,x
97003,A,1486,x
97005,C,1204,x
97007,A,1007,x
97008,B,1704,x
97010,B,1147,x
97011,D,1027,x
97016,C,1333,x
97017,C,1597,x
97019,B,1967,x
97020,D,1396,x
97022,A,1506,x
97023,C,1404,x
97024,D,1773,x
97026,D,1417,x
97027,B,1228,x
97031,A,1942,x
97033,C,1424,x
97036,D,1718,x
97039,B,1705,x
97040,C,1028,x
97043,B,1181,x
97045,A,1895,x
97047,C,1890,x
97050,A,1867,x
97053,B,1987,x
97055,D,1061,x
97056,A,1622,x
97057,A,1321,x
97059,A,1609,x
97060,A,1300,x
97062,A,1083,x
97063,B,1867,x
97067,D,1972,x
97070,A,1557,x
97072,D,1352,x
97073,C,1659,x
97077,C,1981,x
97079,B,1230,x
97082,B,1010,x
97086,C,1173,x
97092,B,1129,x
97093,D,1328,x
97094,D,1265,x
97095,C,1994,x
97099,A,1366,x
97101,B,1210,x
97103,C,1905,x
97105,D,1887,x
97106,B,1428,x
97109,D,1609,x
97110,D,1583,x
97112,B,1812,x
97113,D,1082,x
97114,C,1097,x
97115,A,1774,x
97116,B,1964,x
97117,D,1234,x
97120,D,1486,x
97121,B,1425,x
97122,C,1649,x
97125,D,1729,x
97128,A,1473,x
97131,B,1687,x
97134,B,1742,x
97135,B,1676,x
97136,A,1799,x
97142,B,1036,x
97143,B,1877,x
97145,B,1508,x
97146,B,1600,x
97147,A,1271,x
97148,A,1929,x
97149,B,1696,x
97150,C,1297,x
97151,C,1645,x
97155,A,1344,x
97156,C,1813,x
97157,C,1540,x
97158,A,1759,x
97165,B,1323,x
97172,B,1591,x
97175,D,1713,x
97176,A,1426,x
97179,B,1328,x
97181,C,1437,x
97182,D,1897,x
97184,D,1241,x
97185,D,1510,x
97186,B,1312,x
97187,B,1423,x
97188,A,1820,x
97190,C,1376,x
97191,B,1581,x
97194,A,1022,x
97195,A,1460,x
97196,D,1581,x
97197,B,1450,x
97205,C,1713,x
97206,B,1051,x
97208,C,1328,x
97209,D,1900,x
97211,D,1708,x
97212,C,1909,x
97213,C,1300,x
97214,B,1480,x
97215,A,1719,x
97216,A,1258,x
97220,D,1133,x
97221,D,1691,x
97222,C,1378,x
97223,A,1372,x
97226,D,1129,x
97227,C,1759,x
97231,D,1716,x
97232,B,1901,x
97235,C,1926,x
97236,D,1638,x
97239,C,1864,x
97240,B,1157,x
97241,C,1256,x
97242,A,1471,x
97245,D,1622,x
97246,C,1586,x
97249,D,1866,x
97250,A,1944,x
97251,B,1750,x
97254,D,1854,x
97255,A,1146,x
97257,A,1700,x
97258,C,1991,x
97262,D,1248,x
97265,C,1427,x
97268,B,1079,x
97269,A,1173,x
97270,C,1038,x
97271,D,1902,x
97272,A,1363,x
97273,D,1543,x
97274,C,1202,x
97276,A,1655,x
97278,B,1051,x
97280,D,1355,x
97281,A,1307,x
97282,D,1636,x
97283,C,1401,x
97284,D,1865,x
97285,A,1026,x
97286,C,1142,x
97288,B,1016,x
97289,A,1791,x
97290,A,1438,x
97291,D,1172,x
97292,C,1809,x
97293,C,1836,x
97294,B,1887,x
97295,B,1493,x
97297,A,1713,x
97298,D,1516,x
97299,A,1303,x
97301,B,1437,x
97303,B,1571,x
97305,A,1269,x
97308,B,1303,x
97309,D,1623,x
97311,C,1487,x
97314,D,1884,x
97315,C,1494,x
97317,A,1355,x
97319,C,1105,x
97322,B,1688,x
97324,C,1568,x
97328,A,1378,x
97332,B,1832,x
97333,D,1403,x
97334,A,1503,x
97339,A,1558,x
97341,B,1089,x
97345,A,1058,x
97348,C,1128,x
97351,D,1174,x
97352,B,1329,x
97354,A,1939,x
97358,D,1956,x
97361,C,1064,x
97362,B,1449,x
97363,B,1143,x
97366,D,1552,x
97367,B,1030,x
97370,B,1613,x
97372,D,1660,x
97373,D,1849,x
97374,D,1144,x
97375,B,1303,x
97383,D,1217,x
97385,B,1246,x
97387,A,1994,x
97388,C,1991,x
97390,D,1014,x
97399,A,1987,x
97400,D,1746,x
97404,C,1719,x
97410,A,1995,x
97412,B,1639,x
97413,A,1719,x
97417,B,1229,x
97418,B,1346,x
97420,B,1132,x
97421,D,1454,x
97423,B,1959,x
97426,B,1976,x
97427,D,1435,x
97428,C,1269,x
97431,D,1280,x
97432,B,1353,x
97433,B,1387,x
97434,B,1178,x
97436,C,1876,x
97437,C,1237,x
97438,D,1869,x
97440,B,1460,x
97442,B,1271,x
97446,A,1966,x
97447,A,1150,x
97448,A,1238,x
97449,A,1190,x
97450,A,1496,x
97451,C,1027,x
97453,C,1692,x
97454,B,1930,x
97455,C,1894,x
97459,D,1754,x
97461,C,1497,x
97462,C,1950,x
97463,A,1522,x
97468,D,1761,x
97470,B,1905,x
97471,B,1149,x
97472,A,1617,x
97474,C,1988,x
97475,A,1665,x
97476,A,1460,x
97477,C,1984,x
97484,D,1632,x
97485,C,1205,x
97487,D,1189,x
97490,C,1751,x
97494,C,1287,x
97495,D,1854,x
97500,A,1621,x
97502,B,1896,x
97503,C,1975,x
97504,D,1343,x
97505,A,1895,x
97506,D,1336,x
97509,B,1384,x
97511,B,1764,x
97514,C,1213,x
97516,B,1589,x
97517,D,1383,x
97518,C,1746,x
97519,C,1674,x
97520,A,1512,x
97522,A,1578,x
97525,D,1271,x
97526,D,1901,x
97527,A,1584,x
97528,D,1260,x
97533,C,1168,x
97534,C,1447,x
97535,C,1887,x
97537,A,1014,x
97541,A,1837,x
97542,C,1769,x
97543,C,1909,x
97544,D,1226,x
97546,B,1595,x
97547,A,1508,x
97548,A,1293,x
97549,B,1763,x
97550,B,1077,x
97552,C,1592,x
97554,C,1818,x
97555,A,1244,x
97561,A,1858,x
97564,B,1378,x
97565,C,1796,x
97566,C,1482,x
97569,C,1284,x
97571,D,1372,x
97573,C,1899,x
97574,C,1546,x
97575,C,1096,x
97579,C,1321,x
97584,D,1464,x
97586,B,1084,x
97591,B,1423,x
97597,B,1896,x
97606,B,1214,x
97607,A,1094,x
97609,C,1350,x
97611,B,1927,x
97612,B,1870,x
97615,A,1975,x
97617,D,1899,x
97618,C,1286,x
97620,A,1282,x
97621,A,1364,x
97624,A,1196,x
97625,A,1566,x
97626,A,1661,x
97628,D,1518,x
97630,B,1524,x
97631,D,1540,x
97632,B,1752,x
97633,B,1689,x
97635,C,1065,x
97636,B,1915,x
97637,D,1356,x
97638,C,1737,x
97640,A,1700,x
97644,C,1188,x
97648,D,1809,x
97651,B,1771,x
97652,A,1894,x
97653,B,1060,x
97656,A,1506,x
97657,D,1333,x
97659,C,1999,x
97660,B,1862,x
97661,D,1585,x
97662,A,1905,x
97667,C,1421,x
97669,A,1393,x
97670,C,1807,x
97672,C,1360,x
97673,D,1473,x
97674,D,1547,x
97676,B,1647,x
97677,A,1436,x
97682,B,1763,x
97683,A,1018,x
97685,B,1282,x
97686,B,1455,x
97691,C,1950,x
97693,C,1958,x
97695,A,1213,x
97697,D,1192,x
97702,C,1170,x
97703,B,1440,x
97704,C,1274,x
97705,C,1024,x
97706,D,1222,x
97707,C,1994,x
97708,A,1572,x
97713,D,1770,x
97714,B,1794,x
97715,B,1668,x
97716,A,1835,x
97718,C,1062,x
97719,C,1383,x
97720,A,1074,x
97722,B,1039,x
97725,C,1340,x
97726,C,1422,x
97729,B,1791,x
97730,C,1090,x
97732,B,1613,x
97734,B,1638,x
97737,A,1900,x
97738,B,1661,x
97740,A,1861,x
97743,D,1105,x
97746,A,1762,x
97747,C,1204,x
97749,C,1166,x
97751,C,1217,x
97752,D,1266,x
97753,C,1160,x
97754,D,1976,x
97755,D,1457,x
97758,C,1091,x
97759,B,1911,x
97760,D,1572,x
97761,D,1448,x
97762,B,1235,x
97763,D,1913,x
97765,A,1316,x
97767,D,1843,x
97769,B,1121,x
97770,C,1573,x
97773,C,1063,x
97775,B,1701,x
97776,A,1633,x
97777,B,1681,x
97778,A,1052,x
97786,A,1488,x
97787,B,1856,x
97788,C,1632,x
97790,D,1831,x
97792,B,1533,x
97793,B,1794,x
97794,C,1144,x
97797,C,1798,x
97801,A,1856,x
97802,C,1384,x
97803,D,1816,x
97805,C,1658,x
97806,D,1371,x
97809,C,1061,x
97810,D,1147,x
97811,C,1375,x
97812,C,1826,x
97813,B,1907,x
97816,C,1792,x
97817,D,1881,x
97818,C,1349,x
97819,B,1340,x
97820,D,1382,x
97821,D,1928,x
97823,D,1595,x
97824,A,1936,x
97825,D,1947,x
97826,C,1523,x
97828,B,1853,x
97829,C,1749,x
97831,B,1626,x
97834,C,1234,x
97836,C,1758,x
97839,D,1116,x
97840,C,1013,x
97842,D,1143,x
97845,D,1319,x
97846,C,1539,x
97847,D,1065,x
97848,B,1591,x
97849,B,1742,x
97852,A,1024,x
97853,A,1838,x
97854,D,1211,x
97855,D,1020,x
97856,B,1663,x
97858,D,1739,x
97859,B,1596,x
97860,C,1083,x
97862,D,1557,x
97863,B,1729,x
97864,C,1931,x
97867,D,1543,x
97871,C,1850,x
97872,D,1890,x
97874,B,1839,x
97877,A,1469,x
97878,A,1663,x
97879,C,1667,x
97880,B,1484,x
97882,D,1141,x
97887,B,1747,x
97888,A,1031,x
97890,C,1800,x
97891,B,1969,x
97892,A,1754,x
97894,D,1019,x
97895,D,1591,x
97900,D,1073,x
97901,A,1863,x
97903,C,1404,x
97904,D,1504,x
97905,D,1456,x
97906,A,1249,x
97907,A,1300,x
97909,A,1018,x
97911,D,1217,x
97912,C,1518,x
97913,B,1961,x
97915,C,1126,x
97916,D,1422,x
97917,C,1964,x
97919,B,1483,x
97920,D,1690,x
97923,B,1116,x
97924,B,1813,x
97925,C,1386,x
97927,B,1769,x
97928,A,1458,x
97930,B,1037,x
97934,B,1999,x
97936,B,1796,x
97939,C,1540,x
97940,A,1917,x
97941,D,1886,x
97942,B,1866,x
97943,D,1907,x
97944,B,1678,x
97945,A,1338,x
97947,A,1083,x
97951,D,1302,x
97957,B,1866,x
97958,D,1129,x
97961,A,1277,x
97963,D,1810,x
97965,A,1928,x
97969,B,1538,x
97970,B,1178,x
97973,C,1708,x
97974,C,1779,x
97977,D,1866,x
97982,D,1885,x
97983,A,1059,x
97986,D,1028,x
97987,B,1325,x
97988,D,1287,x
97990,B,1432,x
97991,A,1275,x
97995,C,1891,x
97996,B,1116,x
97997,A,1825,x
97998,B,1905,x
97999,D,1298,x
98000,A,1894,x
98001,B,1536,x
98004,D,1335,x
98005,B,1170,x
98006,C,1216,x
98008,C,1138,x
98009,D,1803,x
98010,C,1067,x
98012,D,1481,x
98013,C,1500,x
98014,B,1852,x
98015,B,1409,x
98016,C,1488,x
98017,C,1234,x
98018,C,1966,x
98019,D,1148,x
98021,C,1304,x
98023,D,1469,x
98024,C,1656,x
98028,A,1224,x
98029,D,1320,x
98032,D,1502,x
98034,A,1270,x
98036,B,1492,x
98037,A,1095,x
98039,B,1220,x
98042,A,1480,x
98043,D,1218,x
98045,B,1787,x
98047,B,1538,x
98048,B,1336,x
98049,C,1394,x
98050,A,1195,x
98051,C,1236,x
98052,A,1119,x
98053,C,1573,x
98055,D,1886,x
98056,A,1226,x
98058,C,1206,x
98059,A,1036,x
98060,B,1215,x
98061,C,1018,x
98062,B,1829,x
98064,C,1196,x
98066,B,1568,x
98070,B,1188,x
98072,C,1459,x
98077,D,1567,x
98079,D,1592,x
98085,D,1024,x
98086,B,1223,x
98088,A,1481,x
98091,A,1020,x
98093,B,1714,x
98094,C,1044,x
98097,C,1280,x
98098,D,1182,x
98101,D,1196,x
98102,D,1958,x
98103,B,1893,x
98104,B,1802,x
98105,A,1726,x
98106,B,1731,x
98108,B,1376,x
98110,B,1303,x
98111,D,1531,x
98112,C,1776,x
98113,A,1882,x
98117,A,1830,x
98118,C,1703,x
98121,D,1630,x
98122,C,1094,x
98123,D,1151,x
98124,C,1334,x
98130,A,1333,x
98132,C,1835,x
98135,D,1134,x
98137,B,1552,x
98144,C,1378,x
98152,D,1947,x
98154,A,1815,x
98156,A,1937,x
98157,A,1363,x
98158,C,1132,x
98159,A,1271,x
98162,A,1704,x
98164,C,1248,x
98165,D,1507,x
98167,B,1144,x
98168,A,1793,x
98169,B,1108,x
98171,D,1548,x
98174,B,1945,x
98175,D,1168,x
98176,B,1888,x
98177,D,1562,x
98178,A,1168,x
98183,B,1918,x
98184,D,1969,x
98186,A,1791,x
98187,D,1222,x
98189,A,1969,x
98191,B,1490,x
98192,C,1403,x
98194,C,1865,x
98196,C,1883,x
98198,B,1537,x
98200,C,1097,x
98208,C,1825,x
98209,D,1334,x
98210,A,1451,x
98212,A,1541,x
98215,D,1349,x
98216,D,1318,x
98219,C,1509,x
98220,C,1458,x
98221,B,1208,x
98223,C,1206,x
98224,C,1730,x
98228,C,1027,x
98230,B,1005,x
98231,B,1984,x
98234,A,1571,x
98235,D,1188,x
98238,A,1186,x
98240,D,1508,x
98241,B,1426,x
98243,B,1496,x
98245,C,1254,x
98246,D,1777,x
98250,D,1468,x
98251,D,1651,x
98252,B,1164,x
98254,B,1954,x
98255,A,1852,x
98258,D,1110,x
98263,D,1783,x
98265,B,1799,x
98267,C,1456,x
98270,B,1581,x
98271,A,1994,x
98272,A,1888,x
98275,D,1636,x
98276,A,1776,x
98277,C,1381,x
98278,A,1915,x
98279,D,1424,x
98283,D,1099,x
98285,C,1940,x
98286,B,1995,x
98287,A,1989,x
98288,B,1543,x
98290,B,1075,x
98291,A,1283,x
98294,D,1317,x
98295,C,1651,x
98296,B,1084,x
98298,C,1373,x
98301,A,1750,x
98302,B,1393,x
98306,C,1085,x
98307,C,1695,x
98311,A,1076,x
98312,A,1046,x
98313,B,1964,x
98314,B,1967,x
98316,B,1703,x
98317,C,1132,x
98318,C,1926,x
98319,A,1411,x
98322,D,1318,x
98323,D,1751,x
98326,D,1160,x
98328,D,1254,x
98329,D,1065,x
98332,C,1482,x
98334,D,1391,x
98341,D,1986,x
98342,A,1451,x
98343,C,1654,x
98344,A,1229,x
98345,D,1194,x
98346,C,1332,x
98348,D,1750,x
98352,A,1308,x
98353,D,1426,x
98355,A,1676,x
98356,C,1652,x
98360,D,1978,x
98363,D,1083,x
98364,B,1504,x
98368,C,1929,x
98370,C,1378,x
98372,C,1777,x
98373,D,1744,x
98375,C,1790,x
98377,C,1933,x
98379,C,1452,x
98381,A,1375,x
98382,D,1658,x
98383,A,1423,x
98387,A,1134,x
98388,D,1541,x
98389,B,1133,x
98390,B,1902,x
98393,D,1414,x
98396,D,1209,x
98398,B,1503,x
98399,A,1391,x
98400,D,1413,x
98403,C,1655,x
98404,C,1519,x
98406,B,1571,x
98407,B,1738,x
98412,B,1008,x
98413,B,1701,x
98415,D,1588,x
98417,A,1053,x
98420,D,1650,x
98421,C,1469,x
98422,B,1231,x
98424,A,1316,x
98425,C,1084,x
98427,D,1674,x
98428,C,1957,x
98429,C,1892,x
98432,D,1212,x
98434,A,1968,x
98437,B,1436,x
98438,B,1074,x
98439,D,1042,x
98442,B,1158,x
98447,D,1394,x
98448,C,1375,x
98453,A,1377,x
98456,C,1768,x
98457,B,1757,x
98458,D,1025,x
98460,A,1681,x
98461,B,1377,x
98464,D,1860,x
98465,A,1418,x
98466,A,1540,x
98470,D,1267,x
98471,B,1182,x
98474,B,1198,x
98477,A,1651,x
98480,A,1866,x
98481,B,1369,x
98482,B,1244,x
98483,B,1915,x
98487,A,1300,x
98488,D,1879,x
98489,C,1747,x
98490,B,1793,x
98492,C,1429,x
98493,C,1963,x
98495,A,1943,x
98497,B,1629,x
98501,A,1063,x
98502,B,1712,x
98503,A,1782,x
98504,A,1926,x
98505,D,1107,x
98506,D,1712,x
98509,D,1180,x
98512,A,1624,x
98516,B,1491,x
98517,C,1376,x
98522,B,1095,x
98524,A,1046,x
98525,B,1850,x
98527,B,1008,x
98530,B,1752,x
98533,A,1516,x
98534,A,1518,x
98535,B,1761,x
98537,A,1786,x
98538,C,1835,x
98539,D,1652,x
98540,B,1879,x
98541,C,1025,x
98542,D,1040,x
98547,B,1295,x
98548,A,1891,x
98551,A,1897,x
98552,C,1251,x
98553,B,1579,x
98554,C,1944,x
98559,D,1835,x
98560,B,1723,x
98561,B,1734,x
98562,B,1817,x
98565,B,1300,x
98566,A,1992,x
98567,D,1873,x
98570,C,1203,x
98571,D,1206,x
98573,D,1476,x
98576,A,1091,x
98579,B,1912,x
98580,B,1306,x
98582,D,1756,x
98583,C,1527,x
98588,B,1135,x
98592,D,1270,x
98593,C,1767,x
98594,A,1508,x
98595,D,1692,x
98598,B,1918,x
98600,A,1850,x
98602,C,1469,x
98607,A,1360,x
98608,D,1533,x
98609,A,1353,x
98612,C,1805,x
98613,C,1861,x
98614,B,1150,x
98617,B,1118,x
98618,B,1266,x
98620,D,1877,x
98622,C,1283,x
98626,A,1664,x
98627,B,1652,x
98628,C,1982,x
98633,A,1703,x
98634,D,1026,x
98635,C,1180,x
98636,D,1040,x
98639,B,1722,x
98641,A,1315,x
98643,D,1077,x
98644,D,1967,x
98645,C,1778,x
98647,D,1236,x
98649,C,1602,x
98654,C,1696,x
98657,B,1479,x
98658,C,1508,x
98659,D,1379,x
98661,A,1269,x
98662,A,1411,x
98663,B,1294,x
98664,B,1713,x
98665,C,1642,x
98667,D,1411,x
98668,D,1681,x
98669,C,1687,x
98671,B,1982,x
98674,A,1975,x
98675,C,1138,x
98676,B,1478,x
98677,C,1681,x
98678,D,1644,x
98679,D,1534,x
98681,B,1700,x
98682,C,1570,x
98683,C,1450,x
98684,D,1444,x
98685,A,1685,x
98689,D,1559,x
98692,A,1534,x
98694,A,1918,x
98695,A,1276,x
98696,C,1094,x
98697,D,1933,x
98699,B,1907,x
98702,A,1879,x
98703,A,1893,x
98704,D,1574,x
98706,B,1751,x
98709,C,1416,x
98711,A,1581,x
98715,A,1320,x
98717,B,1130,x
98719,C,1816,x
98721,B,1075,x
98722,C,1798,x
98723,D,1046,x
98725,B,1760,x
98726,D,1507,x
98728,A,1687,x
98731,C,1277,x
98732,D,1093,x
98737,C,1797,x
98738,C,1381,x
98743,B,1164,x
98744,A,1140,x
98746,B,1117,x
98747,B,1090,x
98748,B,1543,x
98754,C,1577,x
98762,D,1866,x
98763,B,1097,x
98766,D,1348,x
98767,D,1782,x
98770,B,1573,x
98772,C,1270,x
98774,B,1830,x
98778,B,1377,x
98779,C,1441,x
98780,C,1832,x
98787,A,1608,x
98788,D,1712,x
98790,C,1867,x
98794,A,1899,x
98795,A,1191,x
98797,C,1884,x
98798,D,1328,x
98800,D,1145,x
98806,C,1042,x
98809,D,1308,x
98811,A,1300,x
98812,B,1870,x
98813,B,1882,x
98815,C,1572,x
98816,C,1302,x
98818,D,1554,x
98819,C,1036,x
98820,C,1482,x
98821,D,1915,x
98823,B,1680,x
98824,A,1631,x
98829,B,1679,x
98832,D,1401,x
98838,D,1755,x
98839,C,1622,x
98840,C,1309,x
98850,A,1476,x
98852,B,1256,x
98853,C,1291,x
98854,D,1752,x
98855,B,1724,x
98856,B,1858,x
98857,C,1826,x
98859,B,1702,x
98860,A,1902,x
98861,B,1368,x
98863,A,1158,x
98864,D,1577,x
98865,D,1284,x
98868,B,1226,x
98869,D,1891,x
98872,D,1232,x
98874,C,1786,x
98875,A,1950,x
98877,B,1668,x
98879,A,1853,x
98880,C,1383,x
98881,C,1585,x
98882,D,1752,x
98883,B,1813,x
98884,A,1150,x
98886,C,1714,x
98887,C,1841,x
98888,D,1995,x
98892,A,1776,x
98894,B,1363,x
98895,C,1549,x
98897,B,1394,x
98898,D,1542,x
98899,B,1203,x
98902,A,1051,x
98903,D,1180,x
98904,B,1708,x
98909,C,1838,x
98913,B,1411,x
98914,D,1386,x
98915,B,1932,x
98920,C,1396,x
98922,B,1842,x
98923,A,1424,x
98926,C,1561,x
98927,D,1485,x
98929,C,1114,x
98931,C,1081,x
98933,A,1625,x
98934,C,1603,x
98938,B,1635,x
98940,C,1151,x
98941,B,1448,x
98942,B,1213,x
98944,A,1812,x
98946,A,1589,x
98949,B,1965,x
98951,B,1511,x
98954,A,1749,x
98956,D,1607,x
98957,C,1112,x
98959,A,1905,x
98961,B,1849,x
98963,A,1627,x
98965,D,1225,x
98966,B,1320,x
98967,B,1380,x
98968,C,1752,x
98970,C,1513,x
98971,A,1168,x
98972,B,1246,x
98974,A,1675,x
98977,A,1584,x
98978,C,1620,x
98979,B,1379,x
98983,C,1788,x
98984,B,1630,x
98986,C,1753,x
98987,A,1802,x
98988,A,1935,x
98989,D,1643,x
98990,D,1021,x
98991,C,1290,x
98992,D,1120,x
98993,C,1614,x
98994,C,1012,x
98995,D,1614,x
98998,A,1978,x
98999,C,1076,x
99003,D,1361,x
99005,D,1279,x
99007,A,1669,x
99009,A,1899,x
99010,A,1124,x
99011,C,1647,x
99014,C,1262,x
99015,A,1084,x
99017,C,1055,x
99018,C,1421,x
99019,D,1805,x
99020,C,1749,x
99021,B,1616,x
99022,B,1485,x
99023,B,1341,x
99026,B,1420,x
99028,D,1790,x
99030,B,1748,x
99031,B,1371,x
99035,C,1641,x
99036,A,1800,x
99037,A,1450,x
99038,D,1832,x
99039,D,1749,x
99040,C,1073,x
99042,B,1813,x
99043,D,1714,x
99044,B,1138,x
99049,C,1120,x
99051,B,1430,x
99052,C,1179,x
99053,A,1752,x
99054,C,1969,x
99055,C,1100,x
99057,A,1080,x
99059,B,1684,x
99061,B,1455,x
99062,D,1259,x
99063,C,1680,x
99064,B,1791,x
99068,A,1478,x
99071,C,1028,x
99072,C,1519,x
99073,A,1261,x
99074,B,1051,x
99076,A,1130,x
99077,B,1505,x
99079,A,1388,x
99081,D,1386,x
99082,A,1205,x
99083,D,1685,x
99085,B,1015,x
99088,C,1814,x
99090,A,1310,x
99091,D,1047,x
99092,B,1811,x
99093,D,1022,x
99094,A,1677,x
99095,C,1898,x
99099,B,1430,x
99102,A,1342,x
99104,C,1600,x
99106,C,1267,x
99107,D,1818,x
99110,A,1193,x
99111,B,1372,x
99113,C,1627,x
99114,A,1690,x
99115,C,1651,x
99116,B,1045,x
99117,C,1221,x
99119,B,1611,x
99122,C,1553,x
99124,C,1210,x
99125,D,1361,x
99127,D,1078,x
99128,D,1462,x
99130,A,1839,x
99131,C,1488,x
99132,A,1983,x
99134,C,1098,x
99137,A,1524,x
99142,B,1692,x
99144,C,1212,x
99146,D,1763,x
99150,C,1145,x
99151,A,1290,x
99153,B,1934,x
99154,C,1758,x
99155,A,1008,x
99157,A,1982,x
99161,A,1043,x
99167,C,1912,x
99172,C,1641,x
99173,B,1924,x
99174,C,1698,x
99176,C,1563,x
99179,A,1573,x
99184,C,1458,x
99187,A,1246,x
99188,A,1645,x
99189,B,1449,x
99191,D,1442,x
99192,B,1160,x
99193,C,1385,x
99195,C,1932,x
99196,C,1746,x
99197,D,1314,x
99200,C,1651,x
99201,C,1720,x
99202,C,1869,x
99204,B,1404,x
99205,B,1758,x
99206,A,1156,x
99210,A,1298,x
99211,D,1602,x
99212,B,1563,x
99214,C,1405,x
99216,D,1602,x
99219,B,1245,x
99223,D,1875,x
99224,D,1868,x
99226,B,1542,x
99232,A,1620,x
99233,D,1054,x
99235,A,1588,x
99238,B,1279,x
99239,B,1434,x
99241,D,1659,x
99242,C,1819,x
99243,A,1863,x
99246,C,1508,x
99248,B,1135,x
99249,B,1227,x
99250,B,1638,x
99251,A,1265,x
99253,A,1870,x
99257,D,1687,x
99259,B,1706,x
99262,A,1637,x
99264,B,1132,x
99265,C,1707,x
99267,D,1103,x
99268,B,1397,x
99269,B,1238,x
99271,A,1011,x
99273,A,1967,x
99274,D,1214,x
99275,C,1777,x
99276,D,1424,x
99277,C,1348,x
99281,B,1640,x
99282,C,1999,x
99283,B,1038,x
99285,C,1723,x
99297,D,1828,x
99300,A,1591,x
99301,A,1644,x
99303,B,1257,x
99304,C,1230,x
99306,D,1097,x
99310,A,1462,x
99311,C,1038,x
99312,D,1470,x
99315,D,1497,x
99316,A,1415,x
99317,D,1872,x
99318,A,1136,x
99319,A,1064,x
99320,B,1879,x
99325,A,1752,x
99326,C,1447,x
99329,C,1519,x
99333,C,1971,x
99335,A,1281,x
99336,D,1259,x
99338,B,1111,x
99339,C,1316,x
99342,C,1941,x
99343,D,1650,x
99345,A,1286,x
99346,B,1648,x
99347,B,1409,x
99349,B,1360,x
99350,B,1341,x
99352,C,1211,x
99354,B,1244,x
99355,A,1348,x
99356,B,1565,x
99357,C,1664,x
99358,D,1059,x
99362,A,1407,x
99364,B,1631,x
99366,A,1583,x
99371,C,1846,x
99373,B,1641,x
99374,A,1056,x
99377,D,1525,x
99378,C,1484,x
99379,C,1275,x
99381,D,1104,x
99383,C,1330,x
99384,C,1080,x
99385,D,1409,x
99386,D,1600,x
99387,D,1668,x
99389,B,1688,x
99393,B,1540,x
99394,D,1799,x
99396,B,1710,x
99397,A,1832,x
99399,D,1870,x
99401,B,1050,x
99403,C,1363,x
99405,A,1969,x
99410,A,1991,x
99412,A,1519,x
99415,B,1203,x
99416,C,1616,x
99420,B,1081,x
99422,B,1618,x
99425,D,1067,x
99426,D,1062,x
99428,A,1624,x
99429,D,1935,x
99430,D,1859,x
99431,C,1709,x
99432,A,1971,x
99435,A,1134,x
99437,D,1036,x
99438,A,1085,x
99441,D,1513,x
99442,C,1897,x
99443,C,1559,x
99444,B,1196,x
99445,D,1849,x
99448,B,1349,x
99450,C,1934,x
99451,A,1983,x
99452,B,1887,x
99453,B,1271,x
99455,C,1851,x
99462,B,1368,x
99463,D,1761,x
99464,D,1328,x
99466,C,1492,x
99470,B,1123,x
99473,A,1591,x
99475,B,1886,x
99478,B,1183,x
99480,B,1444,x
99482,D,1368,x
99486,C,1751,x
99487,D,1964,x
99491,D,1599,x
99492,C,1074,x
99495,A,1882,x
99496,A,1727,x
99497,B,1053,x
99499,B,1711,x
99500,A,1891,x
99504,A,1196,x
99505,B,1783,x
99506,B,1001,x
99509,B,1168,x
99511,A,1676,x
99513,B,1902,x
99514,C,1288,x
99517,B,1201,x
99518,B,1806,x
99519,C,1789,x
99521,D,1724,x
99524,D,1926,x
99525,B,1656,x
99530,A,1824,x
99531,C,1208,x
99532,B,1448,x
99534,D,1930,x
99535,A,1122,x
99536,C,1722,x
99537,C,1796,x
99542,D,1598,x
99544,D,1344,x
99546,A,1380,x
99547,A,1175,x
99548,B,1995,x
99552,A,1127,x
99555,D,1642,x
99556,B,1131,x
99557,D,1328,x
99558,D,1658,x
99559,B,1525,x
99560,B,1506,x
99561,A,1681,x
99564,A,1591,x
99567,A,1830,x
99569,D,1468,x
99574,D,1269,x
99575,B,1448,x
99578,B,1915,x
99579,B,1020,x
99581,B,1320,x
99582,D,1781,x
99584,B,1017,x
99585,D,1450,x
99587,D,1140,x
99590,D,1226,x
99593,D,1326,x
99594,B,1758,x
99597,C,1111,x
99598,C,1746,x
99599,A,1635,x
99601,D,1741,x
99602,D,1732,x
99604,A,1205,x
99605,A,1260,x
99606,C,1370,x
99607,A,1564,x
99609,D,1483,x
99612,C,1532,x
99613,B,1717,x
99615,D,1072,x
99620,D,1592,x
99623,C,1418,x
99626,B,1029,x
99628,B,1825,x
99630,A,1225,x
99632,C,1483,x
99633,A,1825,x
99634,A,1989,x
99636,D,1296,x
99641,C,1191,x
99644,D,1402,x
99646,B,1520,x
99648,D,1529,x
99649,B,1159,x
99654,D,1842,x
99655,D,1016,x
99656,B,1223,x
99660,B,1151,x
99661,A,1356,x
99662,D,1279,x
99663,C,1719,x
99664,C,1663,x
99667,D,1882,x
99668,B,1094,x
99670,A,1609,x
99674,A,1985,x
99677,C,1241,x
99679,D,1435,x
99681,C,1888,x
99683,A,1707,x
99684,B,1116,x
99685,C,1014,x
99686,D,1651,x
99688,B,1658,x
99691,A,1964,x
99693,B,1908,x
99694,D,1411,x
99696,D,1993,x
99698,D,1564,x
99699,C,1021,x
99701,B,1069,x
99704,A,1832,x
99706,B,1694,x
99708,A,1494,x
99709,C,1466,x
99710,A,1594,x
99711,D,1403,x
99714,C,1809,x
99722,D,1009,x
99723,D,1956,x
99724,A,1688,x
99725,B,1553,x
99727,B,1285,x
99730,B,1393,x
99732,A,1226,x
99735,A,1394,x
99741,C,1675,x
99742,D,1359,x
99743,B,1168,x
99748,C,1332,x
99749,D,1983,x
99752,B,1001,x
99753,D,1939,x
99758,C,1300,x
99759,B,1381,x
99760,D,1300,x
99767,A,1196,x
99770,D,1525,x
99771,A,1643,x
99774,D,1405,x
99775,D,1166,x
99776,B,1015,x
99777,B,1453,x
99779,C,1574,x
99780,C,1567,x
99789,C,1577,x
99792,B,1430,x
99794,A,1332,x
99796,B,1401,x
99798,A,1280,x
99799,C,1605,x
99800,B,1391,x
99801,C,1765,x
99803,B,1387,x
99806,B,1223,x
99808,B,1456,x
99809,C,1614,x
99810,A,1323,x
99811,C,1586,x
99813,A,1453,x
99815,C,1141,x
99816,D,1289,x
99824,D,1652,x
99826,C,1577,x
99828,C,1769,x
99830,C,1716,x
99831,D,1260,x
99832,B,1853,x
99833,D,1682,x
99838,D,1958,x
99839,C,1963,x
99840,C,1036,x
99841,C,1610,x
99842,D,1965,x
99843,B,1706,x
99844,A,1849,x
99845,A,1496,x
99846,C,1911,x
99847,B,1244,x
99851,A,1261,x
99853,D,1360,x
99857,C,1207,x
99858,A,1825,x
99859,A,1132,x
99860,C,1519,x
99866,C,1184,x
99869,A,1804,x
99870,D,1761,x
99872,D,1390,x
99873,A,1956,x
99874,C,1538,x
99876,B,1189,x
99877,B,1277,x
99880,A,1174,x
99883,A,1119,x
99886,B,1050,x
99889,B,1520,x
99890,C,1767,x
99891,D,1836,x
99894,A,1321,x
99896,B,1534,x
99898,C,1658,x
99900,C,1226,x
99901,C,1614,x
99902,D,1084,x
99903,C,1643,x
99904,C,1690,x
99906,B,1710,x
99907,B,1308,x
99909,C,1822,x
99917,C,1800,x
99919,C,1608,x
99921,A,1254,x
99922,D,1304,x
99925,B,1168,x
99927,C,1003,x
99932,D,1239,x
99933,A,1188,x
99934,D,1773,x
99936,B,1500,x
99937,C,1639,x
99940,A,1276,x
99942,A,1185,x
99943,C,1965,x
99945,B,1527,x
99946,A,1991,x
99948,B,1527,x
99953,A,1399,x
99954,D,1989,x
99955,B,1271,x
99956,C,1645,x
99958,A,1279,x
99963,C,1786,x
99964,B,1031,x
99965,A,1062,x
99970,C,1984,x
99972,A,1951,x
99973,A,1857,x
99975,D,1458,x
99976,B,1252,x
99981,D,1049,x
99982,B,1230,x
99984,C,1302,x
99987,A,1467,x
99994,C,1906,x
99996,B,1717,x
99997,D,1887,x
99999,C,1543,x
